Id,MSSubClass,MSZoning,LotFrontage,LotArea,Street,LotShape,LandContour,Utilities,LotConfig,LandSlope,Neighborhood,Condition1,Condition2,BldgType,HouseStyle,OverallQual,OverallCond,YearBuilt,YearRemodAdd,RoofStyle,RoofMatl,Exterior1st,Exterior2nd,MasVnrArea,ExterQual,ExterCond,Foundation,BsmtQual,BsmtCond,BsmtExposure,BsmtFinType1,BsmtFinSF1,BsmtFinType2,BsmtUnfSF,Heating,HeatingQC,CentralAir,Electrical,1stFlrSF,2ndFlrSF,BedroomAbvGr,KitchenAbvGr,KitchenQual,Functional,Fireplaces,FireplaceQu,GarageType,GarageFinish,GarageCars,GarageQual,GarageCond,PavedDrive,WoodDeckSF,PoolArea,MiscVal,MoSold,YrSold,SaleType,SaleCondition,SalePrice,QualArea,TotalBath,TotalPorchSF,HouseAge,RemodAge,IsRemodeled
255,3.044522437723423,RL,4.2626798770413155,9.036106025364846,Pave,Reg,Lvl,AllPub,Inside,Gtl,NAmes,Norm,Norm,1Fam,1Story,5,6,1957,1957,Gable,CompShg,MetalSd,MetalSd,0.0,TA,Gd,CBlock,TA,TA,No,Rec,6.827629234502852,Unf,5.973809611869261,GasA,TA,Y,SBrkr,7.181591944611865,0.0,3,0.6931471805599453,TA,Typ,0,NA,Attchd,RFn,1,TA,TA,Y,5.5254529391317835,0.0,0.0,6,2010,WD,Normal,145000,8.790421306897867,2.0,0.0,53,53,0
1067,4.110873864173311,RL,4.0943445622221,8.966738978759576,Pave,IR1,Lvl,AllPub,Inside,Gtl,Gilbert,Norm,Norm,1Fam,2Story,6,7,1993,1994,Gable,CompShg,VinylSd,VinylSd,0.0,Gd,TA,PConc,Gd,TA,No,Unf,0.0,Unf,6.684611727667927,GasA,Gd,Y,SBrkr,6.684611727667927,6.650279048587422,3,0.6931471805599453,TA,Typ,1,TA,Attchd,RFn,2,TA,TA,Y,0.0,0.0,0.0,5,2009,WD,Normal,178000,9.15133319139615,2.5,3.713572066704308,16,15,1
639,3.4339872044851463,RL,4.219507705176107,9.080003870248179,Pave,Reg,Lvl,AllPub,Inside,Gtl,Edwards,Feedr,Norm,1Fam,1Story,5,7,1910,1950,Gable,CompShg,MetalSd,Wd Sdng,0.0,TA,TA,CBlock,Fa,TA,No,Unf,0.0,Unf,6.680854678790215,GasA,Gd,Y,FuseA,6.680854678790215,0.0,2,0.6931471805599453,TA,Typ,0,NA,NA,NA,0,NA,NA,P,5.796057750765372,0.0,0.0,5,2008,WD,Normal,85000,8.289288323000317,1.0,5.10594547390058,98,58,1
800,3.9318256327243257,RL,4.110873864173311,8.881975184248867,Pave,Reg,Lvl,AllPub,Corner,Gtl,SWISU,Feedr,Norm,1Fam,1.5Fin,5,7,1937,1950,Gable,CompShg,Wd Sdng,Wd Sdng,5.53338948872752,TA,TA,BrkTil,Gd,TA,No,ALQ,6.345636360828596,Unf,5.093750200806762,GasA,Ex,Y,SBrkr,6.889591308354466,6.669498089857879,3,0.6931471805599453,Gd,Typ,2,TA,Detchd,Unf,1,TA,TA,Y,0.0,0.0,0.0,6,2007,WD,Normal,175000,9.087155271405804,2.5,5.579729825986222,70,57,1
381,3.9318256327243257,RL,3.9318256327243257,8.517393171418904,Pave,Reg,Lvl,AllPub,Inside,Gtl,SWISU,Norm,Norm,1Fam,1.5Fin,5,6,1924,1950,Gable,CompShg,BrkFace,Wd Sdng,0.0,TA,TA,BrkTil,TA,TA,No,LwQ,5.389071729816501,Unf,6.695798917058491,GasA,TA,Y,SBrkr,6.934397209928558,6.501289670540389,3,0.6931471805599453,Gd,Typ,1,Gd,Detchd,Unf,1,TA,TA,Y,0.0,0.0,0.0,5,2010,WD,Normal,127000,9.042631527550073,2.0,5.493061443340548,86,60,1
304,3.044522437723423,RL,4.2626798770413155,9.19023970026918,Pave,Reg,Lvl,AllPub,Corner,Gtl,CollgCr,Norm,Norm,1Fam,1Story,5,7,1972,1972,Gable,CompShg,VinylSd,VinylSd,0.0,TA,TA,PConc,TA,TA,No,ALQ,6.796823718274855,Unf,0.0,GasA,TA,Y,SBrkr,6.796823718274855,0.0,3,0.6931471805599453,TA,Typ,0,NA,Attchd,Unf,2,TA,TA,Y,5.54907608489522,0.0,0.0,7,2006,WD,Abnorml,149900,8.405367376233981,2.0,0.0,34,34,0
87,4.110873864173311,RL,4.812184355372417,9.385301574363845,Pave,IR2,Lvl,AllPub,Inside,Gtl,Gilbert,Norm,Norm,1Fam,2Story,6,5,2005,2005,Gable,CompShg,VinylSd,VinylSd,0.0,Gd,TA,PConc,Gd,TA,Av,Unf,0.0,Unf,6.529418838262226,GasA,Ex,Y,SBrkr,6.529418838262226,6.776506992372183,3,0.6931471805599453,Gd,Typ,1,Gd,BuiltIn,Fin,2,TA,TA,Y,4.61512051684126,0.0,0.0,3,2009,WD,Normal,174000,9.144307401371744,2.5,3.6635616461296463,4,4,0
1386,3.9318256327243257,RM,3.713572066704308,8.600982717145921,Pave,Reg,Lvl,AllPub,Inside,Gtl,IDOTRR,Norm,Norm,1Fam,1.5Fin,4,8,1922,2007,Gable,CompShg,VinylSd,VinylSd,0.0,TA,Gd,BrkTil,TA,TA,No,BLQ,6.601230118728877,Unf,4.127134385045092,GasA,Gd,Y,SBrkr,6.680854678790215,5.883322388488279,3,0.6931471805599453,Gd,Typ,0,NA,Detchd,Unf,1,TA,TA,N,0.0,0.0,0.0,5,2010,WD,Normal,125500,8.43750042250699,2.0,4.574710978503383,88,3,1
266,3.044522437723423,RL,4.3694478524670215,9.400216653174247,Pave,IR1,Lvl,AllPub,Inside,Gtl,NWAmes,Norm,Norm,1Fam,1Story,6,6,1981,1981,Gable,CompShg,MetalSd,MetalSd,5.351858133476067,TA,Gd,CBlock,Gd,TA,No,GLQ,6.3784261836515865,LwQ,6.408528791059498,GasA,TA,Y,SBrkr,7.260522598089852,0.0,3,0.6931471805599453,Gd,Typ,1,TA,Attchd,Fin,2,TA,TA,Y,5.6240175061873385,0.0,0.0,6,2008,WD,Normal,175500,9.051696278536586,2.0,0.0,27,27,0
794,3.044522437723423,RL,4.343805421853684,9.122492281402987,Pave,Reg,Lvl,AllPub,Inside,Gtl,Somerst,Norm,Norm,1Fam,1Story,8,5,2007,2007,Gable,CompShg,CemntBd,CmentBd,4.948759890378168,Gd,TA,PConc,Gd,TA,Av,Unf,0.0,Unf,7.311218384419629,GasA,Ex,Y,SBrkr,7.311218384419629,0.0,3,0.6931471805599453,Gd,Typ,0,NA,Attchd,Fin,2,TA,TA,Y,5.1298987149230735,0.0,0.0,6,2007,New,Partial,225000,9.39007525287337,2.0,4.875197323201151,0,0,0
1446,4.454347296253507,RL,4.2626798770413155,9.036106025364846,Pave,Reg,Lvl,AllPub,Inside,Gtl,Sawyer,Norm,Norm,1Fam,SFoyer,6,5,1966,1966,Gable,CompShg,VinylSd,VinylSd,0.0,TA,TA,CBlock,TA,TA,Gd,LwQ,5.236441962829949,Rec,0.0,GasA,Gd,Y,SBrkr,6.81783057145415,0.0,3,0.6931471805599453,TA,Typ,0,NA,Detchd,Unf,1,TA,TA,Y,0.0,0.0,0.0,5,2007,WD,Normal,129000,8.608677881538416,2.0,5.53338948872752,41,41,0
809,4.394449154672439,RL,4.454347296253507,9.503084610020228,Pave,Reg,Lvl,AllPub,Inside,Gtl,NAmes,Norm,Norm,1Fam,SLvl,5,5,1966,1966,Gable,CompShg,VinylSd,VinylSd,6.954638864880987,TA,TA,CBlock,TA,TA,Av,ALQ,6.248042874508429,BLQ,5.942799375126701,GasA,TA,Y,SBrkr,6.99117688712121,0.0,3,0.6931471805599453,TA,Typ,1,Gd,Attchd,RFn,2,TA,TA,Y,0.0,0.0,0.0,6,2006,WD,Normal,159950,8.599878558034845,2.0,0.0,40,40,0
1100,3.044522437723423,RL,4.418840607796598,9.382695764458287,Pave,IR1,Lvl,AllPub,Inside,Gtl,NWAmes,RRAn,Norm,1Fam,1Story,7,5,1978,1978,Gable,CompShg,Plywood,Plywood,5.332718793265369,TA,TA,CBlock,Gd,TA,No,ALQ,6.558197802812269,Unf,6.342121418721152,GasA,TA,Y,SBrkr,7.379008127628304,0.0,3,0.6931471805599453,TA,Typ,1,TA,Attchd,RFn,2,TA,TA,Y,0.0,0.0,0.0,4,2009,COD,Abnorml,157000,9.324383088016843,2.0,0.0,31,31,0
606,4.110873864173311,RL,4.454347296253507,9.517898598432753,Pave,Reg,Lvl,AllPub,Inside,Gtl,NAmes,Norm,Norm,1Fam,2Story,7,6,1965,1990,Gable,CompShg,HdBoard,HdBoard,5.176149732573829,TA,TA,CBlock,TA,TA,No,BLQ,6.12029741895095,Unf,5.752572638825633,GasA,TA,Y,SBrkr,7.079184394609668,6.68586094706836,3,0.6931471805599453,TA,Typ,3,Fa,Attchd,Unf,2,TA,TA,Y,0.0,0.0,0.0,10,2009,WD,Normal,205000,9.539859923169542,2.5,5.44673737166631,44,19,1
702,3.044522437723423,RL,4.394449154672439,9.169622538697624,Pave,Reg,Lvl,AllPub,Inside,Gtl,NWAmes,Norm,Norm,1Fam,1Story,7,5,1969,1969,Hip,CompShg,HdBoard,HdBoard,5.1298987149230735,TA,TA,CBlock,TA,TA,No,Unf,0.0,Unf,7.060476365999801,GasA,TA,Y,SBrkr,7.060476365999801,0.0,3,0.6931471805599453,TA,Typ,0,NA,Attchd,Unf,2,TA,TA,Y,0.0,0.0,0.0,7,2006,COD,Normal,140000,9.00565049932022,1.5,0.0,37,37,0
222,4.110873864173311,RL,4.189654742026425,8.995784837848506,Pave,IR1,Lvl,AllPub,Inside,Gtl,Gilbert,Norm,Norm,1Fam,2Story,6,5,2002,2002,Gable,CompShg,VinylSd,VinylSd,0.0,Gd,TA,PConc,Gd,TA,No,Unf,0.0,Unf,6.918695219020472,GasA,Ex,Y,SBrkr,6.918695219020472,7.1372784372603855,4,0.6931471805599453,Gd,Typ,1,TA,BuiltIn,RFn,2,TA,TA,Y,4.795790545596741,0.0,0.0,12,2009,ConLI,Normal,200000,9.51804563563343,2.5,3.8501476017100584,7,7,0
114,3.044522437723423,RL,4.23410650459726,9.952325334619427,Pave,Reg,Bnk,AllPub,Corner,Gtl,Crawfor,Norm,Norm,1Fam,1Story,6,5,1953,1953,Hip,CompShg,Wd Sdng,Wd Sdng,5.220355825078324,TA,Gd,CBlock,Gd,TA,Mn,ALQ,3.58351893845611,Rec,6.80903930604298,GasA,TA,Y,SBrkr,7.723120092266331,0.0,3,0.6931471805599453,Gd,Typ,2,Gd,Basment,Unf,2,TA,TA,Y,5.117993812416755,0.0,0.0,10,2007,COD,Abnorml,217000,9.514510761932765,3.0,5.746203190540153,54,54,0
549,3.044522437723423,RM,3.912023005428146,9.01627006814768,Pave,IR1,HLS,AllPub,Inside,Gtl,OldTown,Feedr,RRNn,1Fam,1Story,5,7,1955,1995,Gable,CompShg,MetalSd,MetalSd,0.0,TA,Gd,CBlock,TA,TA,No,LwQ,5.198497031265826,Rec,0.0,GasA,TA,Y,SBrkr,6.716594773520978,0.0,2,0.6931471805599453,TA,Typ,0,NA,Detchd,RFn,2,TA,TA,Y,4.948759890378168,0.0,0.0,6,2008,WD,Normal,125000,8.325063693631197,2.0,3.9318256327243257,53,13,1
1074,4.110873864173311,RL,4.330733340286331,8.981052985901483,Pave,IR1,Bnk,AllPub,Corner,Gtl,Edwards,Norm,Norm,1Fam,2Story,6,6,1977,1977,Hip,CompShg,HdBoard,Plywood,4.948759890378168,TA,TA,CBlock,TA,TA,No,BLQ,6.284134161070802,Unf,5.049856007249537,GasA,TA,Y,SBrkr,6.54965074223381,6.591673732008658,3,0.6931471805599453,TA,Typ,0,NA,Attchd,Fin,2,TA,TA,Y,5.53338948872752,0.0,0.0,7,2009,WD,Normal,159500,9.054504940418054,1.5,0.0,32,32,0
175,3.044522437723423,RL,3.871201010907891,9.426821780416843,Pave,IR1,Lvl,AllPub,Inside,Gtl,Timber,Norm,Norm,1Fam,1Story,6,5,1986,1986,Gable,CompShg,VinylSd,Plywood,4.890349128221754,TA,TA,CBlock,Gd,Fa,No,ALQ,7.243512974665482,LwQ,0.0,GasA,TA,Y,SBrkr,7.409741954080923,0.0,3,0.6931471805599453,TA,Min2,1,TA,Attchd,Fin,2,TA,TA,Y,5.262690188904886,0.0,0.0,11,2008,WD,Normal,184000,9.20099685697303,3.0,0.0,22,22,0
515,3.828641396489095,RL,4.02535169073515,9.2681374707024,Pave,Reg,Lvl,AllPub,Inside,Gtl,Crawfor,Norm,Norm,1Fam,1.5Unf,5,5,1926,1950,Gable,CompShg,Wd Sdng,Wd Sdng,0.0,TA,TA,BrkTil,TA,TA,No,Unf,0.0,Unf,6.645090969505644,Grav,Fa,N,SBrkr,6.672032945461067,0.0,2,0.6931471805599453,TA,Typ,0,NA,Detchd,Unf,1,Po,Po,Y,0.0,0.0,0.0,6,2007,WD,Normal,96500,8.28045768658256,1.0,4.727387818712341,81,57,1
1351,4.51085950651685,RL,4.5217885770490405,9.362546304865514,Pave,Reg,Lvl,AllPub,Inside,Gtl,NAmes,Artery,Norm,Duplex,2Story,5,5,1969,1969,Gable,CompShg,MetalSd,MetalSd,5.910796644040527,TA,TA,CBlock,TA,TA,No,LwQ,6.2166061010848646,Unf,6.618738983517219,GasA,TA,Y,SBrkr,7.199678345691172,7.167809184316444,6,1.0986122886681098,TA,Typ,0,NA,Detchd,Unf,4,TA,TA,Y,0.0,0.0,0.0,8,2009,WD,Normal,200000,9.485772721999046,4.5,0.0,40,40,0
1146,3.9318256327243257,RM,3.970291913552122,8.738895704934043,Pave,Reg,Lvl,AllPub,Inside,Gtl,BrkSide,Norm,Norm,1Fam,1.5Fin,5,6,1928,1950,Gable,CompShg,MetalSd,MetalSd,0.0,TA,TA,BrkTil,TA,TA,No,Unf,0.0,Unf,6.949856455000773,GasA,Ex,Y,SBrkr,6.949856455000773,6.282266746896006,3,0.6931471805599453,TA,Typ,1,Gd,Detchd,Unf,1,TA,TA,Y,0.0,0.0,0.0,8,2006,WD,Family,149000,8.97221007835365,1.0,0.0,78,56,1
966,4.110873864173311,RL,4.189654742026425,9.233861567017529,Pave,Reg,Lvl,AllPub,Inside,Gtl,Gilbert,RRAn,Norm,1Fam,2Story,6,5,2005,2007,Gable,CompShg,VinylSd,VinylSd,0.0,Gd,TA,PConc,Gd,TA,No,Unf,0.0,Unf,6.664409020350408,GasA,Ex,Y,SBrkr,6.664409020350408,6.553933404025811,3,0.6931471805599453,Gd,Typ,1,Gd,Attchd,Fin,2,TA,TA,Y,0.0,0.0,0.0,7,2007,New,Partial,178900,9.094368195723762,2.5,4.290459441148391,2,0,1
937,3.044522437723423,RL,4.219507705176107,9.218705288307811,Pave,Reg,Lvl,AllPub,Inside,Gtl,SawyerW,Norm,Norm,1Fam,1Story,7,5,2003,2003,Gable,CompShg,VinylSd,VinylSd,0.0,Gd,TA,PConc,Gd,TA,No,GLQ,6.726233402358747,Unf,5.840641657373398,GasA,Ex,Y,SBrkr,7.0909098220799835,0.0,2,0.6931471805599453,Gd,Typ,0,NA,Attchd,RFn,2,TA,TA,Y,0.0,0.0,0.0,8,2009,WD,Normal,184900,9.036106025364846,3.0,3.7376696182833684,6,6,0
286,5.081404364984463,FV,3.58351893845611,8.355144739461839,Pave,IR1,Lvl,AllPub,Inside,Gtl,Somerst,Norm,Norm,TwnhsE,2Story,7,5,2006,2007,Gable,CompShg,MetalSd,MetalSd,0.0,Gd,TA,PConc,Gd,TA,No,Unf,0.0,Unf,6.439350371100098,GasA,Ex,Y,SBrkr,6.439350371100098,6.439350371100098,2,0.6931471805599453,Gd,Typ,0,NA,Detchd,RFn,2,TA,TA,Y,0.0,0.0,0.0,6,2007,New,Partial,164700,9.076923258535832,2.5,4.007333185232471,1,0,1
1311,3.044522437723423,RL,4.61512051684126,9.770013301136158,Pave,Reg,Lvl,AllPub,Inside,Gtl,Crawfor,PosA,Norm,1Fam,1Story,7,8,1959,2002,Gable,CompShg,BrkFace,HdBoard,0.0,Gd,Gd,PConc,Gd,TA,Av,GLQ,7.249215057114389,Unf,6.208590026096629,GasA,TA,Y,SBrkr,7.551186867296149,0.0,3,0.6931471805599453,Ex,Typ,2,TA,Attchd,Fin,2,TA,TA,Y,0.0,0.0,0.0,5,2010,WD,Normal,335000,9.496646498248033,3.0,5.91350300563827,51,8,1
343,4.51085950651685,RL,4.324132656254979,9.053101595549691,Pave,Reg,Lvl,AllPub,Inside,Gtl,NAmes,Norm,Norm,Duplex,1Story,3,4,1949,1950,Gable,CompShg,Stucco,Stucco,5.831882477283517,TA,TA,Slab,NA,NA,NA,NA,0.0,NA,0.0,Wall,Fa,N,FuseA,6.947937068614969,0.0,2,1.0986122886681098,TA,Typ,0,NA,Detchd,Unf,2,TA,TA,Y,0.0,0.0,0.0,5,2006,WD,Normal,87500,8.045908742270779,2.0,0.0,57,56,1
1166,3.044522437723423,RL,4.382026634673881,9.163458386076051,Pave,IR1,Lvl,AllPub,Inside,Gtl,NridgHt,Norm,Norm,1Fam,1Story,7,5,2009,2009,Gable,CompShg,VinylSd,VinylSd,5.594711379601839,Gd,TA,PConc,Gd,TA,No,Unf,0.0,Unf,7.315218389752975,GasA,Ex,Y,SBrkr,7.315218389752975,0.0,3,0.6931471805599453,Gd,Typ,0,NA,Attchd,RFn,2,TA,TA,Y,0.0,0.0,0.0,9,2009,New,Partial,233170,9.2605580881368,2.0,4.74493212836325,0,0,0
32,3.044522437723423,RL,4.269697449699962,9.053101595549691,Pave,IR1,Lvl,AllPub,CulDSac,Gtl,Sawyer,Norm,Norm,1Fam,1Story,5,6,1966,2006,Gable,CompShg,HdBoard,HdBoard,0.0,TA,TA,CBlock,TA,TA,No,Unf,0.0,Unf,7.113956109566034,GasA,Gd,Y,SBrkr,7.113956109566034,0.0,3,0.6931471805599453,Gd,Typ,0,NA,Attchd,Unf,1,TA,TA,Y,0.0,0.0,0.0,6,2008,WD,Normal,149350,8.722742874329398,1.5,4.189654742026425,42,2,1
874,3.713572066704308,RL,4.110873864173311,9.404672841436273,Pave,Reg,Lvl,AllPub,Inside,Gtl,NAmes,Norm,Norm,1Fam,1Story,5,7,1949,1950,Gable,CompShg,HdBoard,HdBoard,0.0,Gd,TA,CBlock,TA,TA,No,Rec,5.929589143389895,Unf,6.126869184114185,GasA,Gd,Y,SBrkr,6.9440872082295275,0.0,3,0.6931471805599453,TA,Typ,1,Gd,Attchd,Unf,1,TA,TA,Y,0.0,0.0,0.0,9,2009,WD,Normal,133000,8.754791763700032,1.0,3.367295829986474,60,59,1
211,3.4339872044851463,RL,4.219507705176107,8.63141433550626,Pave,Reg,Lvl,AllPub,Inside,Gtl,Edwards,Norm,Norm,1Fam,1Story,5,6,1925,1950,Gable,CompShg,Stucco,Stucco,0.0,TA,TA,CBlock,TA,TA,No,Rec,6.150602768446279,Unf,5.983936280687191,GasA,TA,N,FuseA,6.762729506931879,0.0,2,0.6931471805599453,TA,Typ,0,NA,NA,NA,0,NA,NA,Y,0.0,0.0,0.0,4,2008,WD,Normal,98000,8.371242135931933,2.0,4.574710978503383,83,58,1
925,3.044522437723423,RL,4.382026634673881,9.234154550075438,Pave,Reg,Lvl,AllPub,Inside,Gtl,NWAmes,Norm,Norm,1Fam,1Story,6,6,1980,1980,Gable,CompShg,Plywood,Plywood,5.062595033026967,TA,Gd,CBlock,Gd,TA,No,BLQ,6.439350371100098,LwQ,0.0,GasA,TA,Y,SBrkr,7.430707082545968,0.0,3,0.6931471805599453,TA,Typ,1,TA,Attchd,Unf,2,TA,TA,Y,5.953243334287785,0.0,0.0,5,2006,WD,Normal,207500,9.22197245620589,3.0,4.882801922586371,26,26,0
406,3.044522437723423,RL,4.269697449699962,9.209540051805414,Pave,IR1,Lvl,AllPub,Corner,Gtl,Sawyer,Feedr,Norm,1Fam,1Story,4,4,1976,1993,Gable,CompShg,Plywood,Plywood,0.0,TA,TA,CBlock,TA,TA,No,BLQ,7.018401799069201,Unf,5.111987788356544,GasA,Ex,Y,SBrkr,7.390798521735676,0.0,3,0.6931471805599453,TA,Min1,1,TA,Attchd,Unf,2,TA,TA,Y,4.795790545596741,0.0,0.0,6,2009,WD,Normal,150000,8.776630098427717,3.0,4.3694478524670215,33,16,1
771,4.454347296253507,RL,4.269697449699962,8.889170455363413,Pave,IR1,Lvl,AllPub,CulDSac,Gtl,Sawyer,Norm,Norm,1Fam,SFoyer,5,5,1982,1982,Hip,CompShg,Wd Sdng,Wd Sdng,0.0,TA,TA,CBlock,Gd,TA,Av,GLQ,6.530877627725885,Unf,5.159055299214529,GasA,TA,Y,SBrkr,6.755768921984255,0.0,2,0.6931471805599453,TA,Typ,0,NA,Detchd,Unf,2,TA,TA,Y,4.795790545596741,0.0,0.0,4,2009,WD,Normal,134900,8.364275084991524,2.0,0.0,27,27,0
382,3.044522437723423,FV,4.110873864173311,8.881975184248867,Pave,Reg,Lvl,AllPub,Inside,Gtl,Somerst,Norm,Norm,1Fam,1Story,7,5,2006,2006,Gable,CompShg,VinylSd,VinylSd,0.0,Gd,TA,PConc,Gd,Gd,No,Unf,0.0,Unf,7.165493475060845,GasA,Ex,Y,SBrkr,7.171656822768514,0.0,2,0.6931471805599453,Gd,Typ,1,Gd,Attchd,RFn,2,TA,TA,Y,5.37989735354046,0.0,0.0,8,2006,New,Partial,187750,9.11690842718363,3.0,4.804021044733257,0,0,0
890,3.044522437723423,RL,4.859812404361672,9.405989388981,Pave,Reg,Lvl,AllPub,Inside,Gtl,NAmes,Feedr,Norm,1Fam,1Story,6,4,1953,1953,Hip,CompShg,Wd Sdng,Wd Sdng,4.51085950651685,TA,TA,CBlock,TA,TA,No,BLQ,6.932447891572509,Unf,6.1779441140506,GasA,Ex,Y,SBrkr,7.317212408359839,0.0,2,0.6931471805599453,TA,Typ,1,TA,Attchd,RFn,2,TA,TA,Y,0.0,0.0,0.0,2,2009,WD,Normal,149500,9.108418382250798,2.0,5.093750200806762,56,56,0
1201,3.044522437723423,RL,4.276666119016055,9.143559338285831,Pave,Reg,Lvl,AllPub,Inside,Gtl,NAmes,Norm,Norm,1Fam,1Story,4,5,1970,1970,Gable,CompShg,MetalSd,MetalSd,0.0,TA,TA,CBlock,TA,TA,No,Unf,0.0,Unf,6.762729506931879,GasA,Gd,Y,SBrkr,6.762729506931879,0.0,3,0.6931471805599453,TA,Typ,0,NA,Attchd,Unf,1,TA,TA,Y,0.0,0.0,0.0,7,2006,Oth,Abnorml,116050,8.148156439921625,1.0,0.0,36,36,0
189,4.51085950651685,RL,4.174387269895637,8.856376036730422,Pave,Reg,Bnk,AllPub,Inside,Gtl,SawyerW,Feedr,Norm,Duplex,SFoyer,5,5,1979,1979,Gable,CompShg,Plywood,Plywood,5.62040086571715,TA,TA,CBlock,Gd,TA,Av,GLQ,6.99117688712121,Unf,0.0,GasA,TA,Y,SBrkr,7.110696122978827,0.0,2,1.0986122886681098,TA,Typ,2,TA,Detchd,Unf,2,TA,TA,Y,4.795790545596741,0.0,0.0,6,2009,WD,Alloca,153337,8.71948076085107,3.0,0.0,30,30,0
894,3.044522437723423,RL,4.269697449699962,9.494390858193913,Pave,Reg,Lvl,AllPub,Inside,Gtl,Sawyer,PosN,Norm,1Fam,1Story,5,5,1954,1954,Gable,CompShg,Wd Sdng,Plywood,0.0,TA,TA,PConc,Gd,TA,Mn,BLQ,6.970730078143525,Unf,5.768320995793772,GasA,TA,Y,SBrkr,7.232733136177615,0.0,3,0.6931471805599453,TA,Typ,1,Gd,Attchd,Unf,1,TA,TA,Y,6.238324625039508,0.0,0.0,6,2008,WD,Normal,165000,8.84159284680318,2.0,4.762173934797756,54,54,0
1328,3.044522437723423,RL,4.110873864173311,8.79497643168877,Pave,Reg,Lvl,AllPub,Inside,Gtl,Mitchel,Norm,Norm,1Fam,1Story,5,9,1982,2008,Gable,CompShg,VinylSd,VinylSd,0.0,Gd,Gd,CBlock,TA,TA,No,ALQ,6.464588303689961,Unf,5.170483995038151,GasA,Ex,Y,SBrkr,6.705639094860003,0.0,3,0.6931471805599453,Gd,Typ,1,Ex,Attchd,Unf,1,TA,TA,Y,0.0,0.0,0.0,10,2008,WD,Normal,130500,8.314097335405807,1.5,0.0,26,0,1
421,4.51085950651685,RM,4.3694478524670215,8.862341963516347,Pave,Reg,Lvl,AllPub,Inside,Gtl,Mitchel,Norm,Norm,Duplex,SFoyer,7,5,1997,1998,Gable,CompShg,VinylSd,VinylSd,5.303304908059076,TA,Gd,PConc,Gd,Gd,Gd,GLQ,7.177782416195197,Unf,3.58351893845611,GasA,Ex,Y,SBrkr,7.20414929203594,0.0,2,1.0986122886681098,TA,Typ,0,NA,Attchd,Fin,4,TA,TA,Y,0.0,0.0,0.0,11,2008,WD,Alloca,206300,9.149421957006766,4.0,0.0,11,10,1
579,5.081404364984463,FV,3.5553480614894135,8.190077049719049,Pave,Reg,Lvl,AllPub,Corner,Gtl,Somerst,Norm,Norm,TwnhsE,2Story,7,5,2007,2007,Gable,CompShg,VinylSd,VinylSd,0.0,Gd,TA,PConc,Gd,TA,No,Unf,0.0,Unf,6.536691597591305,GasA,Ex,Y,SBrkr,6.556778356158042,6.536691597591305,2,0.6931471805599453,Gd,Typ,0,NA,Detchd,Unf,2,TA,TA,Y,0.0,0.0,0.0,2,2008,WD,Abnorml,146000,9.184509611941662,2.0,4.634728988229636,1,1,0
84,3.044522437723423,RL,4.394449154672439,9.09301972939964,Pave,IR1,Lvl,AllPub,Inside,Gtl,NAmes,Norm,Norm,1Fam,1Story,5,5,1960,1960,Gable,CompShg,MetalSd,MetalSd,4.204692619390966,TA,TA,CBlock,TA,TA,No,Unf,0.0,Unf,6.97166860472579,GasA,Gd,Y,SBrkr,6.97166860472579,0.0,3,0.6931471805599453,TA,Typ,0,NA,Detchd,Unf,2,TA,TA,Y,4.31748811353631,0.0,0.0,7,2007,COD,Normal,126500,8.580355766373877,1.5,0.0,47,47,0
1275,3.9318256327243257,RL,3.9889840465642745,8.587278798982926,Pave,Reg,Lvl,AllPub,Corner,Gtl,Crawfor,Norm,Norm,1Fam,1.5Fin,5,6,1910,2003,Gable,CompShg,Wd Sdng,Wd Shng,0.0,TA,TA,PConc,TA,TA,No,Unf,0.0,Unf,6.495265555937008,GasA,Ex,Y,SBrkr,6.495265555937008,6.380122536899765,3,0.6931471805599453,TA,Typ,1,Gd,Detchd,Unf,2,TA,TA,Y,5.493061443340548,0.0,0.0,11,2007,WD,Normal,139000,8.740496729931813,2.0,4.406719247264253,97,4,1
49,5.25227342804663,RM,3.5263605246161616,8.402231172946555,Pave,Reg,Lvl,AllPub,Inside,Gtl,OldTown,Norm,Norm,2fmCon,2Story,4,5,1920,2008,Gable,CompShg,MetalSd,MetalSd,0.0,TA,TA,BrkTil,TA,TA,No,Unf,0.0,Unf,6.602587892189336,GasA,Gd,Y,SBrkr,6.602587892189336,6.57507584059962,2,1.3862943611198906,TA,Typ,0,NA,NA,NA,0,NA,NA,N,0.0,0.0,0.0,6,2009,New,Partial,113000,8.667163717992533,2.0,4.634728988229636,89,1,1
156,3.9318256327243257,RL,4.110873864173311,9.169622538697624,Pave,Reg,Lvl,AllPub,Corner,Gtl,Edwards,Artery,Norm,1Fam,1.5Fin,6,5,1924,1950,Gable,CompShg,Wd Sdng,Wd Sdng,0.0,TA,TA,BrkTil,TA,TA,No,Unf,0.0,Unf,6.35088571671474,Grav,Fa,N,FuseF,6.35088571671474,6.263398262591624,2,0.6931471805599453,TA,Typ,0,NA,NA,NA,0,NA,NA,N,0.0,0.0,0.0,4,2008,WD,Normal,79000,8.79133399330135,1.0,4.919980925828125,84,58,1
974,3.044522437723423,FV,4.564348191467836,9.36220272128543,Pave,Reg,Lvl,AllPub,Corner,Gtl,Somerst,Norm,Norm,1Fam,1Story,7,5,2007,2008,Gable,CompShg,CemntBd,CmentBd,0.0,Gd,TA,PConc,Gd,TA,No,Unf,0.0,Unf,7.264730177929867,GasA,Ex,Y,SBrkr,7.264730177929867,0.0,3,0.6931471805599453,Gd,Typ,0,NA,Attchd,Fin,2,TA,TA,Y,0.0,0.0,0.0,12,2008,New,Partial,182000,9.210040326967182,2.0,4.795790545596741,1,0,1
1111,4.110873864173311,RL,4.189654742026425,8.987321812850125,Pave,Reg,Lvl,AllPub,Inside,Gtl,Gilbert,Norm,Norm,1Fam,2Story,6,5,1995,1996,Gable,CompShg,HdBoard,HdBoard,0.0,TA,TA,PConc,Gd,TA,No,GLQ,5.393627546352362,Unf,6.318968113746434,GasA,Gd,Y,SBrkr,6.651571873589727,6.786716950605081,3,0.6931471805599453,TA,Typ,1,TA,Attchd,Fin,2,TA,TA,Y,5.41610040220442,0.0,0.0,6,2008,WD,Normal,188000,9.20522732258936,3.5,4.442651256490317,13,12,1
951,3.044522437723423,RL,4.110873864173311,8.881975184248867,Pave,Reg,Lvl,AllPub,Inside,Gtl,NAmes,Norm,Norm,1Fam,1Story,5,8,1950,2002,Gable,CompShg,VinylSd,VinylSd,0.0,TA,TA,CBlock,TA,TA,No,ALQ,5.988961416889864,BLQ,5.762051382780177,GasA,Gd,Y,SBrkr,6.762729506931879,0.0,3,0.6931471805599453,Gd,Typ,0,NA,Detchd,RFn,2,TA,TA,Y,5.272999558563747,0.0,0.0,7,2007,WD,Normal,129000,8.371242135931933,2.0,0.0,57,5,1
1031,5.25227342804663,RH,4.110873864173311,8.865452825753623,Pave,Reg,Lvl,AllPub,Inside,Gtl,SWISU,Norm,Norm,2fmCon,2Story,5,8,1916,1995,Gable,CompShg,VinylSd,VinylSd,0.0,TA,TA,PConc,TA,TA,Mn,Unf,0.0,Unf,6.532334292222349,GasA,Gd,Y,SBrkr,6.855408798609928,6.8885724595653635,5,1.0986122886681098,TA,Typ,0,NA,NA,NA,0,NA,NA,N,0.0,0.0,0.0,7,2006,WD,Normal,160000,9.17378011666438,2.0,5.43372200355424,90,11,1
1436,3.044522437723423,RL,4.394449154672439,9.036106025364846,Pave,Reg,Lvl,AllPub,Inside,Gtl,NAmes,Norm,Norm,1Fam,1Story,6,9,1962,2005,Gable,CompShg,Wd Sdng,Wd Sdng,5.472270673671475,Gd,Gd,CBlock,TA,TA,No,Unf,0.0,Unf,7.1853870155804165,GasA,TA,Y,SBrkr,7.338238150065589,0.0,3,0.6931471805599453,Gd,Typ,1,Gd,Attchd,RFn,2,TA,TA,Y,0.0,0.0,0.0,7,2008,COD,Abnorml,174000,9.129455643235719,2.5,3.6109179126442243,46,3,1
1197,4.110873864173311,RL,4.07753744390572,9.550733483340633,Pave,IR1,Lvl,AllPub,Inside,Gtl,Gilbert,Norm,Norm,1Fam,2Story,7,5,2006,2006,Gable,CompShg,VinylSd,VinylSd,0.0,Gd,TA,PConc,Gd,TA,Av,Unf,0.0,Unf,6.779921907472252,GasA,Ex,Y,SBrkr,6.779921907472252,6.892641641172089,4,0.6931471805599453,Gd,Typ,1,Gd,BuiltIn,Fin,3,TA,TA,Y,4.61512051684126,0.0,0.0,11,2006,New,Partial,219210,9.475930197953147,2.5,2.8903717578961645,0,0,0
1443,4.110873864173311,FV,4.454347296253507,9.306014122044465,Pave,Reg,Lvl,AllPub,Inside,Gtl,Somerst,Norm,Norm,1Fam,2Story,10,5,2008,2008,Gable,CompShg,VinylSd,VinylSd,5.081404364984463,Ex,TA,PConc,Ex,TA,Av,GLQ,6.641182169740591,Unf,5.53338948872752,GasA,Ex,Y,SBrkr,6.934397209928558,6.889591308354466,3,0.6931471805599453,Ex,Typ,1,Ex,Attchd,Fin,3,TA,TA,Y,5.1298987149230735,0.0,0.0,4,2009,WD,Normal,310000,9.907031266159493,3.5,3.970291913552122,1,1,0
482,3.044522437723423,RL,4.290459441148391,9.37982994995476,Pave,IR1,HLS,AllPub,Inside,Gtl,NridgHt,Norm,Norm,1Fam,1Story,9,5,2003,2004,Hip,CompShg,VinylSd,VinylSd,6.333279628139691,Gd,TA,PConc,Ex,TA,Gd,GLQ,7.357556200910353,Unf,5.420534999272286,GasA,Ex,Y,SBrkr,7.491645473605133,0.0,2,0.6931471805599453,Ex,Typ,1,Gd,Attchd,Fin,3,TA,TA,Y,5.332718793265369,0.0,0.0,8,2006,WD,Normal,374000,9.688374172917182,3.0,3.912023005428146,3,2,1
180,3.4339872044851463,RM,4.110873864173311,9.050288983827956,Pave,Reg,Lvl,AllPub,Inside,Gtl,OldTown,Norm,Norm,1Fam,1Story,5,6,1923,2006,Gable,CompShg,Wd Sdng,Wd Sdng,0.0,Gd,TA,CBlock,TA,TA,No,Unf,0.0,Unf,6.876264611890766,GasA,TA,Y,SBrkr,6.876264611890766,0.0,2,0.6931471805599453,TA,Typ,0,NA,Detchd,Unf,2,Fa,TA,N,0.0,0.0,0.0,7,2007,WD,Normal,100000,8.484876589939695,1.0,5.220355825078324,84,1,1
860,4.110873864173311,RL,4.394449154672439,9.308374112247549,Pave,IR1,Lvl,AllPub,Corner,Gtl,NWAmes,PosA,Norm,1Fam,2Story,6,7,1968,1984,Gable,CompShg,HdBoard,HdBoard,5.3981627015177525,TA,TA,CBlock,TA,TA,Mn,BLQ,6.429719478039138,Unf,6.077642243349034,GasA,TA,Y,SBrkr,7.321849713788356,7.04141166379481,4,0.6931471805599453,Gd,Typ,1,Gd,Attchd,Unf,2,TA,TA,Y,0.0,0.0,0.0,8,2006,WD,Normal,250000,9.675645480440364,3.5,5.662960480135946,38,22,1
1214,4.394449154672439,RL,4.269697449699962,9.234740258799718,Pave,IR1,Lvl,AllPub,CulDSac,Gtl,Sawyer,Norm,Norm,1Fam,SLvl,4,9,1965,2001,Gable,CompShg,VinylSd,VinylSd,0.0,TA,Gd,CBlock,TA,Gd,Av,GLQ,6.47543271670409,Unf,0.0,GasA,Ex,Y,SBrkr,6.8679744089702925,0.0,0,0.6931471805599453,TA,Typ,0,NA,Attchd,Unf,1,TA,TA,Y,4.48863636973214,0.0,0.0,5,2006,WD,Normal,145000,8.253488028345904,1.5,0.0,41,5,1
584,4.330733340286331,RM,4.330733340286331,9.510519035757246,Pave,Reg,Lvl,AllPub,Inside,Gtl,OldTown,Artery,PosA,1Fam,2.5Unf,10,9,1893,2000,Gable,CompShg,Wd Sdng,Wd Sdng,0.0,Ex,Ex,BrkTil,TA,TA,No,Unf,0.0,Unf,7.121252453244542,GasA,Gd,Y,SBrkr,7.3277805384216315,7.134890851565884,3,0.6931471805599453,Gd,Typ,1,Gd,Detchd,Unf,2,Gd,TA,Y,4.663439094112067,0.0,0.0,7,2008,WD,Normal,325000,10.231027154561334,3.5,6.220590170099739,115,8,1
478,4.110873864173311,RL,4.663439094112067,9.524713059681009,Pave,Reg,Lvl,AllPub,Inside,Gtl,NridgHt,Norm,Norm,1Fam,2Story,9,5,2006,2006,Hip,CompShg,VinylSd,VinylSd,6.650279048587422,Ex,TA,PConc,Gd,TA,Av,Unf,0.0,Unf,7.675081857716334,GasA,Ex,Y,SBrkr,7.635303886259415,6.354370040797351,3,0.6931471805599453,Ex,Typ,1,Gd,BuiltIn,Fin,3,TA,TA,Y,6.028278520230698,0.0,0.0,3,2007,WD,Normal,380000,10.076936530826485,2.5,4.442651256490317,1,1,0
1406,4.795790545596741,RM,3.8066624897703196,8.254008590564844,Pave,IR1,HLS,AllPub,Inside,Mod,Crawfor,Norm,Norm,TwnhsE,1Story,8,5,2004,2005,Hip,CompShg,CemntBd,CmentBd,5.1647859739235145,Gd,TA,PConc,Ex,TA,Gd,GLQ,7.2254814727822945,Unf,5.402677381872279,GasA,Ex,Y,SBrkr,7.4067107301776405,0.0,2,0.6931471805599453,Gd,Typ,1,Gd,Attchd,Fin,2,TA,TA,Y,4.859812404361672,0.0,0.0,1,2008,WD,Normal,275000,9.48562086171022,3.5,5.342334251964811,4,3,1
1147,3.044522437723423,RL,4.204692619390966,9.32375833901174,Pave,Reg,Lvl,AllPub,Inside,Gtl,SawyerW,Norm,Norm,1Fam,1Story,6,5,1985,1985,Gable,CompShg,Wd Sdng,Wd Shng,4.454347296253507,Gd,TA,CBlock,Gd,TA,No,GLQ,7.138073034044347,Unf,3.713572066704308,GasA,TA,Y,SBrkr,7.1693500166706,0.0,3,0.6931471805599453,Gd,Typ,1,TA,Attchd,Unf,2,TA,TA,Y,5.111987788356544,0.0,0.0,5,2006,WD,Normal,180000,8.960467760919949,3.0,3.295836866004329,21,21,0
1167,3.044522437723423,RL,4.174387269895637,9.256842205627603,Pave,IR1,Lvl,AllPub,Corner,Gtl,CollgCr,Norm,Norm,1Fam,1Story,8,5,2008,2008,Gable,CompShg,VinylSd,VinylSd,4.290459441148391,Gd,TA,PConc,Gd,TA,Av,Unf,0.0,Unf,7.43543801981455,GasA,Ex,Y,SBrkr,7.43543801981455,0.0,3,0.6931471805599453,Gd,Typ,0,NA,Attchd,RFn,3,TA,TA,Y,5.081404364984463,0.0,0.0,2,2010,WD,Normal,245350,9.514363204016016,2.0,3.5263605246161616,2,2,0
347,3.044522437723423,RL,4.324132656254979,9.455088847042777,Pave,IR1,Lvl,AllPub,CulDSac,Gtl,NAmes,Norm,Norm,1Fam,1Story,6,8,1960,1998,Hip,CompShg,MetalSd,MetalSd,0.0,TA,Gd,CBlock,TA,TA,Mn,BLQ,6.212606095751519,Unf,6.133398042996649,GasA,TA,Y,SBrkr,6.8658910748834385,0.0,2,0.6931471805599453,TA,Typ,0,NA,Attchd,RFn,1,TA,TA,Y,0.0,0.0,9.648659816955295,4,2007,WD,Normal,151500,8.656781205623291,1.0,0.0,47,9,1
1215,4.454347296253507,RL,4.248495242049359,9.230731061623917,Pave,IR1,Lvl,AllPub,Inside,Gtl,NAmes,Norm,Norm,1Fam,SFoyer,5,5,1962,1962,Gable,CompShg,MetalSd,MetalSd,0.0,TA,TA,CBlock,TA,TA,Av,BLQ,6.665683717782408,Unf,4.955827057601261,GasA,TA,Y,SBrkr,6.907755278982137,0.0,3,0.6931471805599453,TA,Typ,0,NA,Attchd,Unf,1,TA,TA,Y,5.017279836814924,0.0,0.0,5,2006,WD,Normal,134500,8.516392871245468,2.0,4.290459441148391,44,44,0
1138,3.9318256327243257,RL,4.007333185232471,8.755107121633896,Pave,Reg,Lvl,AllPub,Inside,Gtl,Sawyer,Feedr,Norm,1Fam,1.5Fin,5,8,1875,1996,Gable,CompShg,VinylSd,VinylSd,0.0,TA,Gd,CBlock,TA,TA,No,Unf,0.0,Unf,6.660575149839686,GasA,Gd,N,SBrkr,6.660575149839686,5.484796933490655,2,0.6931471805599453,TA,Typ,0,NA,NA,NA,0,NA,NA,N,0.0,0.0,0.0,5,2010,WD,Normal,94000,8.537191877922927,1.0,5.176149732573829,135,14,1
1366,4.110873864173311,FV,4.310799125385514,8.922791623969637,Pave,Reg,Lvl,AllPub,Inside,Gtl,Somerst,Norm,Norm,1Fam,2Story,7,5,2000,2000,Gable,CompShg,VinylSd,VinylSd,0.0,Gd,TA,PConc,Gd,TA,No,GLQ,6.280395838960195,Unf,5.641907070938114,GasA,Ex,Y,SBrkr,6.703188113240863,6.7580945044277305,3,0.6931471805599453,Gd,Typ,0,NA,Attchd,RFn,2,TA,TA,Y,0.0,0.0,0.0,1,2010,WD,Normal,216000,9.368966735258603,3.5,4.574710978503383,10,10,0
655,3.044522437723423,RL,4.5217885770490405,9.25320827220336,Pave,IR1,Lvl,AllPub,Inside,Gtl,NoRidge,Norm,Norm,1Fam,1Story,8,6,1995,1995,Hip,CompShg,MetalSd,MetalSd,6.493753839851686,Gd,Gd,PConc,Gd,TA,Gd,GLQ,7.436617265234227,Unf,6.025865973825314,GasA,Ex,Y,SBrkr,7.656337166430183,0.0,2,0.6931471805599453,Gd,Typ,1,TA,Attchd,Fin,3,TA,TA,Y,5.4680601411351315,0.0,0.0,8,2008,WD,Normal,350000,9.735364715141987,3.5,3.8501476017100584,13,13,0
989,4.110873864173311,RL,4.394449154672439,9.396570945266852,Pave,IR1,Lvl,AllPub,Inside,Gtl,NWAmes,Norm,Norm,1Fam,2Story,6,6,1976,1976,Gable,CompShg,Plywood,Plywood,5.700443573390687,TA,TA,CBlock,TA,TA,No,LwQ,5.056245805348308,Unf,6.541029999189903,GasA,TA,Y,SBrkr,7.020190708311925,6.816735880594968,4,0.6931471805599453,Gd,Typ,1,TA,Attchd,Fin,2,TA,TA,Y,0.0,0.0,0.0,6,2007,WD,Normal,195000,9.407632639699958,2.5,5.41610040220442,31,31,0
244,5.081404364984463,RL,4.330733340286331,9.283869605264298,Pave,Reg,Lvl,AllPub,Corner,Gtl,SawyerW,Norm,Norm,TwnhsE,2Story,6,6,1980,1980,Gable,CompShg,Plywood,Plywood,0.0,TA,TA,CBlock,Gd,TA,No,Unf,0.0,Unf,6.440946540632921,GasA,TA,Y,SBrkr,6.440946540632921,6.3835066348840055,3,0.6931471805599453,TA,Typ,1,TA,Attchd,RFn,1,TA,TA,Y,0.0,0.0,0.0,4,2009,WD,Normal,120000,8.89604050162011,1.5,3.367295829986474,29,29,0
1343,4.110873864173311,RL,4.2626798770413155,9.145908511816794,Pave,Reg,Lvl,AllPub,Inside,Gtl,CollgCr,Norm,Norm,1Fam,2Story,8,5,2002,2002,Gable,CompShg,VinylSd,VinylSd,5.0106352940962555,Gd,TA,PConc,Gd,TA,No,Unf,0.0,Unf,7.158513997329321,GasA,Ex,Y,SBrkr,7.158513997329321,6.786716950605081,3,0.6931471805599453,Gd,Typ,1,Gd,Attchd,RFn,2,TA,TA,Y,5.262690188904886,0.0,0.0,8,2007,WD,Normal,228500,9.761520681090504,2.5,4.477336814478207,5,5,0
1058,4.110873864173311,RL,4.516338972281476,10.307618437631156,Pave,IR2,Lvl,AllPub,FR2,Gtl,NoRidge,Norm,Norm,1Fam,2Story,7,6,1994,1994,Gable,CompShg,HdBoard,HdBoard,0.0,Gd,TA,PConc,Gd,TA,No,GLQ,6.39024066706535,Unf,5.937536205082426,GasA,Ex,Y,SBrkr,6.887552571664617,6.77078942390898,3,0.6931471805599453,Gd,Typ,1,Gd,BuiltIn,Fin,2,TA,TA,Y,5.1298987149230735,0.0,0.0,1,2009,WD,Normal,248000,9.468928284223587,2.5,4.59511985013459,15,15,0
1419,3.044522437723423,RL,4.276666119016055,9.127502093667179,Pave,Reg,Lvl,AllPub,Inside,Gtl,NAmes,Norm,Norm,1Fam,1Story,5,5,1963,1963,Gable,CompShg,HdBoard,HdBoard,0.0,TA,TA,CBlock,TA,TA,No,BLQ,3.258096538021482,Rec,5.5134287461649825,GasA,TA,Y,SBrkr,7.0431599159883405,0.0,3,0.6931471805599453,TA,Typ,0,NA,Detchd,Unf,1,TA,TA,Y,0.0,0.0,0.0,8,2008,COD,Normal,124000,8.651898894268529,2.5,4.48863636973214,45,45,0
1024,4.795790545596741,RL,3.784189633918261,8.065579427282092,Pave,Reg,Lvl,AllPub,Inside,Gtl,Blmngtn,Norm,Norm,TwnhsE,1Story,7,5,2005,2006,Gable,CompShg,VinylSd,VinylSd,2.70805020110221,Gd,TA,PConc,Gd,Gd,No,GLQ,2.833213344056216,Unf,7.193685818395112,GasA,Ex,Y,SBrkr,7.316548177182976,0.0,2,0.6931471805599453,Gd,Typ,1,Gd,Attchd,Fin,2,TA,TA,Y,5.056245805348308,0.0,0.0,5,2008,WD,Normal,191000,9.26188863385676,2.0,3.044522437723423,3,2,1
811,3.044522437723423,RL,4.3694478524670215,9.224341891611996,Pave,Reg,Lvl,AllPub,Inside,Gtl,NWAmes,Norm,Norm,1Fam,1Story,6,6,1974,1999,Hip,CompShg,HdBoard,HdBoard,4.605170185988092,TA,TA,CBlock,TA,TA,No,ALQ,6.498282149476434,LwQ,0.0,GasA,Fa,Y,SBrkr,7.177782416195197,0.0,3,0.6931471805599453,Gd,Typ,1,Fa,Attchd,RFn,2,TA,TA,Y,5.583496308781699,6.47543271670409,0.0,1,2006,WD,Normal,181000,8.96890555068972,2.5,0.0,32,7,1
1385,3.9318256327243257,RL,4.110873864173311,9.11173476822206,Pave,Reg,Lvl,AllPub,Inside,Gtl,Edwards,Norm,Norm,1Fam,1.5Fin,6,5,1939,1950,Gable,CompShg,WdShing,Wd Shng,0.0,TA,TA,BrkTil,TA,TA,Mn,Rec,5.3230099791384085,Unf,5.877735781779639,GasA,TA,Y,SBrkr,6.54965074223381,6.329720905522696,2,0.6931471805599453,TA,Typ,0,NA,Detchd,Unf,1,TA,TA,P,0.0,0.0,0.0,10,2009,WD,Normal,105000,8.929170383139624,1.0,0.0,70,59,1
627,3.044522437723423,RL,4.324132656254979,9.42084437974393,Pave,IR1,Lvl,AllPub,Inside,Gtl,NAmes,Norm,Norm,1Fam,1Story,5,5,1960,1978,Hip,CompShg,Wd Sdng,Wd Sdng,0.0,TA,TA,CBlock,TA,TA,No,Unf,0.0,Unf,6.88653164253051,GasA,TA,Y,SBrkr,7.260522598089852,0.0,3,0.6931471805599453,TA,Min1,1,TA,Attchd,RFn,1,TA,TA,Y,0.0,0.0,6.398594934535208,8,2007,WD,Normal,139900,8.869398159883518,1.0,3.6109179126442243,47,29,1
814,3.044522437723423,RL,4.330733340286331,9.18512512283512,Pave,Reg,Lvl,AllPub,Inside,Gtl,NAmes,Norm,Norm,1Fam,1Story,6,6,1958,1958,Gable,CompShg,MetalSd,MetalSd,5.497168225293202,TA,TA,CBlock,TA,TA,No,Rec,6.411818267709897,Unf,6.727431724850855,GasA,Gd,Y,SBrkr,7.274479558773871,0.0,4,0.6931471805599453,TA,Typ,0,NA,Attchd,RFn,1,TA,TA,Y,0.0,0.0,6.2166061010848646,4,2007,COD,Normal,157900,9.06566136060674,1.5,5.62040086571715,49,49,0
840,3.9318256327243257,RL,4.2626798770413155,9.373139262281274,Pave,Reg,Lvl,AllPub,Inside,Gtl,Edwards,Norm,Norm,1Fam,1.5Fin,5,6,1946,1995,Gable,CompShg,MetalSd,MetalSd,0.0,TA,TA,CBlock,TA,TA,No,BLQ,5.8664680569332965,Unf,6.0330862217988015,GasA,Ex,Y,SBrkr,6.645090969505644,6.07073772800249,3,0.6931471805599453,TA,Typ,0,NA,Detchd,Unf,1,TA,TA,Y,0.0,0.0,0.0,5,2008,WD,Normal,130500,8.699681400989514,1.0,0.0,62,13,1
371,4.110873864173311,RL,4.189654742026425,9.002331708246244,Pave,IR1,Lvl,AllPub,Inside,Gtl,Gilbert,Norm,Norm,1Fam,2Story,6,5,2000,2000,Gable,CompShg,VinylSd,VinylSd,0.0,TA,TA,PConc,Gd,TA,No,Unf,0.0,Unf,6.860663671448287,GasA,Ex,Y,SBrkr,6.860663671448287,6.568077911411976,3,0.6931471805599453,TA,Typ,1,TA,Attchd,RFn,2,TA,TA,Y,4.61512051684126,0.0,0.0,1,2006,WD,Normal,172400,9.208839245849916,2.5,3.713572066704308,6,6,0
55,4.394449154672439,RL,4.110873864173311,8.872767529910936,Pave,Reg,Bnk,AllPub,Inside,Mod,NAmes,Norm,Norm,1Fam,SLvl,5,5,1955,1955,Gable,CompShg,MetalSd,MetalSd,0.0,TA,TA,CBlock,TA,TA,No,ALQ,5.953243334287785,Unf,0.0,GasA,TA,Y,SBrkr,7.215975002651466,0.0,3,0.6931471805599453,TA,Min1,1,TA,Detchd,Unf,2,TA,TA,Y,0.0,0.0,0.0,2,2007,WD,Normal,130000,8.824824939175638,1.0,3.9318256327243257,52,52,0
535,4.110873864173311,RL,4.31748811353631,9.111293218374948,Pave,IR1,Lvl,AllPub,Inside,Gtl,Gilbert,Norm,Norm,1Fam,2Story,8,5,2004,2004,Gable,CompShg,VinylSd,VinylSd,0.0,Gd,TA,PConc,Ex,Gd,Av,Unf,0.0,Unf,6.56244409369372,GasA,Ex,Y,SBrkr,6.56244409369372,6.56244409369372,3,0.6931471805599453,Gd,Typ,1,Gd,Attchd,Fin,2,TA,TA,Y,4.61512051684126,0.0,0.0,10,2006,WD,Normal,178000,9.333707785926467,2.5,3.58351893845611,2,2,0
786,3.044522437723423,RL,4.394449154672439,9.189218875354072,Pave,Reg,Lvl,AllPub,Inside,Gtl,NWAmes,Feedr,Norm,1Fam,1Story,6,5,1967,1967,Gable,CompShg,BrkFace,Wd Sdng,0.0,TA,TA,CBlock,TA,TA,No,Rec,5.529429087511423,LwQ,6.198478716492308,GasA,TA,Y,SBrkr,7.202661196523238,0.0,3,0.6931471805599453,TA,Typ,1,Gd,Attchd,Unf,2,TA,TA,Y,0.0,0.0,0.0,9,2009,WD,Normal,161500,8.993799971795545,2.0,5.288267030694535,42,42,0
313,5.25227342804663,RM,4.189654742026425,8.962007209588313,Pave,Reg,Lvl,AllPub,Inside,Gtl,OldTown,Artery,Norm,2fmCon,1.5Fin,5,7,1939,1950,Gable,CompShg,MetalSd,MetalSd,0.0,TA,TA,CBlock,Gd,TA,Mn,Rec,6.230481447578482,Unf,5.659482215759621,GasA,TA,Y,SBrkr,6.677083461247136,5.786897381366708,3,0.6931471805599453,TA,Typ,1,Gd,Detchd,Unf,2,TA,TA,Y,0.0,0.0,0.0,5,2006,WD,Normal,119900,8.628913441026645,2.0,5.605802066295998,67,56,1
1175,4.2626798770413155,RL,4.394449154672439,9.714805812589491,Pave,IR1,Lvl,AllPub,Inside,Gtl,Crawfor,Norm,Norm,1Fam,2Story,6,8,1932,1950,Gable,CompShg,Wd Sdng,Wd Sdng,0.0,TA,TA,BrkTil,Gd,TA,No,Rec,6.222576268071369,Unf,6.1092475827643655,GasA,TA,Y,SBrkr,7.065613363597717,7.069874128458572,4,0.6931471805599453,TA,Typ,1,Gd,Detchd,Unf,2,TA,TA,Y,0.0,0.0,0.0,7,2006,WD,Normal,239000,9.551871220788255,2.5,0.0,74,56,1
110,3.044522437723423,RL,4.663439094112067,9.371778717853713,Pave,IR1,Lvl,AllPub,Inside,Gtl,NWAmes,Norm,Norm,1Fam,1Story,6,6,1977,1977,Hip,CompShg,Plywood,Plywood,6.175867270105761,TA,TA,CBlock,Gd,TA,No,BLQ,6.559615237493242,Unf,7.038783541388542,GasA,Ex,Y,SBrkr,7.520234556474628,0.0,3,0.6931471805599453,TA,Typ,1,TA,Attchd,RFn,2,TA,TA,Y,0.0,0.0,0.0,1,2010,COD,Normal,190000,9.31154225248515,2.0,4.812184355372417,33,33,0
431,5.081404364984463,RM,3.091042453358316,7.427144133408616,Pave,Reg,Lvl,AllPub,Inside,Gtl,BrDale,Norm,Norm,Twnhs,2Story,6,5,1971,1971,Gable,CompShg,HdBoard,HdBoard,5.4510384535657,TA,TA,CBlock,TA,TA,No,ALQ,5.961005339623274,Unf,4.574710978503383,GasA,TA,Y,SBrkr,6.182084906716632,6.22455842927536,2,0.6931471805599453,TA,Typ,0,NA,Detchd,Unf,1,TA,TA,Y,0.0,0.0,0.0,7,2008,COD,Abnorml,85400,8.686598356276965,1.5,0.0,37,37,0
101,3.044522437723423,RL,4.394449154672439,9.268986567408916,Pave,IR1,Lvl,AllPub,Inside,Gtl,NWAmes,Norm,Norm,1Fam,1Story,6,7,1977,2001,Gable,CompShg,Plywood,Plywood,3.367295829986474,TA,TA,PConc,TA,TA,Mn,ALQ,7.0909098220799835,Unf,6.018593214496234,GasA,Gd,Y,SBrkr,7.384610383176974,0.0,3,0.6931471805599453,Gd,Typ,2,TA,Attchd,RFn,2,TA,TA,Y,5.1298987149230735,0.0,0.0,2,2010,WD,Normal,205000,9.17585244151751,3.0,4.23410650459726,33,9,1
514,3.044522437723423,RL,4.276666119016055,9.125653563808989,Pave,Reg,Bnk,AllPub,Corner,Gtl,Mitchel,Norm,Norm,1Fam,1Story,6,5,1983,1983,Gable,CompShg,VinylSd,VinylSd,0.0,TA,Gd,PConc,TA,TA,No,ALQ,5.820082930352362,Unf,6.618738983517219,GasA,TA,Y,SBrkr,6.985641817639208,0.0,3,0.6931471805599453,TA,Typ,0,NA,Attchd,Unf,2,TA,TA,Y,4.795790545596741,0.0,0.0,6,2007,WD,Normal,134000,8.776630098427717,1.5,5.0689042022202315,24,24,0
1191,5.25227342804663,RL,4.276666119016055,10.387887062065596,Pave,Reg,Low,AllPub,Inside,Mod,Mitchel,Norm,Norm,2fmCon,1Story,4,4,1961,1975,Gable,CompShg,MetalSd,MetalSd,5.0106352940962555,TA,Gd,CBlock,TA,TA,Av,BLQ,7.05617528410041,Unf,4.51085950651685,GasA,Ex,Y,SBrkr,7.392031567514591,0.0,3,0.6931471805599453,TA,Typ,1,TA,2Types,Fin,4,TA,TA,Y,6.0867747269123065,0.0,0.0,3,2007,WD,Normal,168000,8.77786371462117,2.0,0.0,46,32,1
267,4.110873864173311,RL,4.2626798770413155,9.324383088016843,Pave,IR1,HLS,AllPub,FR2,Gtl,Gilbert,Norm,Norm,1Fam,2Story,6,5,1997,1997,Gable,CompShg,VinylSd,VinylSd,0.0,TA,TA,PConc,Gd,TA,Av,GLQ,6.5722825426940075,Unf,4.48863636973214,GasA,Gd,Y,SBrkr,6.688354713946762,6.565264970035361,3,0.6931471805599453,TA,Typ,1,TA,Attchd,Fin,2,TA,TA,Y,4.564348191467836,0.0,0.0,6,2006,WD,Normal,185000,9.112396727646056,3.5,4.330733340286331,9,9,0
1291,4.394449154672439,RL,4.324132656254979,9.554851637414007,Pave,IR1,Lvl,AllPub,Corner,Gtl,NAmes,Norm,Norm,1Fam,SLvl,5,7,1964,1964,Hip,CompShg,Wd Sdng,HdBoard,4.465908118654584,TA,TA,PConc,TA,TA,Av,GLQ,6.922643891475888,Unf,4.9344739331306915,GasA,TA,Y,SBrkr,7.050122520269059,0.0,3,0.6931471805599453,TA,Typ,1,Gd,Attchd,RFn,2,TA,TA,Y,5.429345628954441,0.0,0.0,4,2010,WD,Normal,180500,8.658866349732383,2.0,0.0,46,46,0
297,3.9318256327243257,RM,4.330733340286331,9.525953709356655,Pave,Reg,Lvl,AllPub,Inside,Gtl,IDOTRR,Norm,Norm,1Fam,1.5Fin,5,5,1950,1950,Gable,CompShg,Wd Sdng,Wd Sdng,0.0,TA,TA,CBlock,TA,TA,No,BLQ,6.042632833682381,Unf,6.19644412779452,GasA,TA,Y,FuseA,6.814542897259958,6.47543271670409,4,0.6931471805599453,TA,Typ,0,NA,Attchd,Unf,1,TA,TA,Y,5.66988092298052,0.0,0.0,6,2007,WD,Normal,152000,8.960724500330858,1.5,0.0,57,57,0
507,4.110873864173311,RL,4.394449154672439,9.164819856674374,Pave,IR1,Lvl,AllPub,Inside,Gtl,SawyerW,Norm,Norm,1Fam,2Story,8,5,1993,1994,Gable,CompShg,VinylSd,VinylSd,4.836281906951478,Gd,TA,PConc,Gd,TA,No,GLQ,5.942799375126701,Unf,5.986452005284438,GasA,Ex,Y,SBrkr,6.97166860472579,6.741700694652055,3,0.6931471805599453,Gd,Typ,1,TA,Attchd,RFn,2,TA,TA,Y,5.209486152841421,0.0,0.0,9,2006,WD,Normal,215000,9.634888894560614,2.5,4.406719247264253,13,12,1
902,3.044522437723423,RL,4.174387269895637,9.072571442231286,Pave,IR1,Lvl,AllPub,Inside,Gtl,NAmes,Norm,Norm,1Fam,1Story,5,7,1957,2000,Hip,CompShg,MetalSd,MetalSd,0.0,TA,Gd,CBlock,TA,TA,Mn,BLQ,6.7580945044277305,Unf,4.890349128221754,GasA,TA,Y,SBrkr,7.175489713624222,0.0,2,0.6931471805599453,TA,Typ,0,NA,Detchd,Unf,1,TA,TA,Y,0.0,0.0,0.0,5,2009,WD,Normal,153000,8.784315349902657,2.0,0.0,52,9,1
810,4.330733340286331,RM,4.51085950651685,8.999742789830492,Pave,Reg,Lvl,AllPub,Corner,Gtl,OldTown,Norm,Norm,1Fam,2.5Unf,5,5,1898,1965,Hip,CompShg,AsbShng,AsbShng,0.0,TA,TA,PConc,TA,TA,No,Unf,0.0,Unf,6.745236349484363,GasA,TA,N,FuseA,6.98100574072173,6.96979066990159,2,1.3862943611198906,TA,Typ,0,NA,Detchd,Unf,2,Fa,Po,N,3.713572066704308,0.0,0.0,11,2009,WD,Normal,106000,9.2771575450135,2.0,5.056245805348308,111,44,1
378,4.110873864173311,FV,4.634728988229636,9.318656515459642,Pave,IR1,Lvl,AllPub,Corner,Gtl,Somerst,Norm,Norm,1Fam,2Story,8,5,2004,2005,Gable,CompShg,CemntBd,CmentBd,0.0,Gd,TA,PConc,Gd,TA,No,Unf,0.0,Unf,7.365812837209472,GasA,Ex,Y,SBrkr,7.365812837209472,6.787844982309579,4,0.6931471805599453,Gd,Typ,1,Gd,Attchd,RFn,2,TA,TA,Y,5.075173815233827,0.0,0.0,12,2007,WD,Normal,340000,9.889844913494969,3.0,5.3706380281276624,3,2,1
287,3.9318256327243257,RL,4.356708826689592,9.18881025342582,Pave,IR1,Bnk,AllPub,Inside,Gtl,NAmes,Norm,Norm,1Fam,1.5Fin,6,7,1962,1981,Gable,CompShg,Wd Sdng,Wd Sdng,0.0,TA,TA,CBlock,TA,TA,No,Rec,6.398594934535208,Unf,5.746203190540153,GasA,TA,Y,SBrkr,6.990256500493881,6.476972362889683,3,0.6931471805599453,Gd,Typ,1,Gd,Attchd,RFn,2,TA,TA,Y,0.0,0.0,0.0,6,2006,WD,Normal,159000,9.250041738827735,1.5,4.859812404361672,44,25,1
1401,3.9318256327243257,RM,3.9318256327243257,8.699681400989514,Pave,Reg,Lvl,AllPub,Corner,Gtl,BrkSide,Norm,Norm,1Fam,1.5Fin,6,7,1929,1950,Gable,CompShg,WdShing,Wd Shng,0.0,TA,TA,BrkTil,TA,TA,No,Unf,0.0,Unf,6.760414691083428,GasA,TA,Y,SBrkr,6.85751406254539,5.342334251964811,3,0.6931471805599453,TA,Typ,1,Gd,BuiltIn,RFn,1,TA,TA,Y,0.0,0.0,0.0,7,2008,WD,Normal,120000,8.846353043314327,1.0,4.727387818712341,79,58,1
1049,3.044522437723423,RL,4.61512051684126,9.987415012471414,Pave,Reg,Lvl,AllPub,Inside,Gtl,Mitchel,Norm,Norm,1Fam,1Story,5,4,1960,2006,Hip,CompShg,HdBoard,HdBoard,4.330733340286331,TA,Fa,Slab,NA,NA,NA,NA,0.0,NA,0.0,GasA,TA,Y,SBrkr,7.4798641311650265,0.0,3,0.6931471805599453,TA,Min1,1,TA,Attchd,Unf,2,TA,TA,Y,0.0,0.0,0.0,11,2009,WD,Normal,115000,9.088850474388472,1.0,0.0,49,3,1
127,4.795790545596741,RL,3.2188758248682006,8.502891406705377,Pave,IR1,Lvl,AllPub,Inside,Gtl,NPkVill,Norm,Norm,TwnhsE,1Story,6,5,1976,1976,Gable,CompShg,Plywood,Plywood,0.0,TA,TA,CBlock,Gd,TA,No,ALQ,4.795790545596741,Unf,6.8658910748834385,GasA,TA,Y,SBrkr,6.8658910748834385,0.0,2,0.6931471805599453,TA,Typ,1,TA,Attchd,RFn,2,TA,TA,Y,0.0,0.0,0.0,2,2007,WD,Normal,128000,8.656781205623291,2.0,5.327876168789581,31,31,0
619,3.044522437723423,RL,4.51085950651685,9.36691667901828,Pave,Reg,Lvl,AllPub,Inside,Gtl,NridgHt,Norm,Norm,1Fam,1Story,9,5,2007,2007,Hip,CompShg,CemntBd,CmentBd,6.115892125483034,Ex,TA,PConc,Ex,TA,Av,GLQ,3.8918202981106265,Unf,7.4815557019095165,GasA,Ex,Y,SBrkr,7.511524648390866,0.0,3,0.6931471805599453,Gd,Typ,1,Gd,Attchd,Unf,3,TA,TA,Y,0.0,0.0,0.0,7,2007,New,Partial,314813,9.70826311038665,2.0,5.910796644040527,0,0,0
293,3.9318256327243257,RL,4.110873864173311,9.342245442856122,Pave,Reg,Lvl,AllPub,Inside,Gtl,Edwards,Norm,Norm,1Fam,1.5Fin,5,4,1949,2008,Gable,CompShg,Wd Sdng,Wd Sdng,0.0,TA,TA,CBlock,TA,TA,No,LwQ,5.680172609017068,Unf,6.1675164908883415,GasA,Gd,Y,SBrkr,7.046647277848756,6.343880434126331,3,0.6931471805599453,TA,Min2,1,Gd,Attchd,Unf,1,TA,TA,Y,0.0,0.0,0.0,1,2009,WD,Normal,131000,9.057305735807121,1.5,5.081404364984463,60,1,1
528,4.110873864173311,RL,4.219507705176107,9.612399686949514,Pave,IR1,Lvl,AllPub,Inside,Gtl,NridgHt,Norm,Norm,1Fam,2Story,9,5,2008,2008,Hip,CompShg,VinylSd,VinylSd,5.594711379601839,Ex,TA,PConc,Ex,TA,Av,GLQ,7.193685818395112,Unf,4.812184355372417,GasA,Ex,Y,SBrkr,7.29776828253138,7.121252453244542,3,0.6931471805599453,Ex,Typ,1,Gd,Attchd,Fin,3,TA,TA,Y,4.844187086458591,0.0,0.0,11,2008,New,Partial,446261,10.103075844228801,3.5,4.204692619390966,0,0,0
1256,3.9318256327243257,RM,3.970291913552122,8.738895704934043,Pave,Reg,Lvl,AllPub,Inside,Gtl,BrkSide,Norm,Norm,1Fam,1.5Fin,6,6,1931,1950,Gable,CompShg,Wd Sdng,Wd Sdng,0.0,TA,TA,BrkTil,TA,Fa,No,LwQ,6.054439346269371,Unf,6.131226489483141,GasA,TA,Y,FuseA,6.866933284461882,6.013715156042802,3,0.6931471805599453,TA,Typ,1,Gd,Detchd,Unf,1,TA,TA,Y,0.0,0.0,0.0,11,2007,WD,Normal,127500,9.01225522000275,1.0,4.795790545596741,76,57,1
483,4.2626798770413155,RM,3.9318256327243257,7.824445930877619,Pave,Reg,Lvl,AllPub,Corner,Gtl,OldTown,Norm,Norm,1Fam,2Story,7,8,1915,2005,Gable,CompShg,Stucco,Stucco,0.0,Gd,TA,PConc,TA,TA,No,ALQ,5.703782474656201,Unf,6.416732282512326,GasA,Ex,Y,SBrkr,6.821107472256465,6.814542897259958,4,0.6931471805599453,Ex,Min2,1,Gd,Attchd,Unf,1,Fa,Fa,Y,0.0,0.0,0.0,6,2009,WD,Normal,155000,9.455871442168021,2.5,0.0,94,4,1
356,3.044522437723423,RL,4.663439094112067,9.328123407632566,Pave,IR2,Lvl,AllPub,Inside,Gtl,CollgCr,Norm,Norm,1Fam,1Story,6,5,1995,1995,Gable,CompShg,VinylSd,VinylSd,0.0,Gd,Gd,PConc,Gd,Gd,No,ALQ,5.814130531825066,BLQ,5.777652323222656,GasA,Ex,Y,SBrkr,7.0909098220799835,0.0,3,0.6931471805599453,Gd,Typ,0,NA,Attchd,RFn,2,TA,TA,Y,0.0,0.0,0.0,8,2007,WD,Normal,177500,8.881975184248867,3.0,3.295836866004329,12,12,0
171,3.9318256327243257,RM,4.110873864173311,9.422139821589736,Pave,IR1,Lvl,AllPub,Inside,Gtl,OldTown,Feedr,Norm,1Fam,1.5Fin,5,6,1941,1950,Gable,CompShg,MetalSd,MetalSd,0.0,TA,TA,CBlock,TA,TA,No,Rec,5.8888779583328805,Unf,5.8888779583328805,GasA,TA,Y,SBrkr,6.75110146893676,0.0,2,0.6931471805599453,TA,Typ,0,NA,Detchd,Unf,2,TA,TA,Y,5.472270673671475,0.0,0.0,5,2007,WD,Normal,128500,8.840869624091395,1.5,0.0,66,57,1
1196,4.110873864173311,RL,3.9512437185814275,8.990939806940807,Pave,IR1,Lvl,AllPub,Inside,Gtl,Gilbert,Norm,Norm,1Fam,2Story,6,5,2005,2005,Gable,CompShg,VinylSd,VinylSd,0.0,TA,TA,PConc,Gd,TA,No,Unf,0.0,Unf,6.591673732008658,GasA,Ex,Y,SBrkr,6.591673732008658,6.591673732008658,3,0.6931471805599453,Gd,Typ,0,NA,Attchd,Fin,2,TA,TA,Y,4.61512051684126,0.0,0.0,7,2008,WD,Normal,176000,9.075322160298095,2.5,3.2188758248682006,3,3,0
662,4.110873864173311,RL,3.970291913552122,10.749141204810842,Pave,IR2,Lvl,AllPub,CulDSac,Gtl,NoRidge,Norm,Norm,1Fam,2Story,8,7,1994,2005,Hip,CompShg,VinylSd,VinylSd,6.270988431858299,Gd,TA,PConc,Gd,Gd,No,GLQ,7.216709486709457,Rec,4.48863636973214,GasA,Ex,Y,SBrkr,7.430707082545968,6.637258031284457,4,0.6931471805599453,Gd,Typ,1,TA,Attchd,RFn,3,TA,TA,Y,6.249975242259483,0.0,0.0,7,2009,WD,Normal,402000,9.882519246099932,3.5,4.343805421853684,15,4,1
1235,4.2626798770413155,RH,4.02535169073515,9.050875597325156,Pave,Reg,Bnk,AllPub,Inside,Gtl,SWISU,Norm,Norm,1Fam,2Story,5,6,1911,1950,Gable,CompShg,MetalSd,MetalSd,0.0,TA,TA,PConc,TA,TA,Av,Unf,0.0,Unf,6.846943139585379,GasA,TA,N,FuseA,6.932447891572509,6.846943139585379,4,0.6931471805599453,TA,Typ,0,NA,NA,NA,0,NA,NA,N,0.0,0.0,0.0,11,2008,WD,Abnorml,130000,9.192278229157774,1.5,5.262690188904886,97,58,1
210,3.044522437723423,RL,4.330733340286331,9.018089684104343,Pave,Reg,Lvl,AllPub,Inside,Gtl,NAmes,Norm,Norm,1Fam,1Story,6,7,1964,1964,Hip,CompShg,HdBoard,HdBoard,5.564520407322694,TA,TA,CBlock,Gd,TA,No,Rec,6.669498089857879,Unf,5.723585101952381,GasA,Ex,Y,SBrkr,6.996681488176539,0.0,3,0.6931471805599453,TA,Typ,0,NA,Attchd,RFn,2,TA,Gd,Y,0.0,0.0,0.0,7,2008,WD,Normal,145000,8.787678239039497,2.0,0.0,44,44,0
486,3.044522437723423,RL,4.394449154672439,9.169622538697624,Pave,Reg,Lvl,AllPub,Inside,Gtl,NAmes,Norm,Norm,1Fam,1Story,5,7,1950,2007,Gable,CompShg,MetalSd,MetalSd,0.0,Gd,TA,CBlock,TA,TA,No,ALQ,6.410174881966167,Unf,6.2285110035911835,GasA,Gd,Y,SBrkr,7.01571242048723,0.0,3,0.6931471805599453,Gd,Typ,1,Gd,Attchd,Unf,1,TA,TA,Y,0.0,0.0,0.0,7,2009,WD,Normal,147000,8.624431942085836,1.0,5.303304908059076,59,2,1
141,3.044522437723423,RL,4.2626798770413155,9.259225769705994,Pave,Reg,Lvl,AllPub,FR2,Gtl,NAmes,Norm,Norm,1Fam,1Story,4,5,1971,1971,Gable,CompShg,HdBoard,HdBoard,0.0,TA,TA,CBlock,TA,TA,No,ALQ,6.07073772800249,Unf,6.07073772800249,GasA,TA,Y,SBrkr,6.762729506931879,0.0,3,0.6931471805599453,TA,Typ,1,Po,NA,NA,0,NA,NA,Y,0.0,0.0,0.0,4,2010,ConLI,Normal,115000,8.148156439921625,1.0,0.0,39,39,0
1190,4.110873864173311,RL,4.110873864173311,8.922791623969637,Pave,Reg,Lvl,AllPub,Inside,Gtl,Gilbert,Norm,Norm,1Fam,2Story,7,5,1999,1999,Gable,CompShg,VinylSd,VinylSd,0.0,TA,TA,PConc,TA,TA,No,Unf,0.0,Unf,6.902742737158593,GasA,Gd,Y,SBrkr,6.9363427358340495,6.655440350367647,3,0.6931471805599453,Gd,Typ,1,TA,Attchd,Fin,2,TA,TA,Y,4.948759890378168,0.0,0.0,6,2010,WD,Normal,189000,9.44375103564617,2.5,4.110873864173311,11,11,0
944,4.51085950651685,RL,4.61512051684126,10.12667110305036,Pave,Reg,Low,AllPub,Inside,Gtl,Mitchel,Norm,Norm,Duplex,1Story,5,4,1967,1967,Gable,CompShg,HdBoard,Plywood,0.0,TA,TA,CBlock,TA,TA,Av,Unf,0.0,Unf,7.398174092970465,GasA,TA,Y,SBrkr,7.398174092970465,0.0,4,1.0986122886681098,TA,Typ,0,NA,Attchd,Unf,2,TA,TA,P,0.0,0.0,0.0,6,2007,WD,Normal,143000,9.007121989469242,2.0,0.0,40,40,0
622,4.110873864173311,RL,4.51085950651685,9.287394001418473,Pave,Reg,Lvl,AllPub,Inside,Gtl,NWAmes,Norm,Norm,1Fam,2Story,6,7,1974,1997,Gable,CompShg,HdBoard,HdBoard,0.0,TA,TA,CBlock,TA,TA,No,ALQ,6.863803391452954,Rec,5.953243334287785,GasA,TA,Y,SBrkr,7.3453648404168685,6.9726062513017535,4,0.6931471805599453,TA,Typ,1,TA,Attchd,RFn,2,TA,TA,Y,3.6635616461296463,0.0,0.0,6,2008,WD,Normal,240000,9.660460120624778,2.5,5.497168225293202,34,11,1
1158,4.795790545596741,RL,3.5553480614894135,8.517593111437565,Pave,IR1,Lvl,AllPub,Inside,Gtl,NridgHt,Norm,Norm,Twnhs,1Story,7,5,2007,2008,Gable,CompShg,VinylSd,VinylSd,5.117993812416755,Gd,TA,PConc,Gd,TA,No,GLQ,6.807934943699926,Unf,6.018593214496234,GasA,Ex,Y,SBrkr,7.181591944611865,0.0,2,0.6931471805599453,Gd,Typ,1,Gd,Attchd,RFn,2,TA,TA,Y,5.153291594497779,0.0,0.0,7,2009,WD,Normal,230000,9.126850061477157,3.0,4.143134726391533,2,1,1
1323,4.110873864173311,RL,4.68213122712422,9.228867676590067,Pave,IR1,Lvl,AllPub,Inside,Gtl,NoRidge,Norm,Norm,1Fam,2Story,7,5,1992,1992,Gable,CompShg,HdBoard,HdBoard,0.0,Gd,TA,PConc,Gd,TA,No,GLQ,6.51471269087253,Unf,4.343805421853684,GasA,Ex,Y,SBrkr,6.967909201801884,6.760414691083428,3,0.6931471805599453,Gd,Typ,1,TA,Attchd,RFn,2,TA,TA,Y,5.484796933490655,0.0,0.0,6,2010,WD,Normal,190000,9.507626180570659,3.5,3.6888794541139363,18,18,0
705,3.044522437723423,RL,4.2626798770413155,9.036106025364846,Pave,Reg,Lvl,AllPub,Inside,Gtl,CollgCr,Norm,Norm,1Fam,1Story,7,5,2004,2005,Gable,CompShg,VinylSd,VinylSd,4.700480365792417,Gd,TA,PConc,Gd,TA,Av,GLQ,6.569481420414296,Unf,6.635946555686647,GasA,Ex,Y,SBrkr,7.3031700512368,0.0,3,0.6931471805599453,Gd,Typ,0,NA,Attchd,RFn,2,TA,TA,Y,0.0,0.0,0.0,5,2010,WD,Normal,213000,9.248502833070532,3.0,5.19295685089021,6,5,1
1324,3.4339872044851463,RL,3.9318256327243257,8.581294116822761,Pave,Reg,HLS,AllPub,Inside,Gtl,BrkSide,Norm,Norm,1Fam,1Story,4,7,1940,1950,Hip,CompShg,VinylSd,VinylSd,0.0,Fa,TA,CBlock,TA,TA,No,LwQ,5.638354669333745,Unf,4.948759890378168,GasA,Gd,Y,SBrkr,6.5638555265321274,0.0,2,0.6931471805599453,Fa,Typ,0,NA,NA,NA,0,NA,NA,Y,5.10594547390058,0.0,0.0,12,2009,WD,Normal,82500,7.949091499830517,1.0,0.0,69,59,1
200,3.044522437723423,RL,4.343805421853684,9.16868469670735,Pave,Reg,Lvl,AllPub,Inside,Gtl,NridgHt,Norm,Norm,1Fam,1Story,8,5,2004,2005,Hip,CompShg,VinylSd,VinylSd,5.572154032177765,Gd,TA,PConc,Ex,TA,Av,GLQ,6.9930151229329605,Unf,6.439350371100098,GasA,Ex,Y,SBrkr,7.446585099157725,0.0,3,0.6931471805599453,Ex,Typ,1,Gd,Attchd,Fin,3,TA,TA,Y,0.0,0.0,0.0,1,2009,WD,Normal,274900,9.525516008736886,3.0,5.2832037287379885,5,4,1
494,3.044522437723423,RL,4.2626798770413155,8.978660489639687,Pave,Reg,Lvl,AllPub,Inside,Gtl,NAmes,Norm,Norm,1Fam,1Story,5,6,1960,1960,Gable,CompShg,BrkFace,Wd Sdng,0.0,TA,TA,CBlock,TA,TA,No,BLQ,5.926926025970411,LwQ,5.8971538676367405,GasA,TA,Y,FuseA,7.146772179452637,0.0,3,0.6931471805599453,TA,Typ,1,Fa,Detchd,Unf,1,TA,TA,Y,0.0,0.0,0.0,6,2008,WD,Normal,155000,8.75557997214314,1.5,0.0,48,48,0
665,3.044522437723423,RL,3.912023005428146,9.947360886980098,Pave,IR2,Lvl,AllPub,CulDSac,Gtl,Somerst,RRAn,Norm,1Fam,1Story,8,5,2005,2006,Gable,CompShg,VinylSd,VinylSd,0.0,Gd,TA,PConc,Ex,TA,Mn,GLQ,7.451241684987676,Unf,5.877735781779639,GasA,Ex,Y,SBrkr,7.6487397889562425,0.0,1,0.6931471805599453,Ex,Typ,1,Ex,Attchd,Fin,3,TA,TA,Y,5.262690188904886,0.0,0.0,1,2006,New,Partial,423000,9.7277641797704,2.5,5.5909869805108565,1,0,1
1340,3.044522437723423,RL,4.795790545596741,9.165447603085447,Pave,IR1,Lvl,AllPub,Corner,Gtl,CollgCr,Norm,Norm,1Fam,1Story,5,7,1972,1972,Hip,CompShg,MetalSd,MetalSd,0.0,TA,Gd,CBlock,TA,TA,Mn,Rec,5.8888779583328805,Unf,6.22455842927536,GasA,Ex,Y,SBrkr,6.762729506931879,0.0,3,0.6931471805599453,TA,Typ,0,NA,Attchd,RFn,1,TA,TA,Y,0.0,0.0,0.0,6,2006,WD,Normal,128500,8.371242135931933,1.0,0.0,34,34,0
1059,4.110873864173311,RL,4.574710978503383,9.333354147871328,Pave,IR1,Lvl,AllPub,Inside,Gtl,NridgHt,Norm,Norm,1Fam,2Story,9,5,2008,2008,Gable,CompShg,VinylSd,VinylSd,5.043425116919247,Ex,TA,PConc,Ex,TA,Av,GLQ,6.842683282238422,Unf,5.1298987149230735,GasA,Ex,Y,SBrkr,7.030857476116121,6.961296045910167,3,0.6931471805599453,Ex,Typ,1,Gd,Attchd,Fin,3,TA,TA,Y,0.0,0.0,0.0,7,2009,WD,Normal,335000,9.8861887879578,3.5,4.634728988229636,1,1,0
1188,3.044522437723423,RL,4.499809670330265,9.430439293104167,Pave,Reg,Lvl,AllPub,Corner,Gtl,NoRidge,Norm,Norm,1Fam,1Story,8,5,1994,1995,Gable,CompShg,ImStucc,ImStucc,0.0,Gd,TA,PConc,Gd,TA,No,GLQ,7.284134806195205,Unf,5.1298987149230735,GasA,Ex,Y,SBrkr,7.393263094763838,0.0,2,0.6931471805599453,Gd,Typ,1,Fa,Attchd,RFn,3,TA,TA,Y,0.0,0.0,0.0,7,2006,WD,Normal,262000,9.472166029882736,3.0,5.726847747587197,12,11,1
11,3.044522437723423,RL,4.2626798770413155,9.32375833901174,Pave,Reg,Lvl,AllPub,Inside,Gtl,Sawyer,Norm,Norm,1Fam,1Story,5,5,1965,1965,Hip,CompShg,HdBoard,HdBoard,0.0,TA,TA,CBlock,TA,TA,No,Rec,6.810142450115136,Unf,4.90527477843843,GasA,Ex,Y,SBrkr,6.947937068614969,0.0,3,0.6931471805599453,TA,Typ,0,NA,Detchd,Unf,1,TA,TA,Y,0.0,0.0,0.0,2,2008,WD,Normal,129500,8.556606193773073,2.0,0.0,43,43,0
148,4.110873864173311,RL,4.189654742026425,9.159678457173955,Pave,IR1,Lvl,AllPub,CulDSac,Gtl,Gilbert,Norm,Norm,1Fam,2Story,7,5,2001,2001,Gable,CompShg,VinylSd,VinylSd,5.198497031265826,Gd,TA,PConc,Gd,TA,No,Unf,0.0,Unf,6.785587645007929,GasA,Ex,Y,SBrkr,6.785587645007929,7.049254841255837,3,0.6931471805599453,Gd,Typ,1,Gd,BuiltIn,Fin,2,TA,TA,Y,4.976733742420574,0.0,0.0,5,2010,WD,Normal,222500,9.564231444538299,2.5,3.8918202981106265,9,9,0
765,4.795790545596741,RL,3.4339872044851463,9.164296433474776,Pave,IR1,Lvl,AllPub,CulDSac,Gtl,Veenker,Norm,Norm,TwnhsE,1Story,8,5,1995,1996,Hip,CompShg,BrkFace,BrkFace,0.0,Gd,Gd,PConc,Gd,Gd,Av,LwQ,6.082218910376446,GLQ,0.0,GasA,Ex,Y,SBrkr,7.3098814858247865,0.0,2,0.6931471805599453,Ex,Typ,1,Gd,Attchd,Fin,2,TA,TA,Y,0.0,0.0,0.0,4,2006,WD,Normal,270000,9.38873757187798,2.5,5.5093883366279774,11,10,1
283,4.795790545596741,RL,3.5553480614894135,8.529911963824013,Pave,Reg,Lvl,AllPub,Inside,Gtl,NridgHt,Norm,Norm,Twnhs,1Story,7,5,2007,2008,Gable,CompShg,VinylSd,VinylSd,5.117993812416755,Gd,TA,PConc,Gd,TA,No,GLQ,6.807934943699926,Unf,6.018593214496234,GasA,Ex,Y,SBrkr,7.181591944611865,0.0,2,0.6931471805599453,Gd,Typ,1,Gd,Attchd,RFn,2,TA,TA,Y,5.153291594497779,0.0,0.0,4,2009,ConLw,Normal,207500,9.126850061477157,3.0,4.143134726391533,2,1,1
299,4.110873864173311,RL,4.51085950651685,9.367429587218957,Pave,Reg,Lvl,AllPub,Inside,Gtl,NWAmes,Norm,Norm,1Fam,2Story,6,6,1968,1968,Mansard,CompShg,HdBoard,AsphShn,5.902633333401366,Gd,TA,CBlock,TA,TA,No,ALQ,5.953243334287785,Rec,4.969813299576001,GasA,Gd,Y,SBrkr,6.948897222313312,6.555356891810665,3,0.6931471805599453,TA,Typ,1,Gd,Attchd,Unf,2,TA,TA,Y,5.41610040220442,0.0,0.0,6,2007,WD,Normal,175000,9.255218130754269,2.5,0.0,39,39,0
919,4.110873864173311,RL,4.6443908991413725,9.482350275033667,Pave,IR1,Lvl,AllPub,Corner,Gtl,SawyerW,Norm,Norm,1Fam,2Story,7,5,1991,1991,Gable,CompShg,HdBoard,HdBoard,0.0,Gd,TA,PConc,Ex,TA,Mn,BLQ,3.8918202981106265,GLQ,6.0473721790462776,GasA,Ex,Y,SBrkr,6.816735880594968,7.103322062526113,4,0.6931471805599453,Gd,Typ,1,TA,Attchd,RFn,3,TA,TA,Y,4.290459441148391,0.0,0.0,11,2007,WD,Normal,238000,9.608445125678054,3.5,6.0330862217988015,16,16,0
292,5.25227342804663,RL,4.02535169073515,8.646113971483077,Pave,Reg,Bnk,AllPub,Inside,Gtl,SWISU,Norm,Norm,2fmCon,2Story,5,6,1912,2000,Gable,CompShg,VinylSd,VinylSd,0.0,TA,Fa,PConc,TA,Fa,No,Rec,5.351858133476067,Unf,6.3473892096560105,GasA,Ex,N,SBrkr,6.842683282238422,6.660575149839686,6,0.6931471805599453,Fa,Typ,0,NA,NA,NA,0,NA,NA,N,0.0,0.0,0.0,3,2008,WD,Normal,135900,9.057305735807121,3.0,5.220355825078324,96,8,1
820,4.795790545596741,RL,3.8066624897703196,8.759668671029939,Pave,IR1,Lvl,AllPub,Inside,Gtl,NridgHt,Norm,Norm,TwnhsE,1Story,7,5,2009,2010,Gable,CompShg,VinylSd,VinylSd,4.859812404361672,Gd,TA,PConc,Gd,TA,Mn,GLQ,6.598509028614515,Unf,6.439350371100098,GasA,Ex,Y,SBrkr,7.214504414151143,0.0,2,0.6931471805599453,Gd,Typ,1,Gd,Attchd,RFn,2,TA,TA,Y,5.262690188904886,0.0,0.0,6,2010,New,Partial,224000,9.15978364835903,3.0,3.58351893845611,1,0,1
574,4.394449154672439,RL,4.343805421853684,9.207135241027235,Pave,IR1,Lvl,AllPub,Inside,Gtl,Gilbert,Norm,Norm,1Fam,SLvl,7,5,2000,2000,Gable,CompShg,VinylSd,VinylSd,0.0,TA,TA,PConc,Gd,TA,No,Unf,0.0,Unf,5.953243334287785,GasA,Ex,Y,SBrkr,6.652863029353347,6.48768401848461,3,0.6931471805599453,TA,Typ,1,TA,BuiltIn,RFn,2,TA,TA,Y,4.61512051684126,0.0,0.0,12,2007,WD,Normal,170000,9.211439767419483,2.5,0.0,7,7,0
1455,3.044522437723423,FV,4.143134726391533,8.922791623969637,Pave,Reg,Lvl,AllPub,Inside,Gtl,Somerst,Norm,Norm,1Fam,1Story,7,5,2004,2005,Gable,CompShg,VinylSd,VinylSd,0.0,Gd,TA,PConc,Gd,TA,No,GLQ,6.018593214496234,Unf,6.699500340161678,GasA,Ex,Y,SBrkr,7.108244139731541,0.0,2,0.6931471805599453,Gd,Typ,0,NA,Attchd,RFn,2,TA,TA,Y,0.0,0.0,0.0,10,2009,WD,Normal,185000,9.053452616439039,3.0,4.736198448394496,5,4,1
550,4.110873864173311,FV,4.330733340286331,9.145908511816794,Pave,Reg,Lvl,AllPub,Inside,Gtl,Somerst,Norm,Norm,1Fam,2Story,7,5,2003,2004,Gable,CompShg,VinylSd,VinylSd,0.0,Gd,TA,PConc,Gd,TA,No,Unf,0.0,Unf,6.816735880594968,GasA,Ex,Y,SBrkr,6.816735880594968,7.075808863978387,4,0.6931471805599453,Gd,Typ,1,Gd,BuiltIn,Fin,2,TA,TA,Y,5.209486152841421,0.0,0.0,11,2009,WD,Normal,263000,9.59280976029003,2.5,5.209486152841421,6,5,1
463,3.044522437723423,RL,4.110873864173311,9.021839764105513,Pave,IR1,Lvl,AllPub,Inside,Gtl,Sawyer,Norm,Norm,1Fam,1Story,5,5,1965,1965,Gable,CompShg,MetalSd,MetalSd,0.0,TA,TA,CBlock,TA,TA,No,Rec,6.317164686747284,BLQ,0.0,GasA,Gd,Y,SBrkr,6.762729506931879,0.0,3,0.6931471805599453,TA,Typ,1,Po,Detchd,Unf,1,TA,TA,Y,0.0,0.0,0.0,12,2009,WD,Normal,62383,8.371242135931933,1.0,5.4680601411351315,44,44,0
130,3.044522437723423,RL,4.248495242049359,9.102086786535928,Pave,Reg,Lvl,AllPub,Inside,Gtl,NAmes,Norm,Norm,1Fam,1Story,5,7,1958,1991,Gable,CompShg,Plywood,Plywood,4.454347296253507,TA,TA,CBlock,TA,TA,No,Rec,6.342121418721152,BLQ,6.025865973825314,GasA,TA,Y,FuseA,6.960347729101308,0.0,3,0.6931471805599453,Ex,Typ,0,NA,2Types,RFn,2,TA,TA,Y,0.0,0.0,0.0,7,2006,WD,Abnorml,150000,8.569026340056254,2.0,5.564520407322694,48,15,1
846,4.454347296253507,RL,4.269697449699962,9.720045368073471,Pave,IR1,Lvl,AllPub,CulDSac,Gtl,Sawyer,RRAe,Norm,1Fam,SFoyer,5,5,1975,1981,Gable,CompShg,HdBoard,HdBoard,0.0,TA,TA,CBlock,Gd,TA,Gd,ALQ,7.237778191923443,Unf,0.0,GasA,TA,Y,SBrkr,7.43955930913332,0.0,3,0.6931471805599453,TA,Min2,2,TA,Basment,Fin,2,TA,TA,Y,0.0,0.0,0.0,1,2007,WD,Normal,171000,9.04852707581358,3.0,0.0,32,26,1
332,3.044522437723423,RL,4.2626798770413155,9.009080614161977,Pave,Reg,Lvl,AllPub,Inside,Gtl,NAmes,Norm,Norm,1Fam,1Story,5,6,1958,1992,Gable,CompShg,Wd Sdng,Wd Sdng,0.0,TA,TA,CBlock,TA,TA,No,Rec,6.741700694652055,Unf,5.351858133476067,GasA,Fa,Y,SBrkr,6.963189985870238,0.0,3,0.6931471805599453,TA,Typ,0,NA,Attchd,RFn,1,TA,TA,Y,0.0,0.0,0.0,8,2007,WD,Normal,139000,8.571870752706934,2.0,0.0,49,15,1
324,3.044522437723423,RM,3.912023005428146,8.669227347271736,Pave,Reg,Lvl,AllPub,Inside,Gtl,OldTown,Norm,Norm,1Fam,1Story,3,8,1955,2005,Gable,CompShg,VinylSd,VinylSd,0.0,TA,Gd,CBlock,TA,TA,No,ALQ,5.54907608489522,Unf,6.810142450115136,GasA,Ex,Y,SBrkr,7.059617628291383,0.0,3,0.6931471805599453,TA,Typ,0,NA,Attchd,Unf,1,Fa,TA,Y,4.962844630259907,0.0,0.0,7,2006,WD,Normal,126175,8.157657015196472,2.0,4.59511985013459,51,1,1
651,4.110873864173311,FV,4.189654742026425,9.002824076547672,Pave,Reg,Lvl,AllPub,Inside,Gtl,Somerst,Norm,Norm,1Fam,2Story,7,6,2007,2007,Gable,CompShg,CemntBd,CmentBd,0.0,Gd,TA,PConc,Gd,TA,No,Unf,0.0,Unf,6.70196036600254,GasA,Ex,Y,SBrkr,6.71295620067707,6.738152494595957,3,0.6931471805599453,Gd,Typ,0,NA,Attchd,RFn,2,TA,TA,Y,0.0,0.0,0.0,5,2008,WD,Normal,205950,9.363576347875041,2.5,0.0,1,1,0
440,3.9318256327243257,RL,4.219507705176107,9.42181611842271,Pave,Reg,Lvl,AllPub,Corner,Gtl,Edwards,Norm,Norm,1Fam,1.5Fin,6,8,1920,2000,Gable,CompShg,Wd Sdng,Wd Sdng,0.0,TA,TA,BrkTil,TA,Fa,Mn,Unf,0.0,Unf,6.529418838262226,GasA,Gd,Y,SBrkr,6.529418838262226,6.240275845170769,3,0.6931471805599453,Gd,Typ,0,NA,Detchd,Unf,2,TA,TA,Y,0.0,0.0,6.68586094706836,8,2009,ConLI,Normal,110000,8.878636747430072,1.0,3.8501476017100584,89,9,1
799,4.110873864173311,RL,4.653960350157523,9.511851382364405,Pave,Reg,Lvl,AllPub,Inside,Gtl,NridgHt,Norm,Norm,1Fam,2Story,9,5,2008,2009,Hip,CompShg,VinylSd,VinylSd,6.7580945044277305,Ex,TA,PConc,Ex,TA,No,Unf,0.0,Unf,7.563719668414366,GasA,Ex,Y,SBrkr,7.584264818389059,7.069023426578259,4,0.6931471805599453,Ex,Typ,2,Gd,BuiltIn,Fin,3,TA,TA,Y,4.976733742420574,0.0,0.0,7,2009,New,Partial,485000,10.249238041316636,3.5,4.3694478524670215,1,0,1
136,3.044522437723423,RL,4.394449154672439,9.249657234353133,Pave,Reg,Lvl,AllPub,Inside,Gtl,NWAmes,Norm,Norm,1Fam,1Story,7,6,1970,1970,Hip,CompShg,Plywood,Plywood,5.666426688112432,TA,TA,PConc,TA,TA,No,Unf,0.0,Unf,7.173958319756794,GasA,Gd,Y,SBrkr,7.428333194190806,0.0,3,0.6931471805599453,TA,Typ,1,Gd,Attchd,Unf,2,TA,TA,Y,4.59511985013459,0.0,0.0,5,2008,WD,Normal,174000,9.373733918884618,2.0,0.0,38,38,0
1453,5.198497031265826,RM,3.58351893845611,8.209580483475577,Pave,Reg,Lvl,AllPub,Inside,Gtl,Edwards,Norm,Norm,TwnhsE,SLvl,5,5,2005,2005,Gable,CompShg,VinylSd,VinylSd,4.394449154672439,TA,TA,PConc,Gd,TA,Gd,GLQ,6.306275286948016,Unf,0.0,GasA,Gd,Y,SBrkr,6.9782137426306985,0.0,2,0.6931471805599453,TA,Typ,0,NA,Basment,Fin,2,TA,TA,Y,0.0,0.0,0.0,5,2006,WD,Normal,145000,8.586905803827538,2.0,3.367295829986474,1,1,0
763,4.110873864173311,FV,4.290459441148391,9.0642735958414,Pave,Reg,Lvl,AllPub,Inside,Gtl,Somerst,Norm,Norm,1Fam,2Story,7,5,2009,2009,Gable,CompShg,VinylSd,VinylSd,0.0,TA,TA,PConc,Gd,TA,Mn,GLQ,3.2188758248682006,Unf,6.597145701886651,GasA,Ex,Y,SBrkr,6.639875833826536,6.664409020350408,3,0.6931471805599453,Gd,Typ,0,NA,Attchd,Unf,2,TA,TA,Y,5.135798437050262,0.0,0.0,6,2010,Con,Normal,215200,9.290075339995036,2.5,3.828641396489095,1,1,0
933,3.044522437723423,RL,4.442651256490317,9.364862411412354,Pave,IR1,Lvl,AllPub,Corner,Gtl,Somerst,RRNn,Norm,1Fam,1Story,9,5,2006,2006,Hip,CompShg,VinylSd,ImStucc,5.713732805509369,Ex,TA,PConc,Ex,Gd,No,Unf,0.0,Unf,7.552762084214147,GasA,Ex,Y,SBrkr,7.552762084214147,0.0,3,0.6931471805599453,Ex,Typ,1,Gd,Attchd,Fin,3,TA,TA,Y,0.0,0.0,0.0,3,2007,WD,Normal,320000,9.749520189238702,2.0,5.2574953720277815,1,1,0
436,4.110873864173311,RL,3.784189633918261,9.275003885301905,Pave,IR2,Lvl,AllPub,CulDSac,Gtl,CollgCr,PosN,Norm,1Fam,2Story,7,6,1996,1996,Gable,CompShg,VinylSd,VinylSd,0.0,Gd,TA,PConc,Gd,TA,Av,GLQ,5.955837369464831,ALQ,4.2626798770413155,GasA,Ex,Y,SBrkr,6.71901315438526,6.727431724850855,3,0.6931471805599453,Gd,Typ,1,TA,Attchd,RFn,2,TA,TA,Y,5.0689042022202315,0.0,0.0,4,2009,ConLw,Normal,212000,9.361171261678766,3.5,4.127134385045092,13,13,0
630,4.394449154672439,RL,4.418840607796598,9.107310471656639,Pave,Reg,Lvl,AllPub,Corner,Gtl,NAmes,Feedr,Norm,1Fam,SLvl,6,5,1964,1964,Gable,WdShngl,Plywood,Wd Sdng,5.560681631015528,TA,TA,CBlock,TA,TA,Gd,GLQ,6.437751649736401,Rec,5.666426688112432,GasA,TA,Y,SBrkr,7.208600337960199,0.0,3,0.6931471805599453,TA,Typ,0,NA,Attchd,RFn,2,TA,TA,Y,5.176149732573829,0.0,0.0,6,2008,WD,Normal,168500,8.999742789830492,2.5,0.0,44,44,0
1211,4.110873864173311,RL,4.2626798770413155,9.325364048544964,Pave,Reg,Lvl,AllPub,Inside,Gtl,SawyerW,Norm,Norm,1Fam,2Story,6,5,1992,1992,Gable,CompShg,Wd Sdng,Wd Sdng,0.0,Gd,TA,PConc,Gd,TA,No,Unf,0.0,Unf,6.962243464266207,GasA,Ex,Y,SBrkr,6.962243464266207,6.673297967767654,3,0.6931471805599453,Gd,Typ,1,TA,Attchd,RFn,2,TA,TA,Y,6.455198563340122,0.0,5.993961427306569,5,2010,WD,Normal,189000,9.312084355859467,2.5,4.653960350157523,18,18,0
1119,4.394449154672439,RL,4.454347296253507,9.53430615650521,Pave,Reg,Lvl,AllPub,Inside,Gtl,Sawyer,Norm,Norm,1Fam,SLvl,5,6,1958,1987,Gable,CompShg,MetalSd,MetalSd,0.0,TA,Gd,CBlock,TA,TA,No,Unf,0.0,Unf,6.280395838960195,GasA,TA,Y,SBrkr,6.92951677076365,6.364750756851911,3,0.6931471805599453,TA,Min2,0,NA,BuiltIn,RFn,1,TA,TA,Y,5.638354669333745,0.0,0.0,12,2008,WD,Normal,140000,8.987946539552519,1.5,3.5553480614894135,50,21,1
1085,4.110873864173311,RL,4.189654742026425,9.475163150281881,Pave,IR2,Lvl,AllPub,Corner,Gtl,Gilbert,Norm,Norm,1Fam,2Story,6,5,1995,1996,Gable,CompShg,HdBoard,HdBoard,0.0,TA,TA,PConc,Gd,TA,No,ALQ,6.385194398997726,Unf,4.605170185988092,GasA,Gd,Y,SBrkr,6.539585955617669,6.694562058521095,3,0.6931471805599453,TA,Typ,1,TA,Attchd,Fin,2,TA,TA,Y,5.755742213586912,0.0,0.0,7,2006,WD,Normal,187500,9.103756886573398,2.5,3.8066624897703196,11,10,1
159,4.110873864173311,FV,4.61512051684126,9.437714959818209,Pave,Reg,Lvl,AllPub,Corner,Gtl,Somerst,Norm,Norm,1Fam,2Story,7,5,2004,2005,Gable,CompShg,VinylSd,VinylSd,0.0,Gd,TA,PConc,Gd,TA,No,GLQ,5.407171771460119,Unf,6.646390514847729,GasA,Ex,Y,SBrkr,6.899723107284872,6.863803391452954,3,0.6931471805599453,Gd,Typ,1,Gd,Attchd,RFn,2,TA,TA,Y,0.0,0.0,0.0,5,2010,WD,Normal,254900,9.520028524690579,2.5,4.919980925828125,6,5,1
968,3.044522437723423,RL,4.324132656254979,8.908018322784887,Pave,IR1,Lvl,AllPub,Inside,Gtl,NAmes,Norm,Norm,1Fam,1Story,5,7,1955,1955,Hip,CompShg,Wd Sdng,Wd Sdng,5.0238805208462765,TA,TA,CBlock,TA,TA,No,ALQ,6.805722553416985,Unf,5.2832037287379885,GasA,TA,Y,SBrkr,7.002155954403621,0.0,3,0.6931471805599453,TA,Typ,0,NA,Attchd,Unf,1,TA,TA,Y,0.0,0.0,0.0,7,2008,WD,Normal,135000,8.610865667278873,2.0,0.0,53,53,0
1260,3.044522437723423,RL,4.189654742026425,9.18512512283512,Pave,Reg,Lvl,AllPub,FR2,Gtl,NAmes,Norm,Norm,1Fam,1Story,6,8,1969,1969,Gable,CompShg,HdBoard,HdBoard,0.0,TA,TA,CBlock,Gd,TA,No,ALQ,6.401917196727186,LwQ,2.70805020110221,GasA,Gd,Y,SBrkr,6.961296045910167,0.0,3,0.6931471805599453,TA,Typ,0,NA,Attchd,Unf,2,TA,TA,Y,5.198497031265826,0.0,0.0,7,2008,WD,Normal,151000,8.752265313595721,2.5,4.394449154672439,39,39,0
552,3.044522437723423,RM,3.9318256327243257,8.699681400989514,Pave,Reg,Lvl,AllPub,Inside,Gtl,OldTown,Norm,Norm,1Fam,1Story,5,6,1957,1957,Hip,CompShg,BrkFace,BrkFace,0.0,TA,TA,CBlock,TA,TA,No,Rec,5.733341276897746,Unf,6.431331081933479,GasA,Gd,Y,FuseA,6.834108738813838,0.0,3,0.6931471805599453,TA,Typ,0,NA,Attchd,Fin,1,TA,TA,Y,0.0,0.0,0.0,6,2008,WD,Normal,112500,8.442685139241176,1.0,0.0,51,51,0
498,3.9318256327243257,RL,4.110873864173311,9.118334726180159,Pave,Reg,Lvl,AllPub,Inside,Gtl,BrkSide,Norm,Norm,1Fam,1.5Fin,7,6,1925,1950,Gable,CompShg,Wd Sdng,Wd Sdng,0.0,TA,Gd,PConc,TA,TA,No,Rec,5.799092654460526,Unf,6.548219102762372,GasA,Ex,Y,SBrkr,7.033506484287697,6.5337888379333435,4,0.6931471805599453,TA,Typ,0,NA,Detchd,Unf,1,TA,TA,N,0.0,0.0,0.0,6,2008,WD,Normal,184000,9.45258041898138,3.0,4.61512051684126,83,58,1
1032,4.330733340286331,RL,4.634728988229636,9.671807670199632,Pave,Reg,Lvl,AllPub,Corner,Gtl,SWISU,Norm,Norm,1Fam,2.5Fin,7,3,1920,1970,Gable,CompShg,Wd Sdng,Plywood,0.0,TA,TA,BrkTil,TA,TA,No,GLQ,6.261491684321042,Unf,5.71042701737487,GasA,Ex,Y,SBrkr,7.431299675155903,6.906754778648554,5,0.6931471805599453,TA,Typ,2,TA,Basment,Fin,2,TA,TA,Y,4.919980925828125,0.0,0.0,8,2009,WD,Normal,197000,9.979290515951629,3.5,4.1588830833596715,89,39,1
1263,3.9318256327243257,RL,4.394449154672439,9.328212292571072,Pave,Reg,Lvl,AllPub,Inside,Gtl,ClearCr,Norm,Norm,1Fam,1.5Fin,4,5,1957,1989,Gable,CompShg,Wd Sdng,Wd Sdng,0.0,TA,TA,CBlock,TA,TA,Av,Unf,0.0,Unf,7.007600613951853,GasA,Ex,Y,FuseA,7.007600613951853,6.529418838262226,5,0.6931471805599453,TA,Min2,2,TA,Attchd,Unf,1,TA,TA,Y,4.795790545596741,0.0,0.0,11,2009,WD,Normal,161500,8.875287128108384,2.0,0.0,52,20,1
1014,3.4339872044851463,RM,4.110873864173311,8.881975184248867,Pave,Reg,Lvl,AllPub,Inside,Gtl,OldTown,Norm,Norm,1Fam,1Story,5,4,1910,2006,Hip,CompShg,MetalSd,Stucco,0.0,TA,TA,BrkTil,TA,TA,No,ALQ,5.5134287461649825,Rec,5.739792912179234,GasW,TA,N,SBrkr,6.930494765951626,0.0,2,0.6931471805599453,TA,Maj2,0,NA,Detchd,Unf,1,TA,TA,Y,0.0,0.0,0.0,6,2009,WD,Normal,85000,8.53915035876828,2.0,5.54907608489522,99,3,1
1312,3.044522437723423,RL,4.23410650459726,9.08421009483197,Pave,Reg,Lvl,AllPub,Inside,Gtl,CollgCr,Norm,Norm,1Fam,1Story,7,5,2005,2007,Gable,CompShg,VinylSd,VinylSd,4.394449154672439,Gd,TA,PConc,Gd,TA,No,GLQ,6.8308742346461795,Unf,5.857933154483459,GasA,Ex,Y,SBrkr,7.150701457592526,0.0,3,0.6931471805599453,Gd,Typ,0,NA,Attchd,RFn,2,TA,TA,Y,5.579729825986222,0.0,0.0,1,2007,New,Partial,203000,9.095939111666207,3.0,4.59511985013459,2,0,1
567,4.110873864173311,RL,4.356708826689592,9.323579767582693,Pave,IR1,Lvl,AllPub,Inside,Gtl,StoneBr,Norm,Norm,1Fam,2Story,9,5,2005,2007,Hip,CompShg,VinylSd,VinylSd,5.5053315359323625,Gd,TA,PConc,Gd,Gd,No,Unf,0.0,Unf,7.023758954738443,GasA,Ex,Y,SBrkr,7.034387929915503,7.223295679562314,4,0.6931471805599453,Ex,Typ,1,Gd,BuiltIn,Fin,3,TA,TA,Y,4.976733742420574,0.0,0.0,6,2008,WD,Normal,325000,10.022913682018666,2.5,3.6888794541139363,3,1,1
611,4.110873864173311,RL,4.2626798770413155,9.310276200588783,Pave,Reg,Lvl,AllPub,Inside,Gtl,CollgCr,PosN,Norm,1Fam,2Story,9,5,2000,2000,Hip,CompShg,VinylSd,VinylSd,5.3230099791384085,Gd,TA,PConc,Ex,TA,Mn,GLQ,6.807934943699926,Unf,6.285998094508865,GasA,Ex,Y,SBrkr,7.29776828253138,6.519147287940395,3,0.6931471805599453,Ex,Typ,2,Ex,Attchd,Fin,3,TA,TA,Y,5.537334267018537,0.0,0.0,5,2009,WD,Normal,313000,9.87189368094495,3.5,4.962844630259907,9,9,0
1279,4.110873864173311,RL,4.330733340286331,9.156306483483696,Pave,Reg,Lvl,AllPub,Inside,Gtl,CollgCr,Norm,Norm,1Fam,2Story,8,5,2002,2002,Gable,CompShg,VinylSd,VinylSd,0.0,Gd,TA,PConc,Gd,TA,No,GLQ,6.690842277418564,Unf,5.783825182329737,GasA,Ex,Y,SBrkr,7.029087564149662,6.806829360392176,3,0.6931471805599453,Gd,Typ,1,Gd,Attchd,RFn,2,TA,TA,Y,0.0,0.0,0.0,3,2008,WD,Normal,237000,9.695786647402777,3.5,5.356586274672012,6,6,0
1264,4.2626798770413155,RL,4.110873864173311,9.511629447834181,Pave,Reg,Lvl,AllPub,Inside,Gtl,BrkSide,Norm,Norm,1Fam,2Story,6,6,1919,1950,Gambrel,CompShg,Wd Sdng,Wd Sdng,0.0,TA,TA,PConc,TA,TA,No,Unf,0.0,Unf,6.639875833826536,GasA,Ex,Y,FuseA,6.966967138613983,6.639875833826536,3,0.6931471805599453,TA,Typ,1,Gd,Detchd,Unf,2,TA,TA,N,0.0,0.0,0.0,7,2007,WD,Normal,180500,9.300638009956963,1.0,4.844187086458591,88,57,1
817,3.044522437723423,RL,4.324132656254979,9.343646739284408,Pave,IR1,Lvl,AllPub,Corner,Gtl,NAmes,Norm,Norm,1Fam,1Story,5,6,1954,1954,Gable,CompShg,BrkFace,BrkFace,0.0,TA,TA,CBlock,TA,TA,No,BLQ,6.18826412308259,Unf,6.259581464064923,GasA,Gd,Y,SBrkr,6.9167150203536085,0.0,2,0.6931471805599453,TA,Typ,1,Gd,Attchd,RFn,1,TA,TA,Y,0.0,0.0,0.0,7,2006,WD,Normal,137000,8.525359754082631,1.0,4.795790545596741,52,52,0
439,3.4339872044851463,RL,3.713572066704308,8.361941906144946,Pave,Reg,Lvl,AllPub,Inside,Gtl,Crawfor,Norm,Norm,1Fam,1Story,5,6,1913,2002,Gable,CompShg,WdShing,Stucco,0.0,TA,TA,PConc,TA,TA,No,LwQ,5.902633333401366,Unf,4.330733340286331,GasA,TA,N,SBrkr,6.543911845564792,0.0,2,0.6931471805599453,Gd,Typ,1,Gd,Detchd,Unf,1,Gd,TA,P,0.0,0.0,0.0,3,2007,WD,Normal,90350,8.152198015861787,1.0,3.5553480614894135,94,5,1
941,4.51085950651685,RL,4.02535169073515,9.444700778495557,Pave,IR1,Lvl,AllPub,Inside,Gtl,Mitchel,Norm,Norm,Duplex,1Story,6,5,1976,1976,Gable,CompShg,Plywood,Plywood,0.0,TA,TA,CBlock,TA,TA,Gd,Rec,6.842683282238422,LwQ,5.983936280687191,GasA,TA,Y,SBrkr,7.455298485683291,0.0,4,1.0986122886681098,TA,Typ,0,NA,Attchd,Unf,2,TA,TA,Y,3.713572066704308,0.0,0.0,7,2006,WD,Normal,150900,9.246575864558277,2.0,0.0,30,30,0
97,3.044522437723423,RL,4.3694478524670215,9.236495329453033,Pave,IR1,Lvl,AllPub,Inside,Gtl,CollgCr,Norm,Norm,1Fam,1Story,7,5,1999,1999,Gable,CompShg,VinylSd,VinylSd,5.214935757608986,Gd,TA,PConc,Gd,TA,Av,ALQ,7.0587581525186645,Unf,6.056784013228625,GasA,Ex,Y,SBrkr,7.370860166536716,0.0,3,0.6931471805599453,Gd,Typ,0,NA,Attchd,RFn,2,TA,TA,Y,5.0689042022202315,0.0,0.0,8,2006,WD,Normal,214000,9.316230747233615,2.0,3.4011973816621555,7,7,0
561,3.044522437723423,RL,4.269697449699962,9.336267928573973,Pave,IR1,Lvl,AllPub,Inside,Gtl,Sawyer,Norm,Norm,1Fam,1Story,5,6,1957,1996,Hip,CompShg,Wd Sdng,Wd Sdng,5.198497031265826,TA,TA,CBlock,Gd,TA,No,ALQ,7.172424577124845,Unf,4.51085950651685,GasA,TA,Y,SBrkr,7.239214973779806,0.0,3,0.6931471805599453,TA,Mod,1,Gd,Detchd,Unf,2,TA,TA,Y,0.0,0.0,0.0,5,2010,WD,Normal,121500,8.848078421168667,2.5,4.564348191467836,53,14,1
1183,4.110873864173311,RL,5.081404364984463,9.656563472556515,Pave,IR1,Lvl,AllPub,Corner,Gtl,NoRidge,Norm,Norm,1Fam,2Story,10,5,1996,1996,Hip,CompShg,Wd Sdng,ImStucc,0.0,Gd,TA,PConc,Ex,TA,Av,GLQ,7.64826303090192,Unf,5.707110264748875,GasA,Ex,Y,SBrkr,7.788211557847076,7.633369649679584,4,0.6931471805599453,Ex,Typ,2,TA,Attchd,Fin,3,TA,TA,Y,5.147494476813453,6.320768294250582,0.0,7,2007,WD,Abnorml,745000,10.709092503552526,4.5,4.3694478524670215,11,11,0
472,4.110873864173311,RL,4.532599493153256,9.38873757187798,Pave,Reg,Lvl,AllPub,Inside,Gtl,NWAmes,PosA,Norm,1Fam,2Story,7,6,1977,1977,Mansard,WdShake,WdShing,Plywood,0.0,TA,TA,CBlock,Gd,TA,No,Unf,0.0,Unf,6.695798917058491,GasA,TA,Y,SBrkr,7.057897937411856,6.695798917058491,3,0.6931471805599453,TA,Typ,1,Gd,Attchd,RFn,2,TA,TA,Y,0.0,0.0,0.0,11,2007,WD,Normal,190000,9.531263778207766,2.5,5.6240175061873385,30,30,0
1005,4.795790545596741,RL,3.784189633918261,8.065579427282092,Pave,Reg,Lvl,AllPub,Inside,Gtl,Blmngtn,Norm,Norm,TwnhsE,1Story,7,5,2005,2006,Gable,CompShg,VinylSd,VinylSd,2.833213344056216,Gd,TA,PConc,Gd,TA,No,GLQ,2.833213344056216,Unf,7.193685818395112,GasA,Ex,Y,SBrkr,7.316548177182976,0.0,1,0.6931471805599453,Gd,Typ,1,Gd,Attchd,Fin,2,TA,TA,Y,5.056245805348308,0.0,0.0,5,2009,WD,Normal,181000,9.26188863385676,2.0,0.0,4,3,1
411,3.044522437723423,RL,4.23410650459726,9.166597449028265,Pave,Reg,Lvl,AllPub,Inside,Gtl,Edwards,Norm,Norm,1Fam,1Story,5,3,1958,1958,Gable,CompShg,BrkComm,Brk Cmn,0.0,TA,Fa,CBlock,TA,Fa,No,Unf,0.0,Unf,7.152268856032539,GasA,TA,Y,FuseA,7.152268856032539,0.0,3,0.6931471805599453,TA,Mod,0,NA,Attchd,Unf,1,TA,TA,Y,0.0,0.0,0.0,6,2009,COD,Abnorml,60000,8.761080103868347,1.0,0.0,51,51,0
964,3.044522437723423,RL,4.812184355372417,9.386308454797962,Pave,IR1,Lvl,AllPub,Corner,Gtl,CollgCr,Norm,Norm,1Fam,1Story,9,5,2007,2007,Gable,CompShg,VinylSd,VinylSd,0.0,Gd,TA,PConc,Ex,TA,No,Unf,0.0,Unf,7.496097345175956,GasA,Ex,Y,SBrkr,7.496097345175956,0.0,2,0.6931471805599453,Ex,Typ,0,NA,Attchd,Fin,2,TA,TA,Y,5.666426688112432,0.0,0.0,5,2009,WD,Normal,239000,9.692828247710418,2.0,4.919980925828125,2,2,0
583,4.51085950651685,RL,4.406719247264253,9.37940781309172,Grvl,Reg,Lvl,AllPub,Inside,Gtl,Edwards,Norm,Norm,Duplex,SFoyer,6,5,1990,1990,Gable,CompShg,HdBoard,HdBoard,4.653960350157523,TA,Gd,CBlock,Gd,TA,Av,GLQ,6.705639094860003,Unf,0.0,GasA,TA,Y,SBrkr,6.705639094860003,0.0,3,0.6931471805599453,TA,Typ,0,NA,NA,NA,0,NA,NA,Y,0.0,0.0,0.0,5,2007,WD,Normal,118500,8.496378051702317,2.0,3.4965075614664802,17,17,0
157,3.044522437723423,RL,4.110873864173311,8.881975184248867,Pave,Reg,Lvl,AllPub,Inside,Gtl,NAmes,Norm,Norm,1Fam,1Story,5,7,1950,1950,Hip,CompShg,Wd Sdng,Wd Sdng,0.0,TA,TA,CBlock,NA,NA,NA,NA,0.0,NA,0.0,GasA,TA,Y,FuseF,6.947937068614969,0.0,2,0.6931471805599453,TA,Typ,0,NA,Detchd,Unf,2,TA,TA,Y,0.0,0.0,0.0,6,2006,WD,Normal,109500,8.556606193773073,1.0,0.0,56,56,0
595,3.044522437723423,RL,4.48863636973214,8.986071187374463,Pave,IR1,Lvl,AllPub,Inside,Gtl,CollgCr,Norm,Norm,1Fam,1Story,5,6,1975,1975,Hip,CompShg,HdBoard,HdBoard,0.0,TA,TA,CBlock,Gd,TA,No,Unf,0.0,Unf,6.829793737512425,GasA,TA,Y,SBrkr,6.829793737512425,0.0,3,0.6931471805599453,TA,Typ,0,NA,Detchd,Unf,1,TA,TA,Y,0.0,0.0,0.0,4,2008,WD,Normal,110000,8.438366410870266,1.0,0.0,33,33,0
618,3.828641396489095,RL,4.0943445622221,8.885717651712119,Pave,Reg,HLS,AllPub,Corner,Mod,NAmes,Artery,Norm,1Fam,1.5Unf,6,6,1954,1954,Gable,CompShg,MetalSd,MetalSd,0.0,TA,TA,CBlock,TA,TA,No,Unf,0.0,Unf,6.725033642166843,GasA,Gd,Y,SBrkr,6.725033642166843,0.0,2,0.6931471805599453,Gd,Typ,0,NA,Detchd,Unf,2,TA,TA,Y,0.0,0.0,0.0,6,2008,WD,Normal,105500,8.51579221050061,1.0,0.0,54,54,0
448,4.110873864173311,RL,4.189654742026425,9.32500744695431,Pave,IR1,Lvl,AllPub,Corner,Gtl,Gilbert,Norm,Norm,1Fam,2Story,7,5,1998,1999,Gable,CompShg,VinylSd,VinylSd,0.0,Gd,TA,PConc,Gd,TA,No,Unf,0.0,Unf,6.836259277277067,GasA,Gd,Y,SBrkr,6.863803391452954,6.836259277277067,4,0.6931471805599453,Gd,Typ,1,TA,Attchd,Fin,2,TA,TA,Y,4.499809670330265,0.0,0.0,7,2006,WD,Normal,199900,9.488199355479201,2.5,0.0,8,7,1
1206,3.044522437723423,RL,4.51085950651685,9.59458184363272,Pave,IR1,Lvl,AllPub,CulDSac,Gtl,SawyerW,Norm,Norm,1Fam,1Story,7,7,1990,1991,Hip,CompShg,HdBoard,HdBoard,5.459585514144159,Gd,TA,CBlock,Gd,TA,Mn,ALQ,6.186208623900494,BLQ,7.311218384419629,GasA,Gd,Y,SBrkr,7.69484807238461,0.0,3,0.6931471805599453,Gd,Typ,1,TA,Attchd,RFn,3,TA,TA,Y,4.442651256490317,0.0,0.0,6,2009,WD,Normal,271900,9.640368002912599,2.0,4.2626798770413155,19,18,1
862,5.25227342804663,RL,4.330733340286331,9.360999248261296,Pave,Reg,Lvl,AllPub,Inside,Gtl,Sawyer,Norm,Norm,2fmCon,1Story,5,4,1965,1965,Hip,CompShg,Plywood,HdBoard,0.0,TA,TA,PConc,TA,TA,Mn,BLQ,6.7357800142423265,Unf,5.293304824724492,GasA,Ex,Y,SBrkr,6.946975992135418,0.0,3,0.6931471805599453,TA,Typ,0,NA,Attchd,Unf,2,TA,TA,Y,0.0,0.0,0.0,4,2010,WD,Normal,131500,8.55564437779049,2.5,0.0,45,45,0
1011,3.9318256327243257,RL,4.7535901911063645,9.965851836732678,Pave,Reg,Lvl,AllPub,Inside,Gtl,Sawyer,Norm,Norm,1Fam,1.5Fin,5,5,1948,1950,Gable,CompShg,Wd Sdng,Wd Sdng,0.0,TA,TA,CBlock,TA,TA,No,Unf,0.0,Unf,6.580639137284949,GasA,TA,Y,SBrkr,6.580639137284949,6.313548046277095,4,0.6931471805599453,TA,Typ,1,Gd,Attchd,Unf,1,TA,TA,Y,0.0,0.0,0.0,8,2008,WD,Normal,135000,8.757154527656606,2.0,4.6913478822291435,60,58,1
391,3.9318256327243257,RL,3.9318256327243257,9.036701015565063,Pave,Reg,Lvl,AllPub,Inside,Gtl,Edwards,Norm,Norm,1Fam,1.5Fin,5,8,1900,1950,Gable,CompShg,MetalSd,MetalSd,0.0,TA,TA,BrkTil,TA,Gd,No,Rec,5.488937726156687,BLQ,5.438079308923196,GasA,Ex,Y,SBrkr,6.8690144506657065,6.008813185442595,4,0.6931471805599453,TA,Typ,0,NA,Detchd,Unf,1,TA,TA,Y,0.0,0.0,0.0,4,2008,WD,Normal,119000,8.829958044235482,2.0,5.493061443340548,108,58,1
1410,4.110873864173311,RL,3.8501476017100584,9.93037288131751,Pave,IR1,Lvl,AllPub,CulDSac,Gtl,NWAmes,Norm,Norm,1Fam,2Story,7,6,1986,1991,Gable,CompShg,Plywood,Plywood,4.820281565605037,TA,Gd,CBlock,Gd,TA,No,Unf,0.0,Unf,6.674561391814426,GasA,Gd,Y,SBrkr,7.1204443723924875,6.754604099487962,3,0.6931471805599453,TA,Typ,1,TA,Attchd,Fin,2,TA,TA,Y,5.8998973535824915,0.0,0.0,11,2008,WD,Normal,215000,9.592332123898705,2.5,4.1588830833596715,22,17,1
848,3.044522437723423,RL,3.6109179126442243,9.650142492488797,Pave,IR1,Lvl,AllPub,CulDSac,Gtl,CollgCr,Norm,Norm,1Fam,1Story,5,6,1972,1972,Gable,CompShg,HdBoard,Plywood,0.0,TA,TA,CBlock,TA,TA,Av,BLQ,6.133398042996649,Unf,6.003887067106539,GasA,Ex,Y,SBrkr,6.762729506931879,0.0,3,0.6931471805599453,TA,Typ,1,Fa,Attchd,Unf,1,TA,TA,Y,0.0,0.0,0.0,8,2009,WD,Normal,133500,8.371242135931933,2.0,0.0,37,37,0
1285,3.9318256327243257,RL,3.9318256327243257,9.173572647783969,Pave,Reg,Lvl,AllPub,Inside,Gtl,SWISU,Feedr,Norm,1Fam,1.5Fin,6,7,1919,1990,Gable,CompShg,Wd Sdng,Wd Shng,0.0,TA,TA,PConc,TA,TA,No,Unf,0.0,Unf,6.690842277418564,GasA,Ex,Y,SBrkr,7.438383530044307,6.618738983517219,4,0.6931471805599453,Gd,Min2,1,Gd,Detchd,Unf,1,TA,TA,Y,5.60947179518496,0.0,0.0,3,2010,WD,Normal,169000,9.594445640962938,2.0,5.0689042022202315,91,20,1
616,4.454347296253507,RL,4.394449154672439,9.082620630373812,Pave,Reg,Lvl,AllPub,Inside,Gtl,NAmes,Feedr,Norm,1Fam,SFoyer,6,7,1963,1963,Gable,CompShg,MetalSd,MetalSd,5.056245805348308,TA,Gd,PConc,TA,TA,Gd,GLQ,6.638567789166521,Unf,5.159055299214529,GasA,Ex,Y,SBrkr,6.961296045910167,0.0,3,0.6931471805599453,Gd,Typ,0,NA,Attchd,RFn,2,TA,TA,Y,4.795790545596741,0.0,0.0,5,2010,WD,Abnorml,137500,8.752265313595721,2.0,0.0,47,47,0
614,3.044522437723423,RL,4.2626798770413155,9.036344063928219,Pave,Reg,Lvl,AllPub,Inside,Gtl,Mitchel,Feedr,Norm,1Fam,1Story,5,5,2007,2007,Gable,CompShg,VinylSd,VinylSd,0.0,TA,TA,PConc,Gd,TA,No,ALQ,5.332718793265369,Unf,6.818924065275521,GasA,Ex,Y,SBrkr,7.02197642307216,0.0,3,0.6931471805599453,TA,Typ,0,NA,NA,NA,0,NA,NA,Y,0.0,0.0,0.0,12,2007,New,Partial,147000,8.630700432209832,1.0,3.4339872044851463,0,0,0
1304,3.044522437723423,RL,4.30406509320417,9.069813136839207,Pave,Reg,Lvl,AllPub,Inside,Gtl,Somerst,Norm,Norm,1Fam,1Story,7,5,2005,2005,Gable,CompShg,VinylSd,VinylSd,5.43372200355424,Gd,TA,PConc,Gd,TA,Av,Unf,0.0,Unf,7.388327859577107,GasA,Ex,Y,SBrkr,7.388327859577107,0.0,3,0.6931471805599453,Gd,Typ,0,NA,Attchd,RFn,3,TA,TA,Y,5.342334251964811,0.0,0.0,4,2006,WD,Normal,232000,9.333707785926467,2.0,4.0943445622221,1,1,0
487,3.044522437723423,RL,4.382026634673881,9.238927828828094,Pave,Reg,Lvl,AllPub,Inside,Gtl,NAmes,Norm,Norm,1Fam,1Story,5,7,1965,1965,Hip,CompShg,MetalSd,MetalSd,5.1298987149230735,TA,TA,CBlock,TA,TA,No,ALQ,6.729824070489475,Unf,5.472270673671475,GasA,TA,Y,SBrkr,6.97914527506881,0.0,3,0.6931471805599453,TA,Typ,0,NA,Attchd,RFn,2,TA,TA,Y,0.0,0.0,0.0,6,2007,WD,Normal,156000,8.58783803098557,2.5,0.0,42,42,0
562,3.044522437723423,RL,4.356708826689592,9.211439767419483,Pave,Reg,Lvl,AllPub,Inside,Mod,Mitchel,Norm,Norm,1Fam,1Story,5,5,1974,1975,Gable,CompShg,HdBoard,HdBoard,0.0,TA,TA,CBlock,Gd,TA,Av,ALQ,6.977281341630747,LwQ,5.278114659230517,GasA,Gd,Y,SBrkr,7.237059026124737,0.0,2,0.6931471805599453,TA,Typ,1,TA,Attchd,RFn,2,TA,TA,Y,5.484796933490655,0.0,0.0,4,2006,WD,Normal,170000,8.845921233304018,2.0,3.6635616461296463,32,31,1
309,3.4339872044851463,RL,4.212127597878484,9.42084437974393,Pave,IR1,Lvl,AllPub,Inside,Gtl,Edwards,Norm,Norm,1Fam,1Story,4,5,1940,1950,Gable,CompShg,VinylSd,VinylSd,0.0,TA,TA,CBlock,TA,TA,No,BLQ,5.572154032177765,Unf,6.396929655216146,GasA,Ex,Y,SBrkr,6.759255270663693,0.0,1,0.6931471805599453,TA,Typ,0,NA,Detchd,Unf,2,TA,TA,Y,5.0689042022202315,0.0,0.0,3,2009,WD,Normal,82500,8.144679183447758,1.0,0.0,69,59,1
462,4.2626798770413155,RL,4.110873864173311,8.881975184248867,Pave,Reg,Lvl,AllPub,Inside,Gtl,SWISU,Feedr,Norm,1Fam,2Story,7,9,1936,2007,Gable,CompShg,Wd Sdng,Wd Sdng,0.0,Gd,Gd,PConc,Gd,Gd,No,ALQ,5.860786223465865,BLQ,0.0,GasA,Ex,Y,SBrkr,6.3561076606958915,6.329720905522696,3,0.6931471805599453,Gd,Typ,0,NA,Detchd,RFn,2,TA,TA,Y,5.54907608489522,0.0,0.0,4,2009,WD,Normal,155000,8.980423936374544,2.0,0.0,73,2,1
1143,4.110873864173311,RL,4.356708826689592,9.20693457884135,Pave,Reg,Lvl,AllPub,Inside,Gtl,CollgCr,Norm,Norm,1Fam,2Story,8,5,2006,2007,Hip,CompShg,VinylSd,VinylSd,5.831882477283517,Gd,TA,PConc,Ex,TA,Gd,GLQ,7.048386408721883,Unf,5.75890177387728,GasA,Ex,Y,SBrkr,7.2909747781429814,7.217443431696533,4,0.6931471805599453,Gd,Typ,1,TA,BuiltIn,RFn,3,TA,TA,Y,4.836281906951478,0.0,0.0,4,2007,New,Partial,424870,10.026810768568128,4.0,4.976733742420574,1,0,1
731,4.795790545596741,RL,3.6888794541139363,8.592300663903043,Pave,IR1,Lvl,AllPub,Inside,Gtl,StoneBr,Norm,Norm,TwnhsE,1Story,8,5,1995,1996,Gable,CompShg,CemntBd,CmentBd,0.0,Gd,TA,PConc,Gd,TA,No,GLQ,7.074116816197362,Unf,6.030685260261263,GasA,Ex,Y,SBrkr,7.388327859577107,0.0,2,0.6931471805599453,Gd,Typ,1,TA,Attchd,RFn,2,TA,TA,Y,5.472270673671475,0.0,0.0,3,2010,WD,Normal,236500,9.467228129254554,3.0,5.030437921392435,15,14,1
1156,3.044522437723423,RL,4.51085950651685,9.284426915328881,Pave,IR1,Lvl,AllPub,Corner,Gtl,Veenker,Norm,Norm,1Fam,1Story,5,8,1976,2004,Gable,CompShg,Plywood,Plywood,0.0,Gd,Gd,CBlock,Gd,TA,Gd,ALQ,7.05444965813294,Unf,5.638354669333745,GasA,TA,Y,SBrkr,7.271008538280992,0.0,3,0.6931471805599453,Gd,Typ,1,Fa,Attchd,RFn,2,TA,TA,Y,0.0,0.0,0.0,7,2007,WD,Normal,218000,8.879889967673464,3.0,5.308267697401205,31,3,1
1204,3.044522437723423,RL,4.330733340286331,9.18512512283512,Pave,Reg,Lvl,AllPub,Inside,Gtl,CollgCr,Norm,Norm,1Fam,1Story,7,5,2000,2001,Gable,CompShg,VinylSd,VinylSd,5.147494476813453,Gd,TA,PConc,Gd,TA,No,Unf,0.0,Unf,7.396948602621014,GasA,Ex,Y,SBrkr,7.396948602621014,0.0,3,0.6931471805599453,Gd,Typ,1,TA,Attchd,Unf,2,TA,TA,Y,4.31748811353631,0.0,0.0,10,2009,WD,Normal,213000,9.34233308143468,2.0,5.459585514144159,9,8,1
701,3.044522437723423,RL,4.454347296253507,9.570250078424845,Pave,Reg,Lvl,AllPub,Inside,Gtl,Timber,Norm,Norm,1Fam,1Story,8,5,2002,2002,Hip,CompShg,VinylSd,VinylSd,6.447305862541213,Gd,TA,PConc,Ex,TA,Gd,GLQ,7.150701457592526,Unf,6.267200548541362,GasA,Ex,Y,SBrkr,7.496097345175956,0.0,3,0.6931471805599453,Gd,Typ,1,Gd,Attchd,Fin,3,TA,TA,Y,5.602118820879701,0.0,0.0,5,2006,WD,Normal,312500,9.575052927597383,3.0,4.3694478524670215,4,4,0
850,4.394449154672439,RL,4.394449154672439,9.169622538697624,Pave,Reg,Lvl,AllPub,FR2,Gtl,Veenker,Feedr,Norm,1Fam,SLvl,6,7,1976,1994,Hip,CompShg,Plywood,Plywood,5.8888779583328805,Gd,Gd,CBlock,TA,TA,No,Unf,0.0,Unf,6.270988431858299,GasA,Ex,Y,SBrkr,6.9985096422506015,6.635946555686647,3,0.6931471805599453,TA,Typ,1,TA,Attchd,RFn,2,TA,TA,Y,4.736198448394496,0.0,0.0,8,2007,WD,Normal,187000,9.317489287493226,2.5,4.61512051684126,31,13,1
1261,4.110873864173311,RL,4.189654742026425,10.113870026547724,Pave,IR3,Lvl,AllPub,CulDSac,Gtl,Gilbert,RRAn,Norm,1Fam,2Story,6,5,1999,1999,Gable,CompShg,VinylSd,VinylSd,0.0,TA,TA,PConc,Gd,TA,No,Unf,0.0,Unf,6.7357800142423265,GasA,Ex,Y,SBrkr,6.794586580876499,6.664409020350408,3,0.6931471805599453,TA,Typ,1,TA,BuiltIn,Fin,2,TA,TA,Y,0.0,0.0,0.0,6,2009,WD,Normal,181000,9.21542741102474,2.5,4.6443908991413725,10,10,0
788,4.110873864173311,RL,4.343805421853684,9.224539091375995,Pave,IR1,Lvl,AllPub,Inside,Gtl,SawyerW,Norm,Norm,1Fam,2Story,7,5,2004,2004,Gable,CompShg,VinylSd,VinylSd,0.0,Gd,TA,PConc,Gd,TA,No,GLQ,6.48768401848461,Unf,5.707110264748875,GasA,Ex,Y,SBrkr,6.863803391452954,7.029087564149662,4,0.6931471805599453,Gd,Typ,0,NA,BuiltIn,RFn,2,TA,TA,Y,0.0,0.0,0.0,1,2010,WD,Normal,233000,9.588023099071895,3.5,3.828641396489095,6,6,0
353,3.9318256327243257,RL,4.110873864173311,9.114379980830272,Pave,Reg,Lvl,AllPub,Inside,Gtl,Edwards,Artery,Norm,1Fam,1.5Fin,5,6,1941,1950,Gable,CompShg,VinylSd,VinylSd,0.0,TA,TA,CBlock,TA,Fa,Mn,LwQ,5.4680601411351315,Rec,0.0,GasA,TA,N,SBrkr,6.424869023905388,6.206575926724928,3,0.6931471805599453,TA,Typ,0,NA,Detchd,Unf,1,TA,Fa,Y,3.8918202981106265,0.0,0.0,3,2008,ConLw,Normal,95000,8.622633703874234,1.5,0.0,67,58,1
711,3.4339872044851463,RL,4.04305126783455,8.326274787396764,Pave,IR1,Lvl,AllPub,Inside,Gtl,BrkSide,Norm,Norm,1Fam,1Story,3,6,1935,2003,Gable,CompShg,VinylSd,VinylSd,0.0,Gd,TA,CBlock,TA,TA,No,Unf,0.0,Unf,5.602118820879701,GasA,Gd,Y,SBrkr,6.593044534142437,0.0,2,0.6931471805599453,TA,Maj2,0,NA,NA,NA,0,NA,NA,N,0.0,0.0,0.0,7,2008,WD,Normal,52000,7.690743163541872,1.0,0.0,73,5,1
125,3.044522437723423,RL,3.8918202981106265,9.743553514619803,Pave,IR1,Lvl,AllPub,CulDSac,Gtl,NWAmes,Norm,Norm,1Fam,1Story,6,5,1979,1998,Gable,CompShg,HdBoard,HdBoard,0.0,TA,Gd,CBlock,Gd,Fa,No,Unf,0.0,Unf,7.217443431696533,GasA,TA,Y,SBrkr,7.369600720526409,0.0,3,0.6931471805599453,TA,Typ,1,TA,Attchd,Unf,2,TA,TA,Y,5.262690188904886,0.0,0.0,1,2009,WD,Normal,181000,9.160834952072344,2.0,0.0,30,11,1
179,3.044522437723423,RL,4.1588830833596715,9.765603845172741,Pave,IR1,Lvl,AllPub,CulDSac,Gtl,StoneBr,Norm,Norm,1Fam,1Story,9,5,2008,2009,Hip,CompShg,VinylSd,VinylSd,6.618738983517219,Ex,TA,PConc,Ex,TA,No,GLQ,7.552237287560802,Unf,5.746203190540153,GasA,Ex,Y,SBrkr,7.711996507047669,0.0,1,0.6931471805599453,Ex,Typ,1,Gd,Attchd,Fin,3,TA,TA,Y,0.0,0.0,0.0,7,2009,New,Partial,501837,9.908823292125648,3.0,4.110873864173311,1,0,1
288,3.044522437723423,RL,4.324132656254979,9.002824076547672,Pave,IR1,Lvl,AllPub,Corner,Gtl,NAmes,Norm,Norm,1Fam,1Story,4,4,1971,1971,Gable,CompShg,HdBoard,HdBoard,0.0,TA,TA,CBlock,TA,TA,No,BLQ,6.421622267806518,Unf,5.501258210544727,GasA,TA,Y,SBrkr,6.755768921984255,0.0,3,0.6931471805599453,TA,Typ,0,NA,NA,NA,0,NA,NA,Y,0.0,0.0,0.0,6,2006,WD,Normal,88000,8.141189793457691,1.0,0.0,35,35,0
1408,3.044522437723423,RL,4.276666119016055,9.080345575359996,Pave,IR1,Lvl,AllPub,Corner,Gtl,Mitchel,Norm,Norm,1Fam,1Story,5,5,1985,1985,Gable,CompShg,HdBoard,Plywood,0.0,TA,TA,CBlock,TA,TA,No,ALQ,6.439350371100098,Unf,5.342334251964811,GasA,Ex,Y,SBrkr,6.726233402358747,0.0,3,0.6931471805599453,TA,Typ,0,NA,NA,NA,0,NA,NA,Y,0.0,0.0,0.0,3,2009,WD,Normal,112000,8.334711621820917,2.0,0.0,24,24,0
1209,3.044522437723423,RL,4.2626798770413155,8.957252944288902,Pave,Reg,Lvl,AllPub,Inside,Gtl,NAmes,Norm,Norm,1Fam,1Story,5,7,1962,1980,Gable,CompShg,MetalSd,MetalSd,0.0,TA,Gd,CBlock,TA,TA,No,Rec,6.22455842927536,BLQ,5.768320995793772,GasA,TA,Y,SBrkr,7.157735484249907,0.0,3,0.6931471805599453,TA,Typ,0,NA,Detchd,Unf,2,TA,TA,Y,0.0,0.0,0.0,10,2008,WD,Normal,140000,8.766550149546351,2.0,0.0,46,28,1
295,3.044522437723423,RL,4.394449154672439,9.169622538697624,Pave,Reg,Lvl,AllPub,Inside,Gtl,NAmes,Norm,Norm,1Fam,1Story,6,5,1953,1953,Hip,CompShg,HdBoard,HdBoard,5.476463551931511,TA,TA,CBlock,TA,TA,No,GLQ,7.1592919047975645,Unf,4.882801922586371,GasA,TA,Y,SBrkr,7.405495663199472,0.0,3,0.6931471805599453,TA,Typ,2,Gd,Attchd,Fin,2,TA,TA,Y,4.709530201312334,0.0,0.0,10,2009,WD,Normal,167000,9.196748418456716,2.0,0.0,56,56,0
328,3.044522437723423,RL,4.394449154672439,9.358846580275406,Pave,Reg,Lvl,AllPub,Inside,Gtl,NAmes,Norm,Norm,1Fam,1Story,6,5,1960,1960,Hip,CompShg,Wd Sdng,Wd Sdng,5.170483995038151,TA,TA,CBlock,TA,TA,No,Rec,6.338594078203183,Unf,6.70808408385307,GasA,TA,Y,SBrkr,7.232733136177615,0.0,3,0.6931471805599453,TA,Typ,0,NA,Attchd,RFn,1,TA,TA,Y,0.0,0.0,0.0,4,2006,WD,Normal,145250,9.023890304598448,1.5,3.828641396489095,46,46,0
1457,3.044522437723423,RL,4.454347296253507,9.486152271857476,Pave,Reg,Lvl,AllPub,Inside,Gtl,NWAmes,Norm,Norm,1Fam,1Story,6,6,1978,1988,Gable,CompShg,Plywood,Plywood,4.787491742782046,TA,TA,CBlock,Gd,TA,No,ALQ,6.673297967767654,Rec,6.380122536899765,GasA,TA,Y,SBrkr,7.637234388789473,0.0,3,0.6931471805599453,TA,Min1,2,TA,Attchd,Unf,2,TA,TA,Y,5.857933154483459,0.0,0.0,2,2010,WD,Normal,210000,9.428591977209965,3.0,0.0,32,22,1
842,4.2626798770413155,RM,4.110873864173311,9.25349564229011,Pave,Reg,Lvl,AllPub,Inside,Gtl,OldTown,Norm,Norm,1Fam,2Story,5,8,1904,2002,Gable,CompShg,MetalSd,MetalSd,0.0,TA,TA,PConc,TA,TA,No,Unf,0.0,Unf,6.478509642208569,GasA,Gd,Y,SBrkr,6.8658910748834385,6.366470447731438,3,0.6931471805599453,Gd,Typ,1,Po,Detchd,Unf,2,Gd,TA,P,4.2626798770413155,0.0,0.0,6,2008,WD,Normal,157500,8.948455992345542,2.0,4.990432586778736,104,6,1
1122,3.044522437723423,RL,4.442651256490317,9.218804450388312,Pave,Reg,Lvl,AllPub,Inside,Gtl,CollgCr,Norm,Norm,1Fam,1Story,7,5,2005,2006,Gable,CompShg,VinylSd,VinylSd,5.2832037287379885,Gd,TA,PConc,Gd,TA,Av,GLQ,3.2188758248682006,Unf,7.332369205929062,GasA,Ex,Y,SBrkr,7.347943823148687,0.0,3,0.6931471805599453,Gd,Typ,0,NA,Attchd,RFn,3,TA,TA,Y,4.976733742420574,0.0,0.0,7,2006,New,Partial,212900,9.29330189269053,2.0,3.044522437723423,1,0,1
932,3.044522437723423,RL,4.2626798770413155,9.116139576577355,Pave,Reg,Lvl,AllPub,Inside,Gtl,NAmes,Norm,Norm,1Fam,1Story,5,6,1965,1965,Gable,CompShg,VinylSd,VinylSd,0.0,TA,TA,CBlock,TA,TA,No,BLQ,5.82600010738045,Rec,4.804021044733257,GasA,Ex,Y,SBrkr,6.8308742346461795,0.0,2,0.6931471805599453,TA,Typ,0,NA,Detchd,Unf,1,TA,TA,Y,0.0,0.0,0.0,7,2009,WD,Normal,117500,8.439447842791385,1.5,0.0,44,44,0
237,3.044522437723423,RL,4.189654742026425,9.07954808172616,Pave,Reg,Lvl,AllPub,FR2,Gtl,CollgCr,Norm,Norm,1Fam,1Story,7,5,2004,2004,Gable,CompShg,VinylSd,VinylSd,4.59511985013459,Gd,TA,PConc,Gd,TA,Av,GLQ,3.2188758248682006,Unf,7.237778191923443,GasA,Ex,Y,SBrkr,7.254884810077338,0.0,3,0.6931471805599453,Gd,Typ,0,NA,Attchd,RFn,2,TA,TA,Y,4.890349128221754,0.0,0.0,5,2010,WD,Normal,185500,9.200189020919808,2.0,4.663439094112067,6,6,0
89,3.9318256327243257,C (all),4.663439094112067,9.044403844431551,Pave,IR1,Lvl,AllPub,Corner,Gtl,IDOTRR,Feedr,Feedr,1Fam,1.5Fin,3,2,1915,1982,Hip,CompShg,Plywood,Plywood,0.0,Fa,Fa,CBlock,TA,Fa,No,Unf,0.0,Unf,6.921658184151129,GasA,TA,N,SBrkr,6.921658184151129,0.0,2,0.6931471805599453,Fa,Typ,0,NA,NA,NA,0,NA,NA,N,0.0,0.0,0.0,10,2009,ConLD,Abnorml,85000,8.429235912657095,1.0,5.056245805348308,94,27,1
887,4.51085950651685,RL,4.2626798770413155,9.035272443893536,Pave,Reg,Lvl,AllPub,Corner,Gtl,NAmes,Norm,Norm,Duplex,1Story,5,5,1959,2005,Gable,CompShg,MetalSd,MetalSd,4.812184355372417,TA,TA,CBlock,TA,TA,No,LwQ,6.270988431858299,Unf,7.002155954403621,GasA,Ex,Y,SBrkr,7.44600149832412,0.0,4,1.0986122886681098,TA,Typ,0,NA,Attchd,Fin,2,TA,TA,Y,5.60947179518496,0.0,0.0,6,2006,WD,Family,145000,9.054972284742485,2.0,4.007333185232471,47,1,1
553,3.044522437723423,RL,4.477336814478207,9.318925682389624,Pave,IR1,Lvl,AllPub,Inside,Gtl,NridgHt,Norm,Norm,1Fam,1Story,8,5,2006,2006,Gable,CompShg,VinylSd,VinylSd,5.5254529391317835,Gd,TA,PConc,Ex,TA,Av,Unf,0.0,Unf,7.444248649496705,GasA,Ex,Y,SBrkr,7.4489161025442,0.0,3,0.6931471805599453,Gd,Typ,1,Gd,Attchd,RFn,3,TA,TA,Y,5.135798437050262,0.0,0.0,7,2009,WD,Normal,255500,9.527848201325206,2.0,3.6888794541139363,3,3,0
631,4.2626798770413155,RM,3.9318256327243257,9.105090961257085,Pave,Reg,Lvl,AllPub,Corner,Gtl,OldTown,Artery,Norm,1Fam,2Story,5,6,1880,1991,Gable,CompShg,VinylSd,VinylSd,0.0,TA,TA,BrkTil,Fa,Fa,No,Unf,0.0,Unf,6.456769655572163,GasA,TA,Y,FuseA,6.993932975223189,6.495265555937008,3,0.6931471805599453,Ex,Typ,0,NA,Detchd,Unf,1,Fa,Po,N,0.0,0.0,0.0,6,2006,WD,Abnorml,124000,9.076923258535832,1.0,5.683579767338681,126,15,1
1353,3.9318256327243257,RM,3.9318256327243257,8.699681400989514,Pave,Reg,Lvl,AllPub,Inside,Gtl,BrkSide,Norm,Norm,1Fam,1.5Fin,6,9,1937,2000,Gable,CompShg,MetalSd,MetalSd,0.0,Gd,TA,BrkTil,TA,TA,No,Unf,0.0,Unf,6.54965074223381,GasA,TA,Y,SBrkr,6.668228248417403,5.968707559985366,2,0.6931471805599453,TA,Typ,0,NA,Detchd,Unf,2,TA,TA,N,5.351858133476067,0.0,0.0,7,2009,WD,Normal,134900,8.86177531100083,1.0,0.0,72,9,1
666,4.110873864173311,RL,4.672828834461906,9.323222529032856,Pave,IR1,Lvl,AllPub,Corner,Gtl,Gilbert,Norm,Norm,1Fam,2Story,8,5,2000,2000,Gable,CompShg,VinylSd,VinylSd,3.713572066704308,Gd,TA,PConc,Gd,TA,No,Unf,0.0,Unf,7.249215057114389,GasA,Ex,Y,SBrkr,7.282761179605593,6.180016653652572,3,0.6931471805599453,Gd,Typ,1,TA,Attchd,RFn,2,TA,TA,Y,5.241747015059643,0.0,0.0,11,2006,WD,Normal,230500,9.647885373547759,2.5,4.8283137373023015,6,6,0
901,3.044522437723423,RL,4.324132656254979,8.901230352110781,Pave,IR1,Lvl,AllPub,Inside,Gtl,NAmes,Norm,Norm,1Fam,1Story,4,6,1971,1971,Gable,CompShg,HdBoard,HdBoard,0.0,TA,TA,CBlock,TA,TA,No,ALQ,5.777652323222656,Unf,6.285998094508865,GasA,TA,Y,SBrkr,6.755768921984255,0.0,2,0.6931471805599453,TA,Typ,0,NA,Detchd,Unf,1,TA,TA,Y,0.0,0.0,0.0,6,2007,WD,Normal,110000,8.141189793457691,1.0,0.0,36,36,0
291,4.110873864173311,RL,4.795790545596741,9.655795128300506,Pave,Reg,Lvl,AllPub,Inside,Gtl,CollgCr,Norm,Norm,1Fam,2Story,8,5,2006,2006,Gable,CompShg,VinylSd,VinylSd,0.0,Gd,TA,PConc,Gd,TA,Av,Unf,0.0,Unf,6.984716320118266,GasA,Ex,Y,SBrkr,6.984716320118266,6.734591659972948,3,0.6931471805599453,Gd,Typ,1,Gd,Attchd,RFn,2,Gd,TA,Y,0.0,0.0,0.0,7,2006,New,Partial,233230,9.639066173658899,2.5,3.9512437185814275,0,0,0
1383,4.2626798770413155,RM,4.110873864173311,8.881975184248867,Pave,Reg,Lvl,AllPub,Corner,Gtl,OldTown,Norm,Norm,1Fam,2Story,7,7,1920,1950,Hip,CompShg,Wd Sdng,Wd Sdng,0.0,TA,TA,BrkTil,Fa,TA,No,Unf,0.0,Unf,6.391917113392602,GasA,Ex,Y,SBrkr,6.906754778648554,6.639875833826536,4,0.6931471805599453,Gd,Typ,0,NA,Detchd,Unf,2,TA,TA,N,3.6109179126442243,0.0,0.0,10,2006,WD,Normal,157000,9.420196028963456,2.5,5.402677381872279,86,56,1
571,4.51085950651685,RL,4.31748811353631,9.480520169291822,Pave,IR1,Lvl,AllPub,Inside,Gtl,NAmes,Norm,Norm,Duplex,1Story,5,5,1965,1965,Gable,CompShg,HdBoard,HdBoard,4.6913478822291435,TA,TA,CBlock,TA,TA,No,LwQ,5.44673737166631,Unf,7.311886164077165,GasA,TA,Y,SBrkr,7.455298485683291,0.0,6,1.0986122886681098,TA,Typ,0,NA,Detchd,Unf,2,TA,TA,Y,0.0,0.0,0.0,11,2008,WD,Normal,142600,9.0642735958414,2.0,0.0,43,43,0
349,5.081404364984463,RL,3.6109179126442243,7.803435056952168,Pave,Reg,Lvl,AllPub,Inside,Gtl,NridgHt,Norm,Norm,Twnhs,2Story,7,5,2003,2004,Gable,CompShg,VinylSd,Wd Shng,4.672828834461906,Gd,TA,PConc,Gd,TA,No,GLQ,6.352629396319567,Unf,5.2574953720277815,GasA,Ex,Y,SBrkr,6.639875833826536,6.760414691083428,2,0.6931471805599453,Gd,Typ,0,NA,BuiltIn,RFn,2,TA,TA,Y,0.0,0.0,0.0,10,2008,WD,Normal,154000,9.339876293325217,3.5,3.332204510175204,5,4,1
545,4.110873864173311,RL,4.07753744390572,9.747126097411705,Pave,IR1,Lvl,AllPub,Inside,Gtl,Gilbert,Norm,Norm,1Fam,2Story,7,5,2006,2006,Gable,CompShg,VinylSd,VinylSd,0.0,Gd,TA,PConc,Gd,Gd,Av,GLQ,6.318968113746434,Unf,4.61512051684126,GasA,Ex,Y,SBrkr,6.499787040655854,6.725033642166843,3,0.6931471805599453,Gd,Typ,1,Gd,Attchd,RFn,2,TA,TA,Y,4.61512051684126,0.0,0.0,9,2006,New,Partial,179665,9.256555795773146,3.5,3.2188758248682006,0,0,0
1377,3.4339872044851463,RL,3.970291913552122,8.747193183526933,Pave,Reg,Bnk,AllPub,Inside,Gtl,SWISU,Norm,Norm,1Fam,1Story,6,5,1930,1950,Gable,CompShg,Wd Sdng,Wd Sdng,0.0,TA,TA,BrkTil,Gd,TA,Mn,Rec,5.953243334287785,Unf,5.953243334287785,GasA,TA,N,SBrkr,6.673297967767654,0.0,2,0.6931471805599453,TA,Typ,0,NA,Detchd,Unf,1,Fa,TA,Y,0.0,0.0,0.0,4,2008,WD,Normal,91000,8.464003362902119,1.0,4.955827057601261,78,58,1
661,4.110873864173311,RL,4.394449154672439,9.42424134192346,Pave,Reg,Lvl,AllPub,CulDSac,Gtl,NWAmes,Norm,Norm,1Fam,2Story,7,7,1976,1976,Gable,CompShg,Plywood,Plywood,5.455321115357702,TA,TA,CBlock,Gd,TA,No,Unf,0.0,Unf,6.677083461247136,GasA,TA,Y,SBrkr,7.04141166379481,6.677083461247136,3,0.6931471805599453,TA,Typ,1,TA,Attchd,RFn,2,TA,TA,Y,0.0,0.0,0.0,11,2007,WD,Normal,197900,9.51384657977485,2.5,5.902633333401366,31,31,0
1112,4.110873864173311,RL,4.394449154672439,9.257319373170178,Pave,Reg,Lvl,AllPub,Inside,Gtl,NWAmes,Norm,Norm,1Fam,2Story,7,6,1976,1976,Hip,CompShg,Plywood,Plywood,6.493753839851686,TA,TA,CBlock,TA,TA,No,ALQ,6.0014148779611505,Unf,5.993961427306569,GasA,TA,Y,SBrkr,7.002155954403621,6.7650389767805414,4,0.6931471805599453,TA,Typ,1,Gd,Attchd,RFn,2,TA,TA,Y,0.0,0.0,0.0,9,2008,WD,Normal,205000,9.528721373177234,2.5,4.248495242049359,32,32,0
459,4.2626798770413155,RM,4.110873864173311,8.537191877922927,Pave,Reg,Lvl,AllPub,Inside,Gtl,OldTown,Norm,Norm,1Fam,2Story,8,7,1925,1996,Hip,CompShg,Stucco,Wd Shng,0.0,TA,Gd,PConc,TA,TA,No,Unf,0.0,Unf,6.3784261836515865,GasA,Fa,Y,SBrkr,6.726233402358747,6.726233402358747,3,0.6931471805599453,Gd,Typ,1,Gd,Detchd,Unf,1,TA,TA,Y,5.262690188904886,0.0,0.0,6,2008,WD,Normal,161000,9.497697391604019,1.0,4.1588830833596715,83,12,1
1006,4.394449154672439,RL,4.189654742026425,9.034318927730707,Pave,Reg,Lvl,AllPub,Inside,Gtl,CollgCr,Norm,Norm,1Fam,SLvl,5,8,1977,1977,Gable,CompShg,HdBoard,HdBoard,5.3981627015177525,Gd,TA,CBlock,Gd,Gd,Av,GLQ,6.39024066706535,Unf,5.968707559985366,GasA,TA,Y,SBrkr,6.893656354602635,0.0,3,0.6931471805599453,TA,Typ,0,NA,Attchd,Unf,1,TA,TA,Y,5.351858133476067,0.0,0.0,11,2008,WD,Normal,149900,8.502282578680484,2.0,0.0,31,31,0
334,4.795790545596741,RM,4.0943445622221,9.011767474596178,Pave,Reg,Lvl,AllPub,FR3,Gtl,NridgHt,Norm,Norm,TwnhsE,1Story,7,5,2004,2004,Gable,CompShg,VinylSd,VinylSd,4.990432586778736,Gd,TA,PConc,Gd,TA,Av,GLQ,6.580639137284949,Unf,6.459904454377535,GasA,Ex,Y,SBrkr,7.214504414151143,0.0,2,0.6931471805599453,Gd,Typ,1,Gd,Attchd,RFn,2,TA,TA,Y,5.262690188904886,0.0,0.0,7,2008,WD,Normal,207000,9.15978364835903,3.0,3.4339872044851463,4,4,0
722,4.795790545596741,RM,4.2626798770413155,8.395477432732141,Pave,Reg,Lvl,AllPub,Inside,Gtl,CollgCr,Norm,Norm,TwnhsE,1Story,6,5,2004,2004,Gable,CompShg,VinylSd,VinylSd,5.135798437050262,Gd,TA,PConc,Gd,TA,Av,GLQ,6.4967749901858625,Unf,5.231108616854587,GasA,Ex,Y,SBrkr,6.744059186311348,0.0,1,0.6931471805599453,Gd,Typ,0,NA,Attchd,RFn,2,TA,TA,Y,5.081404364984463,0.0,0.0,5,2010,WD,Normal,143000,8.534836626588833,2.0,0.0,6,6,0
1290,4.110873864173311,RL,4.465908118654584,9.311632623458054,Pave,IR1,Lvl,AllPub,Inside,Gtl,NridgHt,Norm,Norm,1Fam,2Story,8,5,2006,2006,Gable,CompShg,VinylSd,VinylSd,6.670766320845874,Gd,TA,PConc,Gd,TA,Mn,Unf,0.0,Unf,6.990256500493881,GasA,Ex,Y,SBrkr,7.02197642307216,6.7464121285733745,3,0.6931471805599453,Ex,Typ,1,Gd,BuiltIn,Fin,3,TA,TA,Y,5.181783550292085,0.0,0.0,10,2006,New,Partial,281000,9.665293813175541,2.5,4.31748811353631,0,0,0
679,3.044522437723423,RL,4.394449154672439,9.379661116592885,Pave,IR1,Lvl,AllPub,Inside,Gtl,StoneBr,Norm,Norm,1Fam,1Story,8,5,2008,2008,Hip,CompShg,VinylSd,VinylSd,6.142037405587356,Gd,TA,PConc,Ex,TA,Mn,Unf,0.0,Unf,7.624130585661289,GasA,Ex,Y,SBrkr,7.624130585661289,0.0,3,0.6931471805599453,Gd,Typ,1,Gd,Attchd,Fin,3,TA,TA,Y,5.777652323222656,0.0,0.0,7,2009,New,Partial,372500,9.703144581144354,2.5,4.418840607796598,1,1,0
1355,4.110873864173311,RL,4.2626798770413155,9.241548299100376,Pave,IR1,Lvl,AllPub,Inside,Gtl,CollgCr,Norm,Norm,1Fam,2Story,7,5,2000,2000,Gable,CompShg,VinylSd,VinylSd,0.0,Gd,TA,PConc,Gd,TA,No,GLQ,6.601230118728877,Unf,5.552959584921617,GasA,Ex,Y,SBrkr,6.900730664045173,6.773080375655535,3,0.6931471805599453,Gd,Typ,1,TA,Attchd,RFn,3,TA,TA,Y,0.0,0.0,0.0,6,2008,WD,Normal,235000,9.477003077203888,3.5,5.220355825078324,8,8,0
329,4.330733340286331,RL,3.970291913552122,9.383368881858544,Pave,IR1,Bnk,AllPub,Inside,Gtl,BrkSide,PosN,Norm,1Fam,2.5Unf,6,6,1916,1994,Gable,CompShg,Wd Sdng,Wd Shng,0.0,TA,TA,BrkTil,TA,TA,No,Unf,0.0,Unf,6.739336627357174,GasA,Gd,N,FuseA,7.27655640271871,6.536691597591305,5,0.6931471805599453,Gd,Typ,0,NA,Detchd,Unf,2,TA,TA,Y,0.0,0.0,0.0,7,2009,WD,Normal,214500,9.457590998633625,2.0,5.796057750765372,93,15,1
319,4.110873864173311,RL,4.51085950651685,9.200391041122515,Pave,Reg,Low,AllPub,Inside,Mod,NoRidge,Norm,Norm,1Fam,2Story,7,5,1993,1993,Gable,CompShg,HdBoard,HdBoard,5.54907608489522,Gd,TA,PConc,Gd,TA,Gd,GLQ,6.895682697747868,Unf,5.8888779583328805,GasA,Ex,Y,SBrkr,7.224753405767971,7.150701457592526,4,0.6931471805599453,Gd,Typ,1,TA,Attchd,RFn,3,TA,TA,Y,5.831882477283517,0.0,0.0,4,2009,WD,Normal,260000,9.826768482122723,3.5,5.3230099791384085,16,16,0
1439,3.044522437723423,RM,4.51085950651685,8.910315776326016,Pave,Reg,Lvl,AllPub,Inside,Gtl,OldTown,Artery,Norm,1Fam,1Story,6,7,1957,1996,Gable,CompShg,MetalSd,MetalSd,0.0,TA,TA,CBlock,TA,TA,No,GLQ,6.398594934535208,Unf,5.746203190540153,GasA,TA,Y,FuseA,7.1204443723924875,0.0,2,0.6931471805599453,TA,Typ,0,NA,Attchd,Unf,2,TA,TA,Y,0.0,0.0,0.0,4,2010,WD,Normal,149700,8.911529941736559,2.0,5.75890177387728,53,14,1
909,3.044522437723423,RL,4.276666119016055,9.092232283495854,Pave,IR1,Low,AllPub,Inside,Mod,Mitchel,Norm,Norm,1Fam,1Story,5,5,1983,1983,Gable,CompShg,HdBoard,HdBoard,0.0,TA,TA,CBlock,Gd,TA,Av,BLQ,5.71042701737487,ALQ,5.480638923341991,GasA,TA,Y,SBrkr,6.805722553416985,0.0,2,0.6931471805599453,TA,Typ,0,NA,Attchd,Unf,2,TA,TA,Y,5.10594547390058,0.0,0.0,6,2006,WD,Normal,131000,8.414274137408396,2.0,0.0,23,23,0
13,3.044522437723423,RL,4.269697449699962,9.470317173335742,Pave,IR2,Lvl,AllPub,Inside,Gtl,Sawyer,Norm,Norm,1Fam,1Story,5,6,1962,1962,Hip,CompShg,HdBoard,Plywood,0.0,TA,TA,CBlock,TA,TA,No,ALQ,6.6039438246004725,Unf,5.170483995038151,GasA,TA,Y,SBrkr,6.816735880594968,0.0,2,0.6931471805599453,TA,Typ,0,NA,Detchd,Unf,1,TA,TA,Y,4.948759890378168,0.0,0.0,9,2008,WD,Normal,144000,8.4252971767117,2.0,5.176149732573829,46,46,0
172,3.044522437723423,RL,4.955827057601261,10.366309203003638,Pave,IR1,Lvl,AllPub,Corner,Gtl,NAmes,Norm,Norm,1Fam,1Story,6,5,1960,1960,Hip,CompShg,BrkFace,Plywood,4.727387818712341,TA,TA,CBlock,TA,Gd,Gd,BLQ,6.461468176353717,Unf,6.091309882077698,GasA,Fa,Y,SBrkr,7.4127640174265625,0.0,3,0.6931471805599453,TA,Typ,2,Gd,Attchd,Fin,2,TA,TA,P,5.351858133476067,0.0,0.0,5,2010,WD,Normal,215000,9.204020443231363,2.0,4.143134726391533,50,50,0
261,4.394449154672439,RL,4.795790545596741,9.867704922396356,Pave,Reg,Lvl,AllPub,Corner,Gtl,NAmes,Artery,Norm,1Fam,SLvl,6,5,1962,1962,Gable,CompShg,Wd Sdng,Wd Sdng,5.991464547107982,TA,TA,CBlock,TA,TA,Gd,Rec,6.511745329644728,ALQ,0.0,GasA,TA,Y,SBrkr,7.232010331664759,0.0,3,0.6931471805599453,TA,Typ,1,TA,Attchd,Unf,2,TA,TA,Y,0.0,0.0,0.0,5,2009,WD,Normal,176000,9.023167064451204,2.0,5.53338948872752,47,47,0
779,4.51085950651685,RH,4.110873864173311,9.036106025364846,Pave,Reg,Lvl,AllPub,Inside,Gtl,SawyerW,Feedr,Norm,Duplex,1Story,5,5,1977,1977,Gable,CompShg,Plywood,Plywood,5.771441123130016,TA,TA,Slab,NA,NA,NA,NA,0.0,NA,0.0,GasA,TA,Y,SBrkr,7.611347717403621,0.0,4,1.0986122886681098,TA,Typ,2,TA,Detchd,Unf,2,TA,TA,Y,0.0,0.0,0.0,10,2007,WD,Normal,144000,9.220389707829185,2.0,0.0,30,30,0
819,4.394449154672439,RL,4.394449154672439,9.084436955087027,Pave,Reg,Lvl,AllPub,Inside,Gtl,ClearCr,Norm,Norm,1Fam,SLvl,6,7,1971,1971,Gable,CompShg,HdBoard,HdBoard,4.394449154672439,TA,TA,CBlock,TA,TA,Av,GLQ,6.22455842927536,Unf,6.2285110035911835,GasA,Gd,Y,SBrkr,6.959398512133975,0.0,3,0.6931471805599453,TA,Typ,0,NA,Attchd,Unf,2,TA,TA,Y,0.0,0.0,0.0,6,2010,WD,Normal,155000,8.750366278367625,2.0,0.0,39,39,0
760,4.110873864173311,RL,4.189654742026425,9.413934064045677,Pave,IR1,Lvl,AllPub,Inside,Gtl,NoRidge,Norm,Norm,1Fam,2Story,8,5,1995,1995,Gable,CompShg,VinylSd,VinylSd,6.2422232654551655,Gd,TA,PConc,Gd,TA,Av,LwQ,4.04305126783455,ALQ,7.089243155027514,GasA,Ex,Y,SBrkr,7.192182058713246,7.093404625868766,4,0.6931471805599453,Gd,Typ,1,TA,Attchd,RFn,3,TA,TA,Y,5.407171771460119,0.0,0.0,11,2007,WD,Normal,290000,9.915860688599269,2.5,4.59511985013459,12,12,0
139,4.110873864173311,RL,4.30406509320417,9.112396727646056,Pave,IR1,Lvl,AllPub,Inside,Gtl,CollgCr,Norm,Norm,1Fam,2Story,8,5,1999,2000,Gable,CompShg,VinylSd,VinylSd,5.771441123130016,Gd,TA,PConc,Gd,TA,Mn,GLQ,6.505784060128229,Unf,5.820082930352362,GasA,Ex,Y,SBrkr,6.912742820493176,6.744059186311348,3,0.6931471805599453,Gd,Typ,2,TA,Attchd,Fin,3,TA,TA,Y,5.41610040220442,0.0,0.0,12,2008,WD,Normal,230000,9.603530449208735,2.5,4.672828834461906,9,8,1
1210,3.044522437723423,RL,4.454347296253507,9.228474942171665,Pave,IR1,Lvl,AllPub,CulDSac,Gtl,Somerst,RRNn,Norm,1Fam,1Story,8,5,2006,2006,Hip,CompShg,VinylSd,VinylSd,6.042632833682381,Gd,TA,PConc,Ex,TA,Mn,GLQ,7.107425474110705,Unf,6.089044875446846,GasA,Ex,Y,SBrkr,7.415175109613295,0.0,3,0.6931471805599453,Gd,Typ,1,Gd,Attchd,RFn,2,TA,TA,Y,5.777652323222656,0.0,0.0,5,2006,New,Partial,290000,9.49408972140025,3.0,3.9318256327243257,0,0,0
886,4.795790545596741,FV,3.9318256327243257,8.540909718033554,Pave,IR1,Lvl,AllPub,CulDSac,Gtl,Somerst,Norm,Norm,TwnhsE,1Story,9,5,1999,2000,Gable,CompShg,MetalSd,MetalSd,4.110873864173311,Gd,TA,PConc,Ex,TA,Av,GLQ,7.122059881629142,Unf,6.133398042996649,GasA,Ex,Y,SBrkr,7.444248649496705,0.0,2,0.6931471805599453,Gd,Typ,1,TA,Attchd,Fin,2,TA,TA,Y,4.584967478670572,0.0,0.0,1,2008,CWD,Abnorml,328900,9.640953273616999,3.0,4.189654742026425,9,8,1
742,3.044522437723423,RL,4.189654742026425,8.820108644508608,Pave,IR1,Lvl,AllPub,Inside,Gtl,Sawyer,Feedr,Norm,1Fam,1Story,6,8,1961,1996,Hip,CompShg,HdBoard,HdBoard,0.0,TA,Gd,CBlock,TA,TA,Mn,GLQ,6.725033642166843,Unf,4.394449154672439,GasA,Gd,Y,SBrkr,6.816735880594968,0.0,3,0.6931471805599453,Gd,Typ,0,NA,Detchd,Unf,1,TA,TA,Y,5.1298987149230735,0.0,0.0,5,2008,WD,Normal,142000,8.607582191143917,2.5,0.0,47,12,1
140,4.110873864173311,RL,4.189654742026425,9.64387450001194,Pave,IR1,Lvl,AllPub,Inside,Gtl,CollgCr,Norm,Norm,1Fam,2Story,6,5,1997,1997,Gable,CompShg,VinylSd,VinylSd,0.0,TA,TA,PConc,Gd,TA,No,GLQ,6.71174039505618,Unf,4.68213122712422,GasA,Ex,Y,SBrkr,6.834108738813838,6.729824070489475,3,0.6931471805599453,Gd,Typ,0,NA,Attchd,RFn,2,TA,TA,Y,5.6240175061873385,0.0,0.0,8,2009,WD,Normal,231500,9.267193183568965,3.5,4.605170185988092,12,12,0
1277,4.110873864173311,RL,4.394449154672439,9.467846701917901,Pave,IR1,Lvl,AllPub,CulDSac,Gtl,NWAmes,Norm,Norm,1Fam,2Story,6,6,1972,1972,Gable,CompShg,HdBoard,Plywood,0.0,TA,TA,CBlock,TA,Gd,No,BLQ,6.386879319362645,Unf,4.875197323201151,GasA,TA,Y,SBrkr,6.601230118728877,6.493753839851686,3,0.6931471805599453,TA,Typ,1,TA,Attchd,Unf,2,TA,TA,Y,5.68697535633982,0.0,0.0,12,2009,WD,Normal,162000,9.032528630660057,2.0,4.762173934797756,37,37,0
1082,3.044522437723423,RL,4.330733340286331,8.922791623969637,Pave,Reg,Lvl,AllPub,Corner,Gtl,Sawyer,Feedr,Norm,1Fam,1Story,5,5,1963,1963,Gable,CompShg,HdBoard,HdBoard,0.0,TA,TA,CBlock,TA,TA,No,ALQ,6.715383386334681,Unf,5.37989735354046,GasA,Fa,Y,SBrkr,6.947937068614969,0.0,3,0.6931471805599453,TA,Typ,0,NA,Attchd,Fin,1,TA,TA,Y,0.0,0.0,0.0,6,2010,WD,Normal,133000,8.556606193773073,2.5,5.3981627015177525,47,47,0
225,3.044522437723423,RL,4.6443908991413725,9.508442961755847,Pave,Reg,Lvl,AllPub,Inside,Gtl,NridgHt,Norm,Norm,1Fam,1Story,10,5,2003,2003,Hip,CompShg,VinylSd,VinylSd,6.827629234502852,Ex,TA,PConc,Ex,TA,Gd,GLQ,4.04305126783455,Unf,7.756623334538858,GasA,Ex,Y,SBrkr,7.780303087908373,0.0,3,0.6931471805599453,Ex,Typ,1,Ex,Attchd,Fin,3,TA,TA,Y,5.517452896464707,0.0,0.0,6,2009,WD,Normal,386250,10.082512013210788,2.0,4.663439094112067,6,6,0
1064,3.4339872044851463,RM,3.9318256327243257,8.699681400989514,Pave,Reg,Lvl,AllPub,Inside,Gtl,OldTown,Artery,Norm,1Fam,1Story,6,6,1925,1980,Gable,CompShg,MetalSd,MetalSd,0.0,TA,Gd,BrkTil,TA,TA,No,BLQ,5.986452005284438,Unf,6.561030665896573,GasA,Gd,Y,SBrkr,7.00669522683704,0.0,2,0.6931471805599453,Gd,Typ,1,Gd,Detchd,Unf,2,TA,TA,Y,5.117993812416755,0.0,0.0,7,2006,WD,Normal,110500,8.797699580118923,1.0,4.795790545596741,81,26,1
410,4.110873864173311,FV,4.454347296253507,9.287394001418473,Pave,Reg,Lvl,AllPub,Inside,Gtl,Somerst,Norm,Norm,1Fam,2Story,8,5,2007,2008,Gable,CompShg,VinylSd,VinylSd,4.61512051684126,Gd,TA,PConc,Ex,TA,No,GLQ,6.672032945461067,Unf,5.5053315359323625,GasA,Ex,Y,SBrkr,6.957497370876951,6.9363427358340495,3,0.6931471805599453,Ex,Typ,1,Gd,Attchd,Fin,3,TA,TA,Y,0.0,0.0,0.0,4,2008,New,Partial,339750,9.718662865524054,3.5,4.634728988229636,1,0,1
326,3.828641396489095,RM,3.9318256327243257,8.517393171418904,Pave,Reg,Lvl,AllPub,Inside,Gtl,IDOTRR,RRAe,Norm,1Fam,1.5Unf,5,6,1941,1950,Gable,CompShg,MetalSd,MetalSd,0.0,TA,TA,CBlock,TA,TA,Av,BLQ,4.762173934797756,Unf,6.405228458030842,GasA,Po,N,FuseF,6.6895992691789665,0.0,2,0.6931471805599453,TA,Typ,0,NA,Detchd,Unf,2,TA,TA,Y,0.0,0.0,0.0,12,2007,WD,Normal,87000,8.298041661371565,1.0,5.501258210544727,66,57,1
300,3.044522437723423,RL,4.394449154672439,9.546884034617925,Pave,Reg,Lvl,AllPub,Inside,Gtl,Crawfor,Norm,Norm,1Fam,1Story,6,8,1950,2004,Gable,CompShg,HdBoard,HdBoard,0.0,TA,Gd,CBlock,TA,TA,No,Unf,0.0,Unf,6.996681488176539,GasA,Ex,Y,SBrkr,7.050122520269059,0.0,3,0.6931471805599453,Gd,Typ,1,Gd,Attchd,Unf,1,TA,TA,Y,0.0,0.0,0.0,8,2009,WD,Family,158500,8.841158975945264,1.5,3.6109179126442243,59,5,1
1243,4.454347296253507,RL,4.454347296253507,9.271059107010888,Pave,Reg,Lvl,AllPub,Inside,Gtl,NWAmes,Norm,Norm,1Fam,SFoyer,7,6,1974,1974,Gable,CompShg,Plywood,Plywood,4.406719247264253,TA,TA,CBlock,Gd,TA,Gd,GLQ,6.786716950605081,LwQ,0.0,GasA,TA,Y,SBrkr,7.068172000388042,0.0,3,0.6931471805599453,Gd,Typ,2,TA,Attchd,RFn,2,TA,TA,Y,0.0,0.0,0.0,1,2010,WD,Family,170000,9.013351778138825,3.0,4.795790545596741,36,36,0
706,5.25227342804663,RM,4.2626798770413155,8.630700432209832,Pave,Reg,Lvl,AllPub,Inside,Gtl,IDOTRR,Norm,Norm,2fmCon,2Story,4,5,1930,1950,Hip,CompShg,VinylSd,Wd Shng,0.0,Fa,Fa,Slab,NA,NA,NA,NA,0.0,NA,0.0,GasA,Fa,N,SBrkr,5.921578419643816,6.580639137284949,3,1.0986122886681098,Fa,Mod,0,NA,NA,NA,0,NA,NA,N,0.0,0.0,8.160803920954665,7,2010,WD,Normal,55000,8.382289428951436,2.0,0.0,80,60,1
1236,4.2626798770413155,RL,4.574710978503383,9.48288342558516,Pave,Reg,Lvl,AllPub,Inside,Gtl,Crawfor,Norm,Norm,1Fam,2Story,5,5,1914,1950,Gable,CompShg,Wd Sdng,Wd Sdng,0.0,TA,TA,BrkTil,Gd,TA,Mn,Unf,0.0,Unf,6.617402977974478,GasA,Gd,Y,FuseF,6.794586580876499,6.794586580876499,4,0.6931471805599453,TA,Typ,0,NA,Detchd,Unf,1,Fa,Fa,N,5.318119993844216,0.0,0.0,7,2006,WD,Normal,138887,9.096163326913784,1.5,3.713572066704308,92,56,1
1356,4.394449154672439,RL,4.634728988229636,9.229456489168413,Pave,IR1,Lvl,AllPub,Inside,Gtl,NWAmes,Norm,Norm,1Fam,SLvl,7,6,1968,1992,Gable,CompShg,MetalSd,MetalSd,4.969813299576001,TA,TA,CBlock,TA,TA,No,Unf,0.0,Unf,6.3473892096560105,GasA,Gd,Y,SBrkr,7.109062135687172,6.54965074223381,4,0.6931471805599453,Gd,Typ,1,TA,Attchd,RFn,2,TA,TA,Y,0.0,0.0,0.0,9,2006,WD,Normal,170000,9.506065016071148,3.0,4.59511985013459,38,14,1
904,3.044522437723423,RL,3.9318256327243257,9.60642831827175,Pave,IR1,HLS,AllPub,CulDSac,Gtl,Gilbert,Norm,Norm,1Fam,1Story,7,5,2006,2006,Hip,CompShg,VinylSd,VinylSd,3.332204510175204,Gd,TA,PConc,Gd,TA,No,Unf,0.0,Unf,7.421177528595393,GasA,Ex,Y,SBrkr,7.421177528595393,0.0,3,0.6931471805599453,Gd,Typ,1,Gd,Attchd,RFn,3,TA,TA,Y,4.976733742420574,0.0,0.0,8,2006,New,Partial,240000,9.366574594006819,2.0,4.110873864173311,0,0,0
830,5.081404364984463,FV,3.2188758248682006,7.841885928984623,Pave,Reg,Lvl,AllPub,Inside,Gtl,Somerst,Norm,Norm,Twnhs,2Story,7,5,2005,2005,Gable,CompShg,MetalSd,MetalSd,0.0,Gd,TA,PConc,Gd,TA,No,Unf,0.0,Unf,6.398594934535208,GasA,Ex,Y,SBrkr,6.255750041753367,6.436150368369428,2,0.6931471805599453,Gd,Typ,0,NA,Detchd,RFn,2,TA,TA,Y,0.0,0.0,0.0,7,2006,WD,Normal,147400,9.055089086704891,2.5,5.117993812416755,1,1,0
504,3.044522437723423,RL,4.61512051684126,9.655218482441182,Pave,IR1,Lvl,AllPub,Inside,Gtl,Crawfor,Norm,Norm,1Fam,1Story,7,8,1959,1997,Gable,CompShg,BrkFace,Wd Sdng,0.0,TA,TA,CBlock,TA,TA,No,ALQ,7.129297548929373,Unf,5.541263545158426,GasA,TA,Y,SBrkr,7.496652438168283,0.0,1,0.6931471805599453,TA,Typ,2,TA,Attchd,Fin,2,TA,TA,Y,0.0,0.0,0.0,3,2010,WD,Normal,289000,9.44208681209766,3.0,5.375278407684165,51,13,1
1337,4.51085950651685,RL,4.477336814478207,9.132054453577638,Pave,IR1,Lvl,AllPub,Inside,Gtl,NWAmes,Feedr,Norm,Duplex,1Story,5,5,1973,1973,Gable,CompShg,Plywood,Plywood,6.336825731146441,TA,TA,CBlock,TA,TA,No,Unf,0.0,Unf,7.4127640174265625,GasA,TA,Y,SBrkr,7.4127640174265625,0.0,4,1.0986122886681098,TA,Typ,0,NA,Detchd,Unf,2,TA,TA,Y,0.0,0.0,0.0,11,2008,WD,Normal,135000,9.0217190130337,2.0,5.356586274672012,35,35,0
4,4.2626798770413155,RL,4.110873864173311,9.164401140034737,Pave,IR1,Lvl,AllPub,Corner,Gtl,Crawfor,Norm,Norm,1Fam,2Story,7,5,1915,1970,Gable,CompShg,Wd Sdng,Wd Shng,0.0,TA,TA,BrkTil,TA,Gd,No,ALQ,5.37989735354046,Unf,6.293419278846481,GasA,Gd,Y,SBrkr,6.8690144506657065,6.6293632534374485,3,0.6931471805599453,Gd,Typ,1,Gd,Detchd,Unf,3,TA,TA,Y,0.0,0.0,0.0,2,2006,WD,Abnorml,140000,9.394327208089198,2.0,5.730099782973574,91,36,1
1314,4.110873864173311,RL,4.6913478822291435,9.6006918422743,Pave,IR1,Lvl,AllPub,Corner,Gtl,NoRidge,Norm,Norm,1Fam,2Story,9,5,1999,1999,Gable,CompShg,VinylSd,VinylSd,5.111987788356544,Gd,TA,PConc,Gd,TA,No,Unf,0.0,Unf,7.2399325913204695,GasA,Ex,Y,SBrkr,7.260522598089852,7.071573364211532,4,0.6931471805599453,Gd,Typ,1,TA,BuiltIn,Fin,3,TA,TA,Y,6.505784060128229,0.0,0.0,5,2010,WD,Normal,333168,10.060149362549504,2.5,3.4339872044851463,11,11,0
468,4.2626798770413155,RL,4.382026634673881,9.15704507491796,Pave,Reg,Lvl,AllPub,Inside,Gtl,NAmes,Artery,Norm,1Fam,2Story,5,7,1942,1995,Gable,CompShg,MetalSd,MetalSd,5.41610040220442,TA,TA,CBlock,TA,TA,No,LwQ,5.958424693029782,Unf,5.8377304471659395,GasA,Ex,Y,SBrkr,6.790097235513905,6.6293632534374485,3,0.6931471805599453,Gd,Typ,2,Gd,Attchd,Unf,1,TA,TA,Y,5.1298987149230735,0.0,0.0,6,2007,WD,Normal,146500,9.014447135152134,1.5,0.0,65,12,1
322,4.110873864173311,RL,4.605170185988092,9.400960731584833,Pave,IR1,Lvl,AllPub,Inside,Gtl,NridgHt,Norm,Norm,1Fam,2Story,8,5,2004,2004,Gable,CompShg,VinylSd,VinylSd,5.963579343618446,Gd,TA,PConc,Ex,TA,Av,GLQ,6.878326468291325,Unf,5.117993812416755,GasA,Ex,Y,SBrkr,7.036148493750536,7.195187320178709,4,0.6931471805599453,Gd,Typ,1,Gd,BuiltIn,Fin,3,TA,TA,Y,5.220355825078324,0.0,0.0,6,2007,WD,Normal,354000,9.89065557372075,3.5,5.043425116919247,3,3,0
6,3.9318256327243257,RL,4.454347296253507,9.55506418479516,Pave,IR1,Lvl,AllPub,Inside,Gtl,Mitchel,Norm,Norm,1Fam,1.5Fin,5,5,1993,1995,Gable,CompShg,VinylSd,VinylSd,0.0,TA,TA,Wood,Gd,TA,No,GLQ,6.597145701886651,Unf,4.174387269895637,GasA,Ex,Y,SBrkr,6.680854678790215,6.340359303727752,1,0.6931471805599453,TA,Typ,0,NA,Attchd,Unf,2,TA,TA,Y,3.713572066704308,0.0,6.55250788703459,10,2009,WD,Normal,143000,8.826294231241318,2.5,5.860786223465865,16,14,1
1240,3.044522437723423,RL,4.174387269895637,9.109193189971226,Pave,IR1,HLS,AllPub,Inside,Gtl,Timber,Norm,Norm,1Fam,1Story,8,5,2006,2006,Hip,CompShg,VinylSd,VinylSd,3.4965075614664802,Gd,TA,PConc,Gd,TA,Av,GLQ,6.061456918928017,Unf,6.955592608396297,GasA,Ex,Y,SBrkr,7.3031700512368,0.0,2,0.6931471805599453,Ex,Typ,1,Gd,Attchd,RFn,2,TA,TA,Y,4.795790545596741,0.0,0.0,12,2007,WD,Normal,265900,9.382022193665792,2.0,3.5263605246161616,1,1,0
1094,3.044522437723423,RL,4.276666119016055,9.130322663990151,Pave,Reg,Lvl,AllPub,Corner,Gtl,NAmes,Feedr,Norm,1Fam,1Story,5,8,1965,1998,Hip,CompShg,MetalSd,MetalSd,5.117993812416755,TA,TA,CBlock,TA,TA,Mn,GLQ,6.495265555937008,Unf,5.318119993844216,GasA,Gd,Y,SBrkr,7.0909098220799835,0.0,1,0.6931471805599453,Gd,Typ,0,NA,Detchd,Unf,2,TA,TA,Y,0.0,0.0,0.0,10,2006,WD,Normal,146000,8.699681400989514,2.5,4.174387269895637,41,8,1
716,3.044522437723423,RL,4.3694478524670215,9.224341891611996,Pave,Reg,Lvl,AllPub,Inside,Gtl,NWAmes,Norm,Norm,1Fam,1Story,6,5,1974,1974,Hip,CompShg,HdBoard,HdBoard,5.1647859739235145,TA,TA,CBlock,Gd,TA,No,Unf,0.0,Unf,6.970730078143525,GasA,TA,Y,SBrkr,7.208600337960199,0.0,3,0.6931471805599453,TA,Typ,1,TA,Attchd,RFn,2,TA,TA,Y,0.0,0.0,0.0,8,2009,WD,Normal,165000,8.999742789830492,2.0,0.0,35,35,0
40,4.51085950651685,RL,4.189654742026425,8.706324840138741,Pave,Reg,Lvl,AllPub,Inside,Gtl,Edwards,Norm,Norm,Duplex,1Story,4,5,1955,1955,Gable,CompShg,AsbShng,Plywood,0.0,TA,TA,PConc,NA,NA,NA,NA,0.0,NA,0.0,GasA,TA,N,FuseP,7.050122520269059,0.0,2,1.0986122886681098,Fa,Typ,0,NA,NA,NA,0,NA,NA,N,0.0,0.0,0.0,6,2008,WD,AdjLand,82000,8.435766192720509,2.0,0.0,53,53,0
543,3.044522437723423,RL,4.3694478524670215,9.224341891611996,Pave,Reg,Lvl,AllPub,Inside,Gtl,NWAmes,RRAn,Norm,1Fam,1Story,7,5,1998,1999,Hip,CompShg,VinylSd,VinylSd,0.0,Gd,TA,PConc,Ex,TA,No,LwQ,4.976733742420574,GLQ,5.940171252720432,GasA,Ex,Y,SBrkr,7.427144133408616,0.0,3,0.6931471805599453,Gd,Maj1,1,TA,Attchd,Fin,2,TA,TA,Y,4.3694478524670215,0.0,0.0,6,2009,WD,Normal,213250,9.372544251851037,3.0,4.30406509320417,11,10,1
243,3.9318256327243257,RM,4.1588830833596715,8.517393171418904,Pave,Reg,Lvl,AllPub,Corner,Gtl,OldTown,Norm,Norm,1Fam,1.5Fin,5,4,1900,1950,Gable,CompShg,Wd Sdng,Wd Sdng,0.0,TA,TA,BrkTil,TA,TA,No,Unf,0.0,Unf,6.293419278846481,GasA,Gd,N,FuseA,6.7912214627261855,6.313548046277095,3,0.6931471805599453,TA,Typ,0,NA,Attchd,Unf,1,Fa,TA,Y,0.0,0.0,0.0,4,2006,WD,Normal,79000,8.881975184248867,1.0,4.356708826689592,106,56,1
137,3.044522437723423,RL,4.324132656254979,9.245321340871428,Pave,IR1,Lvl,AllPub,Corner,Gtl,NAmes,Norm,Norm,1Fam,1Story,5,5,1967,1967,Gable,CompShg,MetalSd,MetalSd,5.2832037287379885,TA,TA,CBlock,TA,TA,No,BLQ,6.54534966033442,Unf,6.253828811575473,GasA,TA,Y,SBrkr,7.102499355774649,0.0,3,0.6931471805599453,TA,Typ,1,Fa,Attchd,RFn,1,TA,TA,Y,0.0,0.0,0.0,7,2007,WD,Normal,143000,8.711278615130434,2.0,4.718498871295094,40,40,0
715,4.110873864173311,RL,4.269697449699962,9.511777409660299,Pave,IR1,Lvl,AllPub,CulDSac,Gtl,Sawyer,RRAe,Norm,1Fam,2Story,6,8,1976,2005,Gable,CompShg,HdBoard,Plywood,5.66988092298052,Gd,TA,CBlock,TA,TA,No,GLQ,6.280395838960195,Unf,5.262690188904886,GasA,Ex,Y,SBrkr,6.587550014824796,6.626717749249025,3,0.6931471805599453,Gd,Typ,0,NA,Attchd,RFn,2,TA,TA,Y,0.0,0.0,0.0,3,2010,WD,Normal,130500,9.090993614343617,2.5,3.8066624897703196,34,5,1
738,4.110873864173311,RL,4.290459441148391,9.25569607369698,Pave,IR1,HLS,AllPub,CulDSac,Gtl,Gilbert,Norm,Norm,1Fam,2Story,8,5,2005,2005,Gable,CompShg,VinylSd,VinylSd,0.0,Gd,TA,PConc,Gd,TA,No,Unf,0.0,Unf,6.795705775173514,GasA,Ex,Y,SBrkr,6.804614520062624,6.803505257608338,3,0.6931471805599453,Gd,Typ,1,Gd,Attchd,Fin,3,TA,TA,Y,0.0,0.0,0.0,6,2006,WD,Normal,239900,9.575608290332934,2.5,4.762173934797756,1,1,0
1302,4.2626798770413155,RL,4.23410650459726,8.922791623969637,Pave,IR1,Bnk,AllPub,Inside,Gtl,Crawfor,Norm,Norm,1Fam,2Story,6,7,1942,1950,Gable,CompShg,Wd Sdng,Wd Sdng,0.0,TA,TA,CBlock,TA,TA,No,BLQ,6.306275286948016,Unf,5.41610040220442,GasA,Fa,Y,SBrkr,6.625392368007956,6.60934924316738,3,0.6931471805599453,Gd,Typ,2,Gd,Attchd,Unf,1,TA,TA,P,0.0,0.0,0.0,11,2009,WD,Normal,177500,9.101083386039234,1.0,5.41610040220442,67,59,1
1044,4.110873864173311,RL,4.465908118654584,9.379238908437996,Pave,Reg,Lvl,AllPub,Inside,Gtl,SawyerW,Norm,Norm,1Fam,2Story,7,5,1990,1990,Hip,CompShg,HdBoard,HdBoard,4.605170185988092,TA,TA,PConc,Gd,TA,No,GLQ,6.990256500493881,Unf,5.968707559985366,GasA,Ex,Y,SBrkr,7.334981878871814,6.682108597449809,4,0.6931471805599453,Gd,Typ,1,Ex,Attchd,Unf,2,TA,TA,Y,5.262690188904886,0.0,0.0,5,2008,WD,Normal,262280,9.699165755462506,3.5,4.804021044733257,18,18,0
1331,3.044522437723423,RL,4.454347296253507,9.210440366976517,Pave,Reg,Lvl,AllPub,Inside,Gtl,Somerst,Norm,Norm,1Fam,1Story,8,5,2006,2006,Hip,CompShg,VinylSd,VinylSd,6.018593214496234,Gd,TA,PConc,Gd,Gd,Av,Unf,0.0,Unf,7.370860166536716,GasA,Ex,Y,SBrkr,7.370860166536716,0.0,3,0.6931471805599453,Gd,Typ,1,Gd,Attchd,RFn,3,TA,TA,Y,4.976733742420574,0.0,0.0,12,2007,WD,Normal,227000,9.449750895754265,2.0,3.828641396489095,1,1,0
1104,3.044522437723423,RL,4.382026634673881,9.09504174761272,Pave,Reg,Lvl,AllPub,Corner,Gtl,NAmes,Norm,Norm,1Fam,1Story,6,6,1959,1959,Hip,CompShg,BrkFace,BrkFace,0.0,TA,TA,CBlock,TA,TA,Mn,ALQ,6.486160788944089,Unf,0.0,GasA,Ex,Y,SBrkr,7.085901464365611,0.0,3,0.6931471805599453,TA,Typ,1,Fa,BuiltIn,Fin,2,TA,TA,Y,0.0,0.0,0.0,7,2006,WD,Normal,159500,8.876963340262272,1.5,5.262690188904886,47,47,0
753,3.044522437723423,RL,4.382026634673881,9.13097243659261,Pave,IR1,Lvl,AllPub,Inside,Gtl,CollgCr,Norm,Norm,1Fam,1Story,6,5,1997,1997,Gable,CompShg,VinylSd,VinylSd,0.0,TA,Gd,PConc,Gd,TA,Gd,GLQ,7.0909098220799835,Unf,5.634789603169249,GasA,Ex,Y,SBrkr,7.3098814858247865,0.0,3,0.6931471805599453,Gd,Typ,0,NA,Attchd,RFn,2,TA,TA,Y,5.1298987149230735,0.0,0.0,7,2006,WD,Normal,217000,9.101083386039234,3.0,3.332204510175204,9,9,0
1354,3.9318256327243257,RL,4.04305126783455,9.597030324758013,Pave,IR1,Lvl,AllPub,CulDSac,Gtl,NoRidge,Norm,Norm,1Fam,1.5Fin,8,5,1995,1996,Hip,CompShg,VinylSd,VinylSd,6.363028103540465,Gd,TA,PConc,Gd,TA,Av,GLQ,6.705639094860003,Unf,7.1049654482698426,GasA,Ex,Y,SBrkr,7.627544390488503,7.078341579557671,4,0.6931471805599453,Gd,Typ,1,Ex,Attchd,Fin,3,TA,TA,Y,5.648974238161206,0.0,0.0,3,2010,WD,Normal,410000,10.162191279248889,3.5,4.465908118654584,15,14,1
377,4.454347296253507,RL,4.060443010546419,9.087833697483386,Pave,IR1,Lvl,AllPub,CulDSac,Gtl,CollgCr,Norm,Norm,1Fam,SFoyer,5,5,1996,1996,Gable,CompShg,VinylSd,VinylSd,0.0,Gd,TA,PConc,Gd,TA,Av,GLQ,5.700443573390687,Unf,6.35088571671474,GasA,Ex,Y,SBrkr,6.818924065275521,0.0,2,0.6931471805599453,TA,Typ,0,NA,Detchd,Unf,2,TA,TA,Y,0.0,0.0,0.0,7,2006,WD,Normal,148000,8.427487278331744,1.0,0.0,10,10,0
315,4.2626798770413155,RM,4.110873864173311,9.169622538697624,Pave,Reg,Lvl,AllPub,Inside,Gtl,OldTown,Norm,Norm,1Fam,2Story,7,7,1925,1990,Gable,CompShg,Wd Sdng,Wd Sdng,0.0,TA,TA,BrkTil,TA,Gd,No,LwQ,2.833213344056216,Unf,6.569481420414296,GasA,Ex,Y,SBrkr,6.725033642166843,6.697034247666484,3,0.6931471805599453,Ex,Typ,1,Gd,Detchd,Unf,2,Fa,TA,Y,0.0,0.0,0.0,8,2006,WD,Normal,178000,9.349058291288005,2.0,5.459585514144159,81,16,1
443,3.9318256327243257,RM,3.970291913552122,8.738895704934043,Pave,Reg,Lvl,AllPub,Inside,Gtl,BrkSide,Norm,Norm,1Fam,1.5Fin,5,7,1930,1992,Gable,CompShg,MetalSd,MetalSd,0.0,TA,TA,PConc,TA,TA,No,Unf,0.0,Unf,6.983789965258135,GasA,TA,Y,SBrkr,7.029087564149662,6.100318952020064,3,0.6931471805599453,TA,Typ,1,Gd,Detchd,Unf,2,TA,TA,P,0.0,0.0,0.0,6,2008,WD,Normal,162900,8.970304952991755,2.0,0.0,78,16,1
320,4.394449154672439,RL,4.394449154672439,9.55506418479516,Pave,Reg,Lvl,AllPub,Inside,Gtl,NWAmes,Norm,Norm,1Fam,SLvl,7,5,1980,1980,Gable,CompShg,Plywood,Plywood,5.420534999272286,TA,TA,CBlock,Gd,TA,Av,GLQ,6.9440872082295275,Unf,5.820082930352362,GasA,TA,Y,SBrkr,7.29505641646263,0.0,3,0.6931471805599453,TA,Typ,2,TA,Attchd,Unf,2,TA,TA,Y,5.455321115357702,0.0,0.0,6,2009,WD,Normal,187500,9.240384493324559,3.0,3.8918202981106265,29,29,0
768,3.9318256327243257,RL,4.330733340286331,9.434203664214742,Pave,IR1,Lvl,AllPub,Inside,Gtl,Mitchel,Norm,Norm,1Fam,1.5Fin,6,7,1940,1985,Gable,CompShg,VinylSd,VinylSd,0.0,TA,TA,CBlock,Gd,TA,Mn,ALQ,6.493753839851686,Unf,5.780743515792329,GasA,Ex,Y,SBrkr,6.891625897052253,6.643789733147672,4,0.6931471805599453,TA,Mod,0,NA,Attchd,Unf,1,TA,TA,Y,5.5053315359323625,0.0,7.170888478512505,7,2008,WD,Normal,160000,9.259225769705994,3.0,5.056245805348308,68,23,1
757,4.110873864173311,RL,4.23410650459726,9.284519770150434,Pave,IR1,Lvl,AllPub,Inside,Gtl,CollgCr,Norm,Norm,1Fam,2Story,8,5,2007,2007,Gable,CompShg,VinylSd,VinylSd,0.0,Gd,TA,PConc,Gd,TA,Av,GLQ,3.044522437723423,Unf,6.741700694652055,GasA,Ex,Y,SBrkr,6.7650389767805414,6.805722553416985,3,0.6931471805599453,Gd,Typ,0,NA,Attchd,RFn,2,TA,TA,Y,4.976733742420574,0.0,0.0,4,2009,WD,Normal,212000,9.557116483735667,2.5,4.663439094112067,2,2,0
425,3.044522437723423,RL,4.290459441148391,9.105090961257085,Pave,Reg,Lvl,AllPub,Inside,Gtl,NAmes,Norm,Norm,1Fam,1Story,6,5,1956,1956,Gable,CompShg,Wd Sdng,Wd Sdng,4.31748811353631,TA,TA,CBlock,Gd,TA,No,LwQ,6.424869023905388,Unf,6.364750756851911,GasA,Gd,Y,FuseA,7.087573705557973,0.0,2,0.6931471805599453,TA,Typ,1,Gd,Attchd,RFn,1,TA,TA,Y,0.0,0.0,0.0,5,2008,WD,Normal,139000,8.878636747430072,2.0,3.8066624897703196,52,52,0
554,3.044522437723423,RL,4.219507705176107,9.080003870248179,Pave,Reg,Lvl,AllPub,Inside,Gtl,Edwards,Feedr,Norm,1Fam,1Story,4,5,1949,2003,Gable,CompShg,VinylSd,VinylSd,0.0,TA,TA,CBlock,NA,NA,NA,NA,0.0,NA,0.0,GasA,Ex,Y,SBrkr,7.027314514039777,0.0,2,0.6931471805599453,Gd,Typ,0,NA,Detchd,Fin,2,TA,TA,N,0.0,0.0,0.0,5,2009,WD,Normal,108000,8.412943170042439,2.0,4.574710978503383,60,6,1
1036,3.044522437723423,RL,4.212127597878484,9.350189267092581,Pave,IR1,Lvl,AllPub,CulDSac,Gtl,Edwards,Norm,Norm,1Fam,1Story,4,3,1957,1957,Gable,CompShg,Wd Sdng,Wd Sdng,0.0,TA,Gd,Slab,NA,NA,NA,NA,0.0,NA,0.0,GasA,Ex,N,SBrkr,6.740519359606223,0.0,3,0.6931471805599453,TA,Typ,0,NA,Detchd,Unf,1,TA,TA,N,5.231108616854587,0.0,0.0,1,2009,WD,Normal,84000,8.125926802707886,1.0,0.0,52,52,0
954,4.110873864173311,RL,4.276666119016055,9.312535884290853,Pave,IR1,Lvl,AllPub,Inside,Mod,Mitchel,Norm,Norm,1Fam,2Story,5,4,1969,1969,Gable,CompShg,HdBoard,HdBoard,5.4510384535657,TA,TA,CBlock,TA,TA,Av,ALQ,6.333279628139691,LwQ,3.4011973816621555,GasA,Ex,Y,SBrkr,7.063903961472068,6.68586094706836,4,0.6931471805599453,TA,Min2,1,Po,Attchd,RFn,2,TA,TA,Y,5.723585101952381,0.0,5.993961427306569,9,2008,WD,Normal,172000,9.194312610898985,3.0,5.247024072160486,39,39,0
1186,3.9318256327243257,RL,4.110873864173311,9.1838937219612,Pave,Reg,Lvl,AllPub,Inside,Gtl,Edwards,Norm,Norm,1Fam,1.5Fin,5,7,1924,1950,Gable,CompShg,AsbShng,AsbShng,0.0,TA,Gd,BrkTil,TA,TA,No,BLQ,5.973809611869261,Unf,5.973809611869261,GasA,Gd,Y,SBrkr,6.856461984594587,5.60947179518496,4,0.6931471805599453,TA,Typ,0,NA,Attchd,Unf,1,TA,TA,Y,0.0,0.0,0.0,3,2006,WD,Normal,104900,8.717027173294824,2.0,5.4680601411351315,82,56,1
597,4.2626798770413155,RM,4.110873864173311,8.188966863648876,Pave,Reg,Lvl,AllPub,Inside,Gtl,OldTown,Norm,Norm,1Fam,2Story,6,7,1910,1993,Gable,CompShg,VinylSd,VinylSd,0.0,TA,TA,CBlock,TA,TA,No,Unf,0.0,Unf,6.529418838262226,GasA,Ex,N,FuseA,6.529418838262226,6.529418838262226,3,0.6931471805599453,TA,Typ,0,NA,Detchd,Unf,1,TA,Fa,N,0.0,0.0,0.0,10,2006,WD,Normal,114504,9.012986392348266,1.0,5.0689042022202315,96,13,1
228,5.081404364984463,RM,3.091042453358316,7.533693709848633,Pave,Reg,Lvl,AllPub,Inside,Gtl,BrDale,Norm,Norm,Twnhs,2Story,6,6,1970,1970,Gable,CompShg,HdBoard,HdBoard,4.852030263919617,TA,TA,CBlock,TA,TA,No,Rec,5.7745515455444085,Unf,5.093750200806762,GasA,TA,Y,SBrkr,6.182084906716632,6.22455842927536,2,0.6931471805599453,TA,Typ,0,NA,Detchd,Unf,1,TA,TA,Y,0.0,0.0,0.0,9,2008,WD,Normal,106000,8.686598356276965,1.5,0.0,38,38,0
1107,3.044522437723423,RL,4.74493212836325,9.245514446983837,Pave,IR1,Lvl,AllPub,Corner,Gtl,SawyerW,Feedr,Norm,1Fam,1Story,7,5,1990,1991,Hip,CompShg,HdBoard,HdBoard,0.0,Gd,TA,PConc,Gd,TA,Mn,GLQ,6.6052979209482015,Unf,5.153291594497779,GasA,Gd,Y,SBrkr,7.274479558773871,0.0,3,0.6931471805599453,Gd,Typ,1,TA,Attchd,Fin,2,TA,TA,Y,0.0,0.0,0.0,5,2007,WD,Normal,179900,9.219795530746937,3.0,5.501258210544727,17,16,1
772,3.044522437723423,RL,4.219507705176107,9.09133158539398,Pave,Reg,Lvl,AllPub,Inside,Gtl,Edwards,Norm,Norm,1Fam,1Story,4,5,1951,1951,Gable,CompShg,Wd Sdng,Wd Sdng,0.0,TA,TA,CBlock,Fa,Fa,No,LwQ,6.729824070489475,Unf,0.0,GasA,TA,Y,FuseF,7.107425474110705,0.0,2,0.6931471805599453,TA,Typ,0,NA,Detchd,Unf,2,TA,TA,Y,0.0,0.0,0.0,4,2006,COD,Normal,102000,8.493105395887147,1.0,0.0,55,55,0
934,3.044522437723423,RL,4.1588830833596715,9.046408680293819,Pave,Reg,Lvl,AllPub,FR2,Gtl,CollgCr,Norm,Norm,1Fam,1Story,7,5,2004,2004,Gable,CompShg,VinylSd,VinylSd,5.351858133476067,Gd,TA,PConc,Gd,TA,Av,GLQ,3.044522437723423,Unf,7.300472814267799,GasA,Ex,Y,SBrkr,7.313886831633462,0.0,3,0.6931471805599453,Gd,Typ,0,NA,Attchd,RFn,2,TA,TA,Y,5.262690188904886,0.0,0.0,8,2009,WD,Normal,190000,9.259225769705994,2.0,3.6109179126442243,5,5,0
1418,4.110873864173311,RL,4.516338972281476,9.713899659750128,Pave,IR1,Lvl,AllPub,Inside,Gtl,NoRidge,Norm,Norm,1Fam,2Story,8,5,1998,1998,Gable,CompShg,VinylSd,VinylSd,6.595780513961311,Gd,TA,PConc,Gd,TA,Mn,GLQ,6.661854740545311,Unf,6.222576268071369,GasA,Ex,Y,SBrkr,7.1785454837637,7.039660349862076,3,0.6931471805599453,Gd,Typ,1,TA,Attchd,Fin,3,TA,TA,Y,0.0,0.0,0.0,5,2009,WD,Normal,340000,9.883335864325275,3.5,4.844187086458591,11,11,0
67,3.044522437723423,RL,4.324132656254979,9.898525260706313,Pave,Reg,Lvl,AllPub,Inside,Gtl,NAmes,PosA,Norm,1Fam,1Story,7,5,1970,1989,Gable,CompShg,Plywood,Plywood,5.662960480135946,TA,TA,CBlock,Gd,TA,Gd,GLQ,6.816735880594968,Unf,6.943122422819428,GasA,TA,Y,SBrkr,7.699842407396986,0.0,3,0.6931471805599453,TA,Min1,1,Gd,Attchd,RFn,2,TA,TA,Y,5.71042701737487,0.0,0.0,7,2010,WD,Normal,180000,9.645364282325891,3.0,0.0,40,21,1
1000,3.044522437723423,RL,4.174387269895637,8.81922185757494,Pave,Reg,Lvl,AllPub,Inside,Gtl,CollgCr,Norm,Norm,1Fam,1Story,7,5,2006,2006,Gable,CompShg,VinylSd,VinylSd,3.2188758248682006,Gd,TA,PConc,Gd,TA,Av,GLQ,6.532334292222349,Unf,6.218600119691729,GasA,Ex,Y,SBrkr,7.097548850614793,0.0,2,0.6931471805599453,Gd,Typ,0,NA,Attchd,RFn,2,TA,TA,Y,4.663439094112067,0.0,0.0,2,2010,WD,Normal,206000,9.042749779782222,3.0,4.127134385045092,4,4,0
580,3.9318256327243257,RM,4.406719247264253,9.405166749908611,Pave,Reg,Lvl,AllPub,Inside,Gtl,OldTown,Norm,Norm,1Fam,1.5Fin,5,5,1954,1954,Gable,CompShg,MetalSd,MetalSd,5.817111159963204,TA,TA,BrkTil,TA,TA,No,Unf,0.0,Unf,6.957497370876951,GasA,Ex,N,FuseF,6.957497370876951,6.61472560020376,4,0.6931471805599453,TA,Typ,0,NA,Attchd,Unf,1,Fa,TA,Y,0.0,0.0,0.0,11,2008,WD,Normal,131500,9.102309627762478,2.0,0.0,54,54,0
943,4.51085950651685,RL,3.7612001156935624,8.950532836290382,Pave,IR1,Lvl,AllPub,Inside,Gtl,Edwards,Norm,Norm,Duplex,1Story,4,3,1977,1977,Gable,CompShg,MetalSd,MetalSd,0.0,TA,TA,PConc,Gd,TA,Gd,GLQ,7.273092595999522,Unf,0.0,GasA,TA,Y,SBrkr,7.273092595999522,0.0,4,1.0986122886681098,TA,Typ,0,NA,NA,NA,0,NA,NA,N,5.7745515455444085,0.0,0.0,8,2007,Oth,Abnorml,150000,8.658866349732383,4.0,0.0,30,30,0
212,3.044522437723423,RL,4.430816798843313,9.251578279992428,Pave,Reg,Lvl,AllPub,Corner,Gtl,Edwards,Norm,Norm,1Fam,1Story,6,5,2009,2009,Gable,CompShg,VinylSd,VinylSd,0.0,TA,TA,PConc,Gd,TA,Mn,GLQ,3.6109179126442243,Unf,7.0707241072602764,GasA,Ex,Y,SBrkr,7.10085190894405,0.0,3,0.6931471805599453,Gd,Typ,0,NA,Attchd,RFn,2,TA,TA,Y,4.61512051684126,0.0,0.0,3,2010,WD,Normal,186000,8.89192414015454,2.0,3.1354942159291497,1,1,0
1149,3.9318256327243257,RM,4.110873864173311,8.648396877031582,Pave,Reg,Lvl,AllPub,Inside,Gtl,OldTown,Norm,Norm,1Fam,1.5Fin,7,7,1926,1950,Gable,CompShg,Wd Sdng,Wd Sdng,0.0,TA,TA,PConc,TA,TA,No,Unf,0.0,Unf,6.35088571671474,GasA,TA,Y,SBrkr,6.35088571671474,6.29156913955832,2,0.6931471805599453,TA,Typ,1,Gd,Detchd,Unf,1,TA,TA,Y,0.0,0.0,0.0,8,2008,WD,Normal,116900,8.959054514715692,1.0,5.176149732573829,82,58,1
746,4.110873864173311,RL,4.394449154672439,9.100971834920818,Pave,IR1,Lvl,AllPub,Inside,Gtl,NWAmes,Norm,Norm,1Fam,2Story,8,9,1976,1996,Hip,CompShg,VinylSd,VinylSd,5.66988092298052,Ex,Gd,CBlock,TA,Gd,No,GLQ,6.3561076606958915,ALQ,6.1903154058531475,GasA,Ex,Y,SBrkr,7.069874128458572,7.340186835320115,4,0.6931471805599453,Gd,Typ,2,TA,BuiltIn,Fin,2,TA,TA,Y,0.0,0.0,0.0,7,2008,WD,Normal,299800,9.986034813503693,4.0,5.3230099791384085,32,12,1
537,4.110873864173311,RL,4.060443010546419,9.09661160664784,Pave,IR1,Lvl,AllPub,CulDSac,Gtl,CollgCr,Norm,Norm,1Fam,2Story,7,5,1998,1999,Gable,CompShg,VinylSd,VinylSd,0.0,TA,TA,PConc,Gd,TA,Av,Unf,0.0,Unf,6.78105762593618,GasA,Ex,Y,SBrkr,6.78105762593618,6.739336627357174,3,0.6931471805599453,Gd,Typ,0,NA,Attchd,Fin,2,TA,TA,Y,4.795790545596741,0.0,0.0,7,2008,WD,Normal,188000,9.398395460617898,2.5,5.049856007249537,10,9,1
1287,3.044522437723423,RL,4.394449154672439,9.189218875354072,Pave,Reg,Lvl,AllPub,Inside,Gtl,NWAmes,Feedr,Norm,1Fam,1Story,6,5,1963,1963,Hip,CompShg,HdBoard,HdBoard,6.113682179832232,TA,TA,CBlock,TA,TA,No,ALQ,6.345636360828596,Rec,6.520621127558696,GasA,TA,Y,SBrkr,7.192182058713246,0.0,3,0.6931471805599453,TA,Typ,2,Gd,Attchd,Unf,2,TA,TA,Y,0.0,0.0,0.0,6,2010,WD,Normal,143000,8.983314293397749,2.5,3.295836866004329,47,47,0
1296,3.044522437723423,RL,4.2626798770413155,9.036106025364846,Pave,Reg,Lvl,AllPub,Inside,Gtl,NAmes,Feedr,Norm,1Fam,1Story,5,5,1968,1968,Hip,CompShg,HdBoard,HdBoard,5.1298987149230735,TA,TA,CBlock,TA,TA,Av,BLQ,6.92461239604856,Unf,3.6109179126442243,GasA,Gd,Y,SBrkr,6.959398512133975,0.0,3,0.6931471805599453,TA,Typ,0,NA,Attchd,RFn,1,TA,TA,Y,5.877735781779639,0.0,0.0,11,2006,WD,Normal,138500,8.568076401730806,2.5,0.0,38,38,0
86,4.110873864173311,RL,4.804021044733257,9.684086987500752,Pave,Reg,Lvl,AllPub,Corner,Gtl,NoRidge,Norm,Norm,1Fam,2Story,8,5,1991,1992,Hip,CompShg,HdBoard,HdBoard,5.652489180268651,Gd,TA,CBlock,Gd,TA,No,Unf,0.0,Unf,7.161622002939187,GasA,Ex,Y,SBrkr,7.171656822768514,7.018401799069201,4,0.6931471805599453,Gd,Typ,1,TA,Attchd,Unf,2,TA,TA,Y,4.852030263919617,0.0,0.0,4,2006,WD,Normal,260000,9.869775638050593,2.5,4.418840607796598,15,14,1
1315,3.044522437723423,RL,4.110873864173311,9.010791269515602,Pave,Reg,Lvl,AllPub,Inside,Gtl,Edwards,Norm,Norm,1Fam,1Story,4,6,1954,1954,Hip,CompShg,Wd Sdng,Wd Sdng,0.0,TA,TA,CBlock,TA,TA,No,Rec,6.597145701886651,Unf,5.37989735354046,GasA,Ex,Y,SBrkr,6.855408798609928,0.0,3,0.6931471805599453,TA,Typ,1,TA,Detchd,Unf,1,TA,TA,Y,0.0,0.0,0.0,10,2007,WD,Normal,119000,8.2409125416889,2.0,3.6109179126442243,53,53,0
975,4.2626798770413155,RL,4.110873864173311,9.342683558963897,Pave,IR1,Lvl,AllPub,Corner,Gtl,BrkSide,RRAn,Feedr,1Fam,2Story,7,8,1910,1993,Gable,CompShg,HdBoard,HdBoard,0.0,TA,Gd,BrkTil,Gd,TA,No,Unf,0.0,Unf,6.591673732008658,GasA,TA,N,SBrkr,7.036148493750536,6.784457062637643,3,0.6931471805599453,Gd,Typ,0,NA,Detchd,Unf,2,TA,TA,Y,6.234410725718371,0.0,0.0,10,2009,WD,Normal,167500,9.5563385212508,1.0,4.912654885736052,99,16,1
977,3.4339872044851463,RL,3.9512437185814275,8.682877107057168,Pave,IR1,Bnk,AllPub,Inside,Gtl,BrkSide,Norm,Norm,1Fam,1Story,4,7,1923,1958,Gable,CompShg,Wd Sdng,Wd Sdng,0.0,TA,TA,PConc,Gd,TA,No,Unf,0.0,Unf,6.089044875446846,GasA,TA,Y,FuseA,6.76849321164863,0.0,2,0.6931471805599453,Fa,Typ,0,NA,NA,NA,0,NA,NA,Y,0.0,0.0,0.0,8,2006,WD,Normal,85500,8.153925132007862,1.0,0.0,83,48,1
632,4.795790545596741,RL,3.5553480614894135,8.431853144249223,Pave,Reg,Lvl,AllPub,Inside,Gtl,NridgHt,Norm,Norm,Twnhs,1Story,8,5,2006,2006,Gable,CompShg,VinylSd,VinylSd,4.6913478822291435,Gd,TA,PConc,Gd,Gd,Mn,GLQ,3.2188758248682006,Unf,7.333676395657684,GasA,Ex,Y,SBrkr,7.349230824613334,0.0,2,0.6931471805599453,Gd,Typ,1,Gd,Attchd,RFn,2,TA,TA,Y,5.056245805348308,0.0,0.0,8,2007,WD,Normal,209500,9.428109506952937,2.0,4.30406509320417,1,1,0
1316,4.110873864173311,RL,4.454347296253507,9.312535884290853,Pave,Reg,Lvl,AllPub,Inside,Gtl,NAmes,Norm,Norm,1Fam,2Story,6,5,1969,1969,Gable,CompShg,HdBoard,HdBoard,0.0,TA,TA,CBlock,Fa,TA,Mn,ALQ,6.2166061010848646,LwQ,5.176149732573829,GasA,TA,Y,SBrkr,6.996681488176539,6.928537818164665,4,0.6931471805599453,TA,Typ,2,Gd,Attchd,Unf,2,TA,TA,Y,5.638354669333745,0.0,0.0,6,2008,WD,Normal,206900,9.447229025082065,2.5,0.0,39,39,0
1384,3.4339872044851463,RL,4.269697449699962,10.14013945387513,Pave,Reg,Lvl,AllPub,Inside,Gtl,Sawyer,Norm,Norm,1Fam,1Story,5,7,1918,2007,Gable,CompShg,Wd Sdng,Wd Sdng,0.0,TA,Gd,BrkTil,TA,TA,No,Unf,0.0,Unf,6.705639094860003,GasA,Ex,Y,SBrkr,7.256297239690681,0.0,3,0.6931471805599453,Gd,Typ,0,NA,Attchd,Unf,2,TA,TA,N,0.0,0.0,0.0,8,2007,WD,Normal,112000,8.865170419651774,2.0,4.727387818712341,89,0,1
1402,4.110873864173311,RL,4.143134726391533,8.91139510724569,Pave,IR1,Lvl,AllPub,Inside,Gtl,Gilbert,Norm,Norm,1Fam,2Story,6,5,2004,2004,Gable,CompShg,VinylSd,VinylSd,0.0,TA,TA,PConc,TA,TA,No,GLQ,6.633318433280377,Unf,4.394449154672439,GasA,Ex,Y,SBrkr,6.762729506931879,6.593044534142437,3,0.6931471805599453,TA,Typ,1,TA,Attchd,Fin,2,TA,TA,Y,4.61512051684126,0.0,0.0,4,2008,WD,Normal,193000,9.165238398063762,3.5,4.330733340286331,4,4,0
950,3.044522437723423,RL,4.3694478524670215,9.144307401371744,Pave,Reg,Lvl,AllPub,Inside,Gtl,NWAmes,Norm,Norm,1Fam,1Story,6,7,1972,2006,Hip,CompShg,Plywood,Plywood,0.0,TA,TA,CBlock,TA,TA,No,ALQ,6.890609120147166,Unf,5.19295685089021,GasA,TA,Y,SBrkr,7.231287004327616,0.0,3,0.6931471805599453,Gd,Typ,1,TA,Attchd,RFn,2,TA,TA,Y,0.0,0.0,0.0,3,2010,WD,Normal,197500,9.022443300849043,2.5,0.0,38,4,1
274,3.044522437723423,RL,4.394449154672439,9.169622538697624,Pave,Reg,Lvl,AllPub,Inside,Gtl,NAmes,Feedr,Norm,1Fam,1Story,6,6,1958,1988,Hip,CompShg,Wd Sdng,Wd Sdng,5.214935757608986,TA,TA,CBlock,TA,TA,No,Rec,6.431331081933479,LwQ,0.0,GasA,Gd,Y,SBrkr,7.398174092970465,0.0,3,0.6931471805599453,TA,Min1,1,Gd,Attchd,RFn,1,TA,TA,Y,5.66988092298052,0.0,0.0,4,2009,WD,Normal,139000,9.189423123720795,3.0,0.0,51,21,1
1035,3.4339872044851463,RL,3.9318256327243257,8.749256840105007,Pave,Reg,Bnk,AllPub,Inside,Gtl,Crawfor,Norm,Norm,1Fam,1Story,5,7,1938,1950,Gable,CompShg,MetalSd,MetalSd,0.0,TA,Gd,PConc,Fa,Fa,No,Unf,0.0,Unf,6.825460036255307,GasA,Ex,Y,SBrkr,6.86171134048073,0.0,2,0.6931471805599453,Fa,Typ,1,Gd,Basment,Unf,1,Fa,TA,Y,0.0,0.0,0.0,6,2007,WD,Normal,119750,8.470311205516108,1.0,0.0,69,57,1
363,4.454347296253507,RL,4.174387269895637,8.895903562215581,Pave,Reg,Lvl,AllPub,Corner,Gtl,Edwards,Norm,Norm,1Fam,SFoyer,7,5,2003,2003,Gable,CompShg,HdBoard,HdBoard,6.2166061010848646,Gd,TA,Slab,NA,NA,NA,NA,0.0,NA,0.0,GasA,Ex,Y,SBrkr,6.206575926724928,7.2640301428995295,4,0.6931471805599453,Gd,Typ,1,Ex,BuiltIn,RFn,2,TA,TA,Y,0.0,0.0,0.0,7,2009,ConLD,Normal,198500,9.507106063161006,3.0,5.181783550292085,6,6,0
623,3.044522437723423,RL,4.276666119016055,8.862908295118627,Pave,Reg,Lvl,AllPub,Inside,Gtl,Sawyer,Norm,Norm,1Fam,1Story,5,6,1977,1977,Gable,CompShg,Plywood,Plywood,5.0369526024136295,TA,TA,CBlock,TA,TA,No,BLQ,6.329720905522696,Unf,6.042632833682381,GasA,TA,Y,SBrkr,6.8885724595653635,0.0,3,0.6931471805599453,TA,Typ,0,NA,Detchd,Unf,2,TA,TA,Y,5.262690188904886,0.0,0.0,7,2009,WD,Normal,135000,8.497194544909547,1.0,0.0,32,32,0
3,4.110873864173311,RL,4.23410650459726,9.328212292571072,Pave,IR1,Lvl,AllPub,Inside,Gtl,CollgCr,Norm,Norm,1Fam,2Story,7,5,2001,2002,Gable,CompShg,VinylSd,VinylSd,5.093750200806762,Gd,TA,PConc,Gd,TA,Mn,GLQ,6.18826412308259,Unf,6.075346031088684,GasA,Ex,Y,SBrkr,6.825460036255307,6.7650389767805414,3,0.6931471805599453,Gd,Typ,1,TA,Attchd,RFn,2,TA,TA,Y,0.0,0.0,0.0,9,2008,WD,Normal,223500,9.433723894495,3.5,3.7612001156935624,7,6,1
7,3.044522437723423,RL,4.330733340286331,9.218804450388312,Pave,Reg,Lvl,AllPub,Inside,Gtl,Somerst,Norm,Norm,1Fam,1Story,8,5,2004,2005,Gable,CompShg,VinylSd,VinylSd,5.231108616854587,Gd,TA,PConc,Ex,TA,Av,GLQ,7.222566018822171,Unf,5.762051382780177,GasA,Ex,Y,SBrkr,7.43543801981455,0.0,3,0.6931471805599453,Gd,Typ,1,Gd,Attchd,RFn,2,TA,TA,Y,5.545177444479562,0.0,0.0,8,2007,WD,Normal,307000,9.514363204016016,3.0,4.060443010546419,3,2,1
312,3.044522437723423,RL,3.9318256327243257,8.987321812850125,Pave,Reg,Lvl,AllPub,Inside,Gtl,NAmes,Norm,Norm,1Fam,1Story,6,6,1948,2002,Gable,CompShg,VinylSd,VinylSd,0.0,TA,Gd,CBlock,TA,TA,No,ALQ,6.523562306149512,Unf,5.680172609017068,GasA,Ex,Y,SBrkr,6.880384082186005,0.0,2,0.6931471805599453,TA,Typ,1,Gd,Detchd,Unf,1,TA,TA,Y,0.0,0.0,0.0,5,2009,WD,Normal,132000,8.671286726753637,2.0,0.0,61,7,1
669,3.044522437723423,RL,4.269697449699962,9.559305672844863,Pave,Reg,Bnk,AllPub,Corner,Mod,Sawyer,Norm,Norm,1Fam,1Story,5,6,1956,1987,Gable,CompShg,CemntBd,Wd Sdng,0.0,TA,TA,CBlock,TA,TA,No,Rec,6.8966943316227125,Unf,5.303304908059076,GasA,Gd,Y,SBrkr,7.271008538280992,0.0,3,0.6931471805599453,TA,Min2,1,TA,Detchd,Unf,2,TA,TA,Y,5.720311776607412,0.0,0.0,11,2006,WD,Normal,168000,8.879889967673464,2.5,0.0,50,19,1
1038,4.110873864173311,RL,4.2626798770413155,9.13140538388804,Pave,Reg,Lvl,AllPub,Inside,Gtl,CollgCr,Norm,Norm,1Fam,2Story,8,5,2001,2002,Gable,CompShg,VinylSd,VinylSd,5.983936280687191,Gd,TA,PConc,Gd,TA,No,Unf,0.0,Unf,6.962243464266207,GasA,Ex,Y,SBrkr,6.962243464266207,7.097548850614793,3,0.6931471805599453,Gd,Typ,1,TA,BuiltIn,Fin,2,TA,TA,Y,0.0,0.0,0.0,9,2008,WD,Normal,287000,9.803943422199742,2.5,5.459585514144159,7,6,1
1440,4.110873864173311,RL,4.394449154672439,9.357466436866476,Pave,Reg,Lvl,AllPub,Inside,Gtl,NWAmes,Norm,Norm,1Fam,SLvl,7,6,1979,1979,Hip,CompShg,HdBoard,HdBoard,4.574710978503383,TA,TA,CBlock,TA,TA,No,GLQ,5.755742213586912,Rec,4.74493212836325,GasA,TA,Y,SBrkr,6.947937068614969,6.530877627725885,3,0.6931471805599453,TA,Typ,1,TA,Attchd,RFn,2,TA,TA,Y,0.0,0.0,0.0,11,2007,WD,Normal,197000,9.39897529082673,2.5,5.720311776607412,28,28,0
216,3.044522437723423,RL,4.290459441148391,9.211539652551664,Pave,IR1,Lvl,AllPub,Inside,Gtl,NAmes,Norm,Norm,1Fam,1Story,5,6,1957,1996,Gable,CompShg,HdBoard,HdBoard,4.174387269895637,TA,TA,CBlock,TA,TA,No,BLQ,5.8888779583328805,Unf,6.566672429803241,GasA,TA,Y,SBrkr,7.1204443723924875,0.0,2,0.6931471805599453,Gd,Min1,1,Fa,Attchd,Unf,1,TA,TA,Y,0.0,0.0,0.0,5,2006,WD,Normal,134450,8.729235349659273,1.5,0.0,49,10,1
1120,3.044522437723423,RL,4.2626798770413155,8.93075873555827,Pave,Reg,Lvl,AllPub,Inside,Gtl,NAmes,Norm,Norm,1Fam,1Story,5,5,1959,1959,Gable,CompShg,BrkFace,Wd Sdng,0.0,TA,TA,CBlock,TA,TA,No,LwQ,5.91350300563827,Unf,6.51025834052315,GasA,TA,Y,FuseA,6.947937068614969,0.0,3,0.6931471805599453,TA,Typ,0,NA,Attchd,RFn,1,TA,TA,Y,4.948759890378168,0.0,0.0,7,2006,WD,Normal,133700,8.556606193773073,1.0,5.53338948872752,47,47,0
28,3.044522437723423,RL,4.59511985013459,9.348274558065496,Pave,Reg,Lvl,AllPub,Inside,Gtl,NridgHt,Norm,Norm,1Fam,1Story,8,5,2007,2008,Gable,CompShg,VinylSd,VinylSd,5.303304908059076,Gd,TA,PConc,Ex,TA,No,GLQ,7.105786129481271,Unf,6.18826412308259,GasA,Ex,Y,SBrkr,7.4413203897176174,0.0,3,0.6931471805599453,Gd,Typ,1,Gd,Attchd,RFn,3,TA,TA,Y,0.0,0.0,0.0,5,2010,WD,Normal,306000,9.520248603186129,3.0,3.9318256327243257,3,2,1
1056,3.044522437723423,RL,4.653960350157523,9.338029733117072,Pave,Reg,Lvl,AllPub,Inside,Gtl,NWAmes,Norm,Norm,1Fam,1Story,6,5,1976,1976,Gable,CompShg,Plywood,Plywood,5.081404364984463,TA,TA,CBlock,Gd,TA,No,ALQ,6.4692503167957724,Unf,6.309918278226516,GasA,TA,Y,SBrkr,7.329093736246592,0.0,3,0.6931471805599453,TA,Typ,1,TA,Attchd,Fin,2,TA,TA,Y,0.0,0.0,0.0,5,2008,COD,Abnorml,180000,9.120306249272202,2.5,5.247024072160486,32,32,0
825,3.044522437723423,FV,4.406719247264253,9.325185763645223,Pave,Reg,Lvl,AllPub,Inside,Gtl,Somerst,Norm,Norm,1Fam,1Story,8,5,2006,2006,Gable,CompShg,VinylSd,VinylSd,0.0,Gd,TA,PConc,Gd,Gd,No,Unf,0.0,Unf,7.306531398939505,GasA,Ex,Y,SBrkr,7.306531398939505,0.0,3,0.6931471805599453,Gd,Typ,1,Gd,Attchd,RFn,2,TA,TA,Y,0.0,0.0,0.0,6,2006,New,Partial,232600,9.38538551979936,2.0,4.948759890378168,0,0,0
1416,4.795790545596741,RL,3.9512437185814275,8.19863945529737,Pave,Reg,Lvl,AllPub,Inside,Gtl,Blmngtn,Norm,Norm,TwnhsE,1Story,7,5,2007,2007,Hip,CompShg,VinylSd,VinylSd,4.875197323201151,Gd,TA,PConc,Gd,TA,No,ALQ,6.8966943316227125,Unf,5.988961416889864,GasA,Ex,Y,SBrkr,7.358830898342354,0.0,1,0.6931471805599453,Gd,Typ,1,TA,Attchd,RFn,3,TA,TA,Y,4.969813299576001,0.0,0.0,5,2009,WD,Normal,175900,9.304194947447806,2.5,3.044522437723423,2,2,0
1199,3.044522437723423,RL,4.2626798770413155,9.116139576577355,Pave,Reg,Lvl,AllPub,Inside,Gtl,CollgCr,Norm,Norm,1Fam,1Story,7,5,2001,2001,Gable,CompShg,VinylSd,VinylSd,0.0,Gd,TA,PConc,Gd,TA,No,Unf,0.0,Unf,7.10085190894405,GasA,Ex,Y,SBrkr,7.10085190894405,0.0,3,0.6931471805599453,Gd,Typ,0,NA,Attchd,RFn,2,TA,TA,Y,5.877735781779639,0.0,0.0,6,2009,WD,Normal,178000,9.046055177668327,2.0,0.0,8,8,0
1281,3.044522437723423,RL,4.219507705176107,9.191055610564316,Pave,IR1,Lvl,AllPub,Inside,Gtl,CollgCr,Norm,Norm,1Fam,1Story,7,5,2002,2002,Gable,CompShg,VinylSd,VinylSd,4.709530201312334,Gd,TA,PConc,Gd,TA,No,GLQ,6.670766320845874,Unf,6.666956792429207,GasA,Ex,Y,SBrkr,7.3613754289773485,0.0,3,0.6931471805599453,Gd,Typ,0,NA,Attchd,RFn,2,TA,TA,Y,0.0,0.0,0.0,3,2009,WD,Normal,227000,9.306740866262498,3.0,4.290459441148391,7,7,0
625,4.110873864173311,RL,4.394449154672439,9.249657234353133,Pave,Reg,Lvl,AllPub,Inside,Gtl,NWAmes,Norm,Norm,1Fam,2Story,6,5,1972,1972,Gable,CompShg,VinylSd,VinylSd,5.666426688112432,TA,TA,CBlock,TA,TA,No,Rec,5.5134287461649825,Unf,6.186208623900494,GasA,Gd,Y,SBrkr,6.920671504248683,6.658011045870748,4,0.6931471805599453,TA,Min2,1,TA,Attchd,RFn,2,TA,TA,Y,5.003946305945459,0.0,0.0,11,2006,WD,Normal,165150,9.281823473598047,3.0,4.997212273764115,34,34,0
808,4.2626798770413155,RL,4.976733742420574,9.970445020661009,Pave,Reg,Lvl,AllPub,Inside,Gtl,BrkSide,Norm,Norm,1Fam,2Story,5,6,1923,2004,Gable,CompShg,Wd Sdng,Wd Sdng,0.0,TA,TA,CBlock,TA,TA,Gd,GLQ,7.177782416195197,Unf,2.772588722239781,GasA,Ex,Y,SBrkr,6.9782137426306985,6.22455842927536,3,0.6931471805599453,Gd,Typ,1,TA,Attchd,RFn,2,TA,TA,Y,0.0,0.0,0.0,5,2009,WD,Normal,223500,8.97221007835365,3.5,5.746203190540153,86,5,1
257,4.110873864173311,FV,4.174387269895637,9.081597496083457,Pave,IR1,Lvl,AllPub,Inside,Gtl,Somerst,Norm,Norm,1Fam,2Story,6,5,2003,2003,Gable,CompShg,VinylSd,VinylSd,0.0,Gd,TA,PConc,Gd,TA,No,Rec,6.222576268071369,Unf,5.8916442118257715,GasA,Ex,Y,SBrkr,6.762729506931879,6.762729506931879,3,0.6931471805599453,Gd,Typ,0,NA,Attchd,RFn,2,TA,TA,Y,5.37989735354046,0.0,0.0,5,2008,WD,Normal,207500,9.246575864558277,2.5,4.04305126783455,5,5,0
26,3.044522437723423,RL,4.709530201312334,9.56317796268366,Pave,Reg,Lvl,AllPub,Corner,Gtl,NridgHt,Norm,Norm,1Fam,1Story,8,5,2007,2007,Gable,CompShg,VinylSd,VinylSd,6.46302945692067,Gd,TA,PConc,Gd,TA,No,Unf,0.0,Unf,7.356918242356021,GasA,Ex,Y,SBrkr,7.3783837129967145,0.0,3,0.6931471805599453,Gd,Typ,1,Gd,Attchd,RFn,3,TA,TA,Y,0.0,0.0,0.0,7,2009,WD,Normal,256300,9.45727857185611,2.0,4.04305126783455,2,2,0
337,3.044522437723423,RL,4.465908118654584,9.558035114334135,Pave,IR1,HLS,AllPub,Corner,Gtl,StoneBr,Norm,Norm,1Fam,1Story,9,5,2005,2006,Hip,CompShg,VinylSd,VinylSd,5.303304908059076,Gd,TA,PConc,Ex,TA,Gd,GLQ,7.1308988302963465,Unf,6.513230110912307,GasA,Ex,Y,SBrkr,7.56164174558878,0.0,3,0.6931471805599453,Gd,Typ,1,Gd,Attchd,Fin,3,TA,TA,Y,5.187385805840755,0.0,0.0,7,2007,WD,Normal,377426,9.758403975346978,3.0,3.9512437185814275,2,1,1
573,4.110873864173311,RL,4.430816798843313,9.484937204879309,Pave,IR1,HLS,AllPub,Corner,Gtl,Timber,Norm,Norm,1Fam,2Story,7,5,2009,2009,Gable,CompShg,VinylSd,VinylSd,0.0,TA,TA,PConc,Ex,TA,Av,Unf,0.0,Unf,6.741700694652055,GasA,Gd,Y,SBrkr,6.741700694652055,6.741700694652055,3,0.6931471805599453,Gd,Typ,0,NA,Attchd,RFn,2,TA,TA,Y,5.342334251964811,0.0,0.0,7,2009,New,Partial,224500,9.379661116592885,2.5,4.74493212836325,0,0,0
48,3.044522437723423,FV,4.442651256490317,9.314430080500564,Pave,Reg,Lvl,AllPub,Inside,Gtl,Somerst,Norm,Norm,1Fam,1Story,8,5,2006,2006,Gable,CompShg,VinylSd,VinylSd,0.0,Gd,TA,PConc,Gd,TA,Av,GLQ,3.2188758248682006,Unf,7.398174092970465,GasA,Ex,Y,SBrkr,7.4127640174265625,0.0,3,0.6931471805599453,Gd,Typ,0,NA,Attchd,RFn,3,TA,TA,Y,0.0,0.0,0.0,7,2007,WD,Normal,249700,9.491677356868124,2.0,4.990432586778736,1,1,0
107,3.4339872044851463,RM,4.110873864173311,9.287394001418473,Pave,Reg,Lvl,AllPub,Inside,Gtl,OldTown,Norm,Norm,1Fam,1Story,4,7,1885,1995,Mansard,CompShg,VinylSd,VinylSd,0.0,TA,TA,BrkTil,Fa,TA,No,Unf,0.0,Unf,6.464588303689961,GasA,Gd,Y,SBrkr,6.954638864880987,0.0,2,0.6931471805599453,TA,Typ,0,NA,Detchd,Unf,1,Fa,Fa,N,0.0,0.0,6.111467339502679,8,2007,WD,Normal,100000,8.340217320947035,1.0,0.0,122,12,1
350,4.110873864173311,RL,4.04305126783455,9.92485757827232,Pave,IR2,Lvl,AllPub,Inside,Gtl,NridgHt,Norm,Norm,1Fam,2Story,9,5,2005,2006,Hip,CompShg,CemntBd,CmentBd,6.769641976852503,Ex,TA,PConc,Ex,TA,No,GLQ,7.252053951852814,Unf,6.0844994130751715,GasA,Ex,Y,SBrkr,7.522400231387125,6.78105762593618,4,0.6931471805599453,Ex,Typ,2,Ex,Attchd,Fin,3,TA,TA,Y,0.0,0.0,0.0,4,2006,New,Partial,437154,10.108589325349573,3.5,0.0,1,0,1
56,3.044522437723423,RL,4.61512051684126,9.227787285579904,Pave,IR1,Lvl,AllPub,Inside,Gtl,NAmes,Norm,Norm,1Fam,1Story,6,5,1964,1964,Gable,CompShg,HdBoard,Plywood,5.60947179518496,TA,TA,CBlock,TA,TA,No,BLQ,6.19644412779452,Unf,6.841615476477592,GasA,Gd,Y,SBrkr,7.262628600974241,0.0,3,0.6931471805599453,TA,Typ,1,Gd,Attchd,RFn,2,TA,TA,Y,0.0,0.0,0.0,7,2008,WD,Normal,180500,9.053803514155955,2.0,6.0112671744041615,44,44,0
1444,3.4339872044851463,RL,3.970291913552122,9.088737550216933,Pave,Reg,Lvl,AllPub,Inside,Gtl,BrkSide,Norm,Norm,1Fam,1.5Unf,6,6,1916,1950,Gable,CompShg,Wd Sdng,Wd Sdng,0.0,TA,TA,BrkTil,TA,TA,No,Unf,0.0,Unf,6.859614903654202,Grav,Fa,N,FuseF,6.859614903654202,0.0,2,0.6931471805599453,Fa,Typ,1,Gd,Detchd,Unf,1,Fa,Po,P,0.0,0.0,0.0,5,2009,WD,Normal,121000,8.650499558724462,1.0,4.9344739331306915,93,59,1
214,3.044522437723423,RL,3.784189633918261,9.515543058145953,Pave,IR2,Lvl,AllPub,CulDSac,Gtl,CollgCr,Norm,Norm,1Fam,1Story,5,5,1995,1995,Gable,CompShg,VinylSd,VinylSd,0.0,TA,TA,PConc,Gd,TA,No,ALQ,6.57507584059962,Unf,5.616771097666572,GasA,Ex,Y,SBrkr,6.898714534329988,0.0,3,0.6931471805599453,TA,Typ,0,NA,Attchd,Unf,2,TA,TA,Y,5.41610040220442,0.0,0.0,7,2006,WD,Normal,156000,8.507344855361422,1.5,0.0,11,11,0
121,4.394449154672439,RL,4.394449154672439,9.973666387157374,Pave,IR1,Low,AllPub,CulDSac,Sev,ClearCr,Norm,Norm,1Fam,SLvl,6,5,1969,1969,Flat,Metal,Plywood,Plywood,0.0,TA,TA,CBlock,TA,TA,Gd,ALQ,6.844815479208263,Unf,0.0,GasA,Ex,Y,SBrkr,6.8966943316227125,0.0,1,0.6931471805599453,TA,Typ,2,TA,Attchd,Unf,2,TA,TA,Y,0.0,0.0,0.0,10,2006,WD,Normal,180000,8.687610843707368,2.0,5.564520407322694,37,37,0
1207,3.044522437723423,RH,4.204692619390966,9.093918908958932,Pave,Reg,Lvl,AllPub,Inside,Gtl,SawyerW,Norm,Norm,1Fam,1Story,4,4,1966,1966,Gable,CompShg,HdBoard,HdBoard,0.0,TA,TA,CBlock,TA,TA,No,Rec,6.963189985870238,Unf,0.0,GasA,TA,Y,SBrkr,6.963189985870238,0.0,2,0.6931471805599453,TA,Typ,0,NA,Detchd,Unf,1,TA,TA,Y,0.0,0.0,0.0,11,2006,WD,Normal,107000,8.348774539791274,2.0,3.7612001156935624,40,40,0
1389,3.044522437723423,RL,3.7612001156935624,9.608646582885868,Pave,IR1,HLS,AllPub,CulDSac,Gtl,Gilbert,Norm,Norm,1Fam,1Story,9,5,2006,2007,Gable,CompShg,VinylSd,VinylSd,5.081404364984463,Ex,TA,PConc,Ex,TA,Gd,GLQ,7.186144304522325,Unf,6.056784013228625,GasA,Ex,Y,SBrkr,7.465655310134056,0.0,3,0.6931471805599453,Ex,Typ,2,Gd,Attchd,Fin,3,TA,TA,Y,5.308267697401205,0.0,0.0,10,2009,WD,Normal,377500,9.662370949231669,3.0,3.6888794541139363,3,2,1
73,4.110873864173311,RL,4.31748811353631,9.224440496354964,Pave,IR1,Lvl,AllPub,Corner,Gtl,Gilbert,Norm,Norm,1Fam,2Story,7,5,1998,1998,Gable,CompShg,VinylSd,VinylSd,3.713572066704308,TA,TA,PConc,Gd,TA,No,Unf,0.0,Unf,6.725033642166843,GasA,Gd,Y,SBrkr,6.786716950605081,6.726233402358747,3,0.6931471805599453,TA,Typ,1,TA,Attchd,Fin,2,TA,TA,Y,0.0,0.0,0.0,12,2009,WD,Normal,185000,9.394909401310617,2.5,5.955837369464831,11,11,0
744,4.394449154672439,RL,4.2626798770413155,9.46397433028839,Pave,IR1,Lvl,AllPub,Inside,Gtl,Sawyer,Norm,Norm,1Fam,SLvl,5,6,1963,1999,Gable,CompShg,HdBoard,HdBoard,0.0,TA,TA,CBlock,Gd,TA,Av,ALQ,6.09807428216624,Unf,4.343805421853684,GasA,Ex,Y,SBrkr,7.289610521451167,0.0,3,0.6931471805599453,TA,Min2,1,TA,Attchd,RFn,2,TA,TA,Y,5.713732805509369,0.0,0.0,10,2009,WD,Normal,175000,8.898502209646642,2.5,4.61512051684126,46,10,1
1189,4.110873864173311,RL,4.23410650459726,9.097843340749037,Pave,IR1,Lvl,AllPub,Inside,Gtl,CollgCr,Norm,Norm,1Fam,2Story,7,5,2002,2002,Gable,CompShg,VinylSd,VinylSd,4.564348191467836,Gd,TA,PConc,Gd,TA,No,Unf,0.0,Unf,6.723832440821209,GasA,Ex,Y,SBrkr,6.723832440821209,6.721425700790643,3,0.6931471805599453,Gd,Typ,0,NA,Attchd,RFn,2,TA,TA,Y,4.976733742420574,0.0,0.0,7,2009,WD,Normal,195000,9.360569085222874,2.5,4.23410650459726,7,7,0
46,4.795790545596741,RL,4.127134385045092,8.943636705909594,Pave,Reg,Lvl,AllPub,Inside,Gtl,NridgHt,Norm,Norm,TwnhsE,1Story,9,5,2005,2005,Hip,CompShg,MetalSd,MetalSd,6.023447592961033,Ex,TA,PConc,Ex,TA,No,GLQ,6.124683390894205,Unf,7.167809184316444,GasA,Ex,Y,SBrkr,7.469083884921234,0.0,2,0.6931471805599453,Ex,Typ,1,Gd,Attchd,RFn,2,TA,TA,Y,5.2832037287379885,0.0,0.0,2,2010,WD,Normal,319900,9.665801266405587,3.0,4.418840607796598,5,5,0
1231,4.51085950651685,RL,4.269697449699962,9.846440897156853,Pave,IR1,Lvl,AllPub,Inside,Gtl,Sawyer,Feedr,RRAe,Duplex,1.5Fin,5,5,1977,1977,Shed,CompShg,Plywood,Plywood,0.6931471805599453,TA,TA,CBlock,Gd,TA,No,GLQ,6.212606095751519,Rec,6.481577129276431,GasA,Ex,Y,SBrkr,7.216709486709457,7.138866999945524,4,1.0986122886681098,TA,Typ,1,TA,BuiltIn,RFn,2,TA,TA,N,5.049856007249537,0.0,9.024131268455035,8,2007,WD,Normal,190000,9.48044384215367,3.0,5.135798437050262,30,30,0
524,4.110873864173311,RL,4.875197323201151,10.599006917241129,Pave,IR1,Bnk,AllPub,Inside,Gtl,Edwards,PosN,PosN,1Fam,2Story,10,5,2007,2008,Hip,CompShg,CemntBd,CmentBd,6.637258031284457,Ex,TA,PConc,Ex,TA,Gd,GLQ,7.72356247227797,Unf,6.778784897685177,GasA,Ex,Y,SBrkr,8.051659556841953,7.338888133838879,3,0.6931471805599453,Ex,Typ,1,Gd,BuiltIn,Fin,3,TA,TA,Y,5.342334251964811,0.0,0.0,10,2007,New,Partial,184750,10.752804801157161,4.5,6.008813185442595,0,-1,1
827,3.828641396489095,RM,3.9318256327243257,8.721113147762688,Pave,Reg,Lvl,AllPub,Inside,Gtl,BrkSide,Norm,Norm,1Fam,1.5Unf,5,6,1924,1950,Gable,CompShg,MetalSd,MetalSd,0.0,TA,TA,BrkTil,TA,TA,No,ALQ,6.665683717782408,Unf,0.0,GasA,Gd,Y,SBrkr,6.665683717782408,0.0,2,0.6931471805599453,Gd,Typ,0,NA,NA,NA,0,NA,NA,Y,0.0,0.0,0.0,5,2008,WD,Normal,109500,8.27410200229233,2.0,4.762173934797756,84,58,1
868,3.044522437723423,RL,4.454347296253507,8.849513965486398,Pave,Reg,Lvl,AllPub,Corner,Gtl,Sawyer,Feedr,Norm,1Fam,1Story,4,5,1961,1961,Gable,CompShg,VinylSd,VinylSd,0.0,TA,TA,CBlock,TA,TA,No,ALQ,6.838405200847344,Unf,4.6913478822291435,GasA,TA,Y,SBrkr,7.02197642307216,0.0,3,0.6931471805599453,Fa,Typ,0,NA,Attchd,RFn,2,TA,TA,Y,5.1298987149230735,0.0,5.993961427306569,5,2007,WD,Normal,129000,8.407601514786142,2.5,0.0,46,46,0
1200,3.044522437723423,RL,4.330733340286331,9.326878188224134,Pave,Reg,Lvl,AllPub,Inside,Gtl,Sawyer,Norm,Norm,1Fam,1Story,4,5,1963,1979,Gable,CompShg,HdBoard,HdBoard,3.9512437185814275,TA,TA,CBlock,TA,TA,No,Rec,6.306275286948016,Unf,6.22455842927536,GasA,Gd,Y,SBrkr,7.232010331664759,0.0,3,0.6931471805599453,TA,Typ,1,Po,Attchd,Unf,2,TA,TA,Y,0.0,0.0,0.0,10,2006,WD,Normal,148000,8.617762246337932,1.5,4.418840607796598,43,27,1
758,4.110873864173311,RL,4.269697449699962,9.360224821513475,Pave,IR1,Lvl,AllPub,CulDSac,Gtl,Sawyer,Norm,Norm,1Fam,2Story,6,5,1978,1978,Hip,CompShg,HdBoard,HdBoard,5.796057750765372,TA,TA,CBlock,TA,TA,Mn,Rec,6.0844994130751715,Unf,5.459585514144159,GasA,TA,Y,SBrkr,6.511745329644728,6.5722825426940075,3,0.6931471805599453,TA,Typ,1,TA,Attchd,Fin,2,TA,TA,Y,5.817111159963204,0.0,0.0,4,2010,WD,Abnorml,158900,9.026056891868688,2.5,0.0,32,32,0
534,3.044522437723423,RL,3.9318256327243257,8.517393171418904,Pave,Reg,Low,AllPub,Inside,Mod,BrkSide,Norm,Norm,1Fam,1Story,1,3,1946,1950,Gable,CompShg,VinylSd,VinylSd,0.0,Fa,Fa,Slab,NA,NA,NA,NA,0.0,NA,0.0,GasA,Fa,N,FuseF,5.814130531825066,0.0,1,0.6931471805599453,Fa,Typ,0,NA,NA,NA,0,NA,NA,N,0.0,0.0,0.0,1,2007,WD,Normal,39300,5.814130531825066,1.0,0.0,61,57,1
604,5.081404364984463,FV,3.4339872044851463,8.065579427282092,Pave,Reg,Lvl,AllPub,Inside,Gtl,Somerst,Norm,Norm,TwnhsE,2Story,7,5,2004,2005,Gable,CompShg,MetalSd,MetalSd,0.0,Gd,TA,PConc,Gd,TA,No,Unf,0.0,Unf,6.398594934535208,GasA,Ex,Y,SBrkr,6.398594934535208,6.398594934535208,2,0.6931471805599453,Gd,Typ,0,NA,Detchd,RFn,2,TA,TA,Y,0.0,0.0,0.0,6,2010,WD,Normal,151000,9.036106025364846,2.5,5.153291594497779,6,5,1
466,4.795790545596741,RM,3.784189633918261,8.030409562130485,Pave,Reg,Lvl,AllPub,Inside,Gtl,Blmngtn,Norm,Norm,TwnhsE,1Story,7,5,2004,2004,Hip,CompShg,VinylSd,VinylSd,2.9444389791664403,Gd,TA,PConc,Gd,TA,No,Unf,0.0,Unf,7.226936018493289,GasA,Ex,Y,SBrkr,7.254884810077338,0.0,2,0.6931471805599453,Gd,Typ,1,TA,Attchd,Fin,2,TA,TA,Y,4.976733742420574,0.0,0.0,5,2006,WD,Normal,178740,9.200189020919808,2.0,3.044522437723423,2,2,0
1392,4.51085950651685,RL,4.189654742026425,9.09884999594282,Pave,Reg,Lvl,AllPub,Inside,Gtl,NAmes,Norm,Norm,Duplex,1Story,5,5,1967,1967,Gable,CompShg,Plywood,Plywood,0.0,TA,TA,CBlock,TA,TA,No,Unf,0.0,Unf,7.368339686311381,GasA,TA,Y,SBrkr,7.368339686311381,0.0,4,1.0986122886681098,TA,Mod,0,NA,Detchd,Unf,3,TA,TA,Y,0.0,0.0,0.0,4,2009,WD,Normal,124000,8.97727273946428,2.0,5.030437921392435,42,42,0
1245,4.2626798770413155,RL,4.23410650459726,9.344521553442203,Pave,IR1,HLS,AllPub,Corner,Mod,Crawfor,Norm,Norm,1Fam,2Story,8,7,1929,1950,Gable,CompShg,BrkFace,Stucco,0.0,TA,TA,PConc,Gd,TA,No,Unf,0.0,Unf,6.675823221634848,GasA,Fa,Y,SBrkr,6.675823221634848,6.587550014824796,3,0.6931471805599453,Gd,Typ,2,Gd,Detchd,Unf,2,TA,TA,Y,0.0,0.0,0.0,6,2006,WD,Normal,230000,9.404013917106361,1.0,0.0,77,56,1
1081,3.044522437723423,RL,4.394449154672439,9.309370895439137,Pave,Reg,Lvl,AllPub,Inside,Gtl,NWAmes,Norm,Norm,1Fam,1Story,6,7,1971,2004,Gable,CompShg,VinylSd,VinylSd,4.976733742420574,Gd,Gd,CBlock,TA,TA,No,ALQ,6.48768401848461,Unf,6.401917196727186,GasA,Ex,Y,SBrkr,7.138073034044347,0.0,3,0.6931471805599453,Gd,Typ,0,NA,Attchd,RFn,2,TA,TA,Y,4.02535169073515,0.0,0.0,10,2008,COD,Abnorml,145000,8.929170383139624,2.5,5.37989735354046,37,4,1
905,3.044522437723423,RL,4.269697449699962,8.728102205062104,Pave,IR1,Lvl,AllPub,Inside,Gtl,Sawyer,Norm,Norm,1Fam,1Story,5,6,1967,1967,Gable,CompShg,HdBoard,Wd Sdng,4.330733340286331,TA,TA,CBlock,TA,TA,No,GLQ,6.396929655216146,Unf,5.627621113690637,GasA,TA,Y,SBrkr,6.805722553416985,0.0,3,0.6931471805599453,TA,Typ,0,NA,Attchd,Unf,1,TA,TA,Y,0.0,0.0,0.0,8,2007,WD,Normal,125500,8.414274137408396,1.0,0.0,40,40,0
61,3.044522437723423,RL,4.1588830833596715,9.47830431356186,Pave,Reg,Lvl,AllPub,Inside,Gtl,SawyerW,RRAe,Norm,1Fam,1Story,6,5,2004,2004,Gable,CompShg,VinylSd,VinylSd,0.0,TA,TA,PConc,Gd,TA,No,ALQ,6.848005274576363,Unf,5.384495062789089,GasA,Ex,Y,SBrkr,7.055312843339752,0.0,3,0.6931471805599453,Gd,Typ,0,NA,Detchd,Unf,2,TA,TA,Y,0.0,0.0,0.0,5,2006,New,Partial,158000,8.846353043314327,2.5,3.9318256327243257,2,2,0
93,3.4339872044851463,RL,4.394449154672439,9.500095294588894,Pave,IR1,HLS,AllPub,Inside,Gtl,Crawfor,Norm,Norm,1Fam,1Story,5,7,1921,2006,Gable,CompShg,Wd Sdng,Wd Sdng,0.0,TA,Gd,BrkTil,Gd,TA,No,ALQ,6.570882962339584,Unf,5.099866427824199,GasA,Ex,Y,SBrkr,6.872128101338986,0.0,2,0.6931471805599453,TA,Typ,0,NA,Detchd,Unf,2,TA,TA,Y,0.0,0.0,0.0,8,2009,WD,Normal,163500,8.480736654405622,2.0,3.8066624897703196,88,3,1
667,4.110873864173311,RL,4.324132656254979,9.822873848541882,Pave,IR1,Lvl,AllPub,Inside,Gtl,NAmes,Norm,Norm,1Fam,2Story,6,5,1965,1979,Flat,Tar&Grv,Plywood,Plywood,4.736198448394496,TA,Gd,CBlock,Gd,TA,No,LwQ,5.236441962829949,Rec,4.718498871295094,GasA,TA,Y,SBrkr,7.290292882446597,6.82001636467413,3,0.6931471805599453,TA,Sev,1,Po,CarPort,Unf,2,TA,TA,Y,0.0,0.0,0.0,8,2007,WD,Abnorml,129000,9.566685261452934,2.5,5.583496308781699,42,28,1
728,3.044522437723423,RL,4.174387269895637,8.897682313454224,Pave,Reg,Lvl,AllPub,Inside,Gtl,CollgCr,Norm,Norm,1Fam,1Story,7,5,2007,2007,Gable,CompShg,VinylSd,VinylSd,4.418840607796598,Gd,TA,PConc,Gd,TA,Av,GLQ,6.586171654854675,Unf,6.2324480165505225,GasA,Ex,Y,SBrkr,7.117205503164344,0.0,2,0.6931471805599453,Gd,Typ,0,NA,Attchd,RFn,2,TA,TA,Y,4.890349128221754,0.0,0.0,2,2009,WD,Normal,194500,9.062420241899561,3.0,0.0,2,2,0
195,3.044522437723423,RL,4.110873864173311,8.879193928110318,Pave,IR1,Lvl,AllPub,Inside,Gtl,CollgCr,Norm,Norm,1Fam,1Story,5,7,1972,1972,Hip,CompShg,HdBoard,HdBoard,0.0,TA,TA,CBlock,TA,TA,Av,ALQ,5.968707559985366,Unf,6.163314804034641,GasA,TA,Y,SBrkr,6.762729506931879,0.0,3,0.6931471805599453,TA,Typ,0,NA,Detchd,Unf,1,TA,TA,Y,0.0,0.0,0.0,5,2008,WD,Normal,127000,8.371242135931933,1.0,0.0,36,36,0
281,4.110873864173311,RL,4.418840607796598,9.33149549353265,Pave,Reg,Lvl,AllPub,Inside,Gtl,SawyerW,Norm,Norm,1Fam,2Story,7,6,1989,1989,Gable,CompShg,Plywood,Plywood,5.831882477283517,Gd,TA,CBlock,Gd,TA,Av,GLQ,6.045005314036012,Unf,5.958424693029782,GasA,Gd,Y,SBrkr,7.069874128458572,6.694562058521095,3,0.6931471805599453,Gd,Typ,1,TA,Attchd,Fin,2,TA,TA,Y,0.0,0.0,0.0,1,2007,WD,Normal,228500,9.537843938614635,2.5,5.638354669333745,18,18,0
360,4.110873864173311,RL,4.3694478524670215,9.39366142910322,Pave,IR1,Lvl,AllPub,CulDSac,Gtl,NoRidge,Norm,Norm,1Fam,2Story,8,5,1998,1998,Gable,CompShg,VinylSd,VinylSd,6.274762021241939,Gd,TA,PConc,Gd,TA,Av,GLQ,6.863803391452954,Unf,4.875197323201151,GasA,Ex,Y,SBrkr,6.99117688712121,6.732210706467206,3,0.6931471805599453,Gd,Typ,1,TA,Attchd,RFn,2,TA,TA,Y,5.342334251964811,0.0,0.0,6,2006,WD,Normal,280000,9.641668139610074,3.5,6.1092475827643655,8,8,0
520,4.2626798770413155,RL,3.9889840465642745,9.298259670014065,Pave,Reg,Lvl,AllPub,Inside,Gtl,Crawfor,Norm,Norm,1Fam,2Story,7,9,1926,2004,Gambrel,CompShg,MetalSd,MetalSd,0.0,Gd,TA,BrkTil,Gd,TA,No,Unf,0.0,Unf,7.152268856032539,GasA,Ex,Y,SBrkr,7.152268856032539,6.690842277418564,3,0.6931471805599453,Gd,Typ,2,Gd,Detchd,Unf,1,TA,TA,Y,0.0,0.0,0.0,6,2009,WD,Normal,234000,9.586102000710904,1.5,4.983606621708336,83,5,1
1456,4.110873864173311,RL,4.143134726391533,8.976893927666076,Pave,Reg,Lvl,AllPub,Inside,Gtl,Gilbert,Norm,Norm,1Fam,2Story,6,5,1999,2000,Gable,CompShg,VinylSd,VinylSd,0.0,TA,TA,PConc,Gd,TA,No,Unf,0.0,Unf,6.860663671448287,GasA,Ex,Y,SBrkr,6.860663671448287,6.543911845564792,3,0.6931471805599453,TA,Typ,1,TA,Attchd,RFn,2,TA,TA,Y,0.0,0.0,0.0,8,2007,WD,Normal,175000,9.198571388376184,2.5,3.713572066704308,8,7,1
924,4.795790545596741,RL,3.9318256327243257,8.98882050177807,Pave,Reg,Lvl,AllPub,Inside,Gtl,SawyerW,Norm,Norm,TwnhsE,1Story,6,5,1993,1994,Gable,CompShg,Plywood,Plywood,0.0,Gd,TA,PConc,Gd,TA,No,LwQ,5.111987788356544,GLQ,6.395261598115449,GasA,Ex,Y,SBrkr,7.388946097618437,0.0,2,0.6931471805599453,Gd,Typ,1,Fa,Attchd,RFn,2,TA,TA,Y,0.0,0.0,0.0,7,2008,WD,Normal,193000,9.1801903950253,3.0,4.248495242049359,15,14,1
183,3.044522437723423,RL,4.110873864173311,9.11173476822206,Pave,Reg,Lvl,AllPub,Inside,Gtl,Edwards,Artery,Norm,1Fam,1Story,5,6,1957,2006,Hip,CompShg,Wd Sdng,Wd Sdng,4.59511985013459,TA,TA,PConc,NA,NA,NA,NA,0.0,NA,0.0,GasA,Ex,Y,SBrkr,7.201170883281678,0.0,3,0.6931471805599453,TA,Typ,1,Gd,Attchd,RFn,1,TA,TA,Y,4.762173934797756,0.0,0.0,6,2007,WD,Normal,120000,8.81001204797317,1.0,5.198497031265826,50,1,1
988,3.044522437723423,RL,4.430816798843313,9.226213721132472,Pave,IR1,Lvl,AllPub,Inside,Gtl,NridgHt,Norm,Norm,1Fam,1Story,9,5,2009,2010,Hip,CompShg,VinylSd,VinylSd,6.111467339502679,Ex,TA,PConc,Ex,TA,Av,GLQ,7.4067107301776405,Unf,5.652489180268651,GasA,Ex,Y,SBrkr,7.57095858316901,0.0,3,0.6931471805599453,Ex,Typ,1,Gd,Attchd,Fin,3,TA,TA,Y,5.1298987149230735,0.0,0.0,4,2010,New,Partial,395192,9.767725101522128,3.5,4.564348191467836,1,0,1
111,3.9318256327243257,RL,4.330733340286331,9.161780181360806,Pave,Reg,Lvl,AllPub,Inside,Gtl,Edwards,Norm,Norm,1Fam,1.5Fin,6,4,1954,1972,Gable,CompShg,Wd Sdng,Wd Sdng,0.0,TA,TA,CBlock,TA,Fa,No,Rec,6.09807428216624,Unf,6.311734809152915,GasA,Gd,Y,SBrkr,7.104144092987527,6.461468176353717,4,0.6931471805599453,TA,Typ,0,NA,Attchd,Unf,1,TA,TA,Y,5.209486152841421,0.0,0.0,10,2006,WD,Normal,136900,9.317489287493226,2.0,0.0,52,34,1
43,4.454347296253507,RL,4.204692619390966,9.1248914101437,Pave,IR1,Lvl,AllPub,CulDSac,Gtl,SawyerW,Norm,Norm,1Fam,SFoyer,5,7,1983,1983,Gable,CompShg,HdBoard,HdBoard,0.0,TA,TA,CBlock,Gd,TA,Av,ALQ,6.617402977974478,LwQ,0.0,GasA,Gd,Y,SBrkr,6.785587645007929,0.0,2,0.6931471805599453,Gd,Typ,0,NA,Attchd,RFn,2,TA,Gd,Y,5.484796933490655,0.0,0.0,12,2007,WD,Normal,144000,8.394121193826242,2.0,0.0,24,24,0
1237,5.081404364984463,RL,3.6109179126442243,7.874358824729881,Pave,Reg,Lvl,AllPub,Inside,Gtl,NridgHt,Norm,Norm,Twnhs,2Story,7,5,2003,2003,Gable,CompShg,VinylSd,Wd Shng,4.672828834461906,Gd,TA,PConc,Gd,TA,No,Unf,0.0,Unf,6.639875833826536,GasA,Ex,Y,SBrkr,6.639875833826536,6.760414691083428,2,0.6931471805599453,Gd,Typ,0,NA,BuiltIn,RFn,2,TA,TA,Y,0.0,0.0,0.0,6,2010,WD,Normal,175500,9.339876293325217,2.5,3.332204510175204,7,7,0
205,3.9318256327243257,RM,3.9318256327243257,8.160803920954665,Pave,Reg,Lvl,AllPub,Inside,Gtl,OldTown,Norm,Norm,1Fam,1.5Fin,5,7,1947,1950,Gable,CompShg,AsbShng,AsbShng,0.0,TA,TA,CBlock,TA,TA,No,LwQ,5.746203190540153,Unf,6.013715156042802,GasA,TA,Y,SBrkr,6.580639137284949,6.336825731146441,2,0.6931471805599453,TA,Typ,0,NA,Detchd,Unf,1,TA,TA,Y,0.0,0.0,0.0,4,2009,WD,Normal,110000,8.76732914779405,1.5,3.58351893845611,62,59,1
984,4.110873864173311,RL,4.2626798770413155,9.328212292571072,Pave,Reg,Lvl,AllPub,Corner,Gtl,CollgCr,Norm,Norm,1Fam,2Story,8,5,2002,2002,Gable,CompShg,CemntBd,CmentBd,0.0,Gd,TA,PConc,Gd,TA,Mn,Unf,0.0,Unf,7.029087564149662,GasA,Ex,Y,SBrkr,7.047517221357296,7.040536390215956,4,0.6931471805599453,Gd,Typ,1,Gd,Attchd,Unf,2,TA,TA,Y,0.0,0.0,0.0,5,2008,WD,Normal,255900,9.815803221891244,2.5,0.0,6,6,0
53,4.51085950651685,RM,4.709530201312334,9.044639916198465,Grvl,IR2,Bnk,AllPub,Corner,Mod,IDOTRR,RRNn,Norm,Duplex,1Story,5,5,1963,1963,Gable,CompShg,Wd Sdng,Wd Sdng,0.0,Fa,TA,CBlock,Gd,TA,Gd,LwQ,4.653960350157523,GLQ,0.0,GasA,TA,N,SBrkr,6.705639094860003,0.0,2,0.6931471805599453,TA,Typ,0,NA,CarPort,Unf,2,TA,TA,Y,4.672828834461906,0.0,0.0,5,2010,WD,Normal,110000,8.314097335405807,2.0,0.0,47,47,0
546,3.9318256327243257,RL,4.394449154672439,9.535173710058757,Pave,IR1,Lvl,AllPub,Corner,Gtl,NWAmes,Norm,Norm,1Fam,1.5Fin,7,5,1988,1988,Gable,CompShg,HdBoard,HdBoard,5.187385805840755,Gd,Gd,PConc,Gd,Gd,No,GLQ,6.910750787961936,LwQ,0.0,GasA,Gd,Y,SBrkr,7.228388451573604,6.693323668269949,4,0.6931471805599453,Gd,Typ,0,NA,Attchd,Unf,3,TA,TA,Y,0.0,0.0,0.0,2,2006,WD,Normal,229000,9.634430944207512,2.5,0.0,18,18,0
946,3.9318256327243257,RM,4.59511985013459,9.084890521258767,Pave,Reg,Lvl,AllPub,Corner,Gtl,OldTown,Norm,Norm,1Fam,1.5Fin,5,6,1890,1996,Hip,CompShg,VinylSd,VinylSd,0.0,TA,TA,BrkTil,TA,TA,No,LwQ,6.9930151229329605,Unf,0.0,GasA,TA,Y,SBrkr,7.080867896690782,6.331501849893691,2,0.6931471805599453,TA,Typ,0,NA,Detchd,Unf,2,TA,TA,Y,3.8918202981106265,0.0,0.0,9,2009,WD,Normal,124900,9.142703723260372,1.0,5.501258210544727,119,13,1
853,4.330733340286331,RL,3.9889840465642745,8.871926251117628,Pave,Reg,Lvl,AllPub,Inside,Gtl,Crawfor,Norm,Norm,1Fam,2.5Unf,7,5,1941,1950,Gable,CompShg,MetalSd,MetalSd,0.0,TA,Gd,CBlock,TA,TA,No,Rec,5.8998973535824915,Unf,6.318968113746434,GasA,Gd,Y,SBrkr,6.823286122355687,6.591673732008658,4,0.6931471805599453,TA,Typ,2,Gd,Detchd,Unf,1,TA,TA,Y,0.0,0.0,0.0,8,2007,WD,Normal,164000,9.352100317014015,2.0,4.844187086458591,66,57,1
1414,3.044522437723423,RL,4.48863636973214,9.305195902988862,Pave,IR1,Lvl,AllPub,Corner,Gtl,SawyerW,Norm,Norm,1Fam,1Story,8,5,2005,2006,Gable,CompShg,VinylSd,VinylSd,5.905361848054571,Gd,TA,PConc,Gd,Gd,No,GLQ,6.884486652042782,Unf,6.767343125265392,GasA,Ex,Y,SBrkr,7.520234556474628,0.0,2,0.6931471805599453,Gd,Typ,1,Gd,Attchd,Fin,2,TA,TA,Y,5.111987788356544,0.0,0.0,9,2009,COD,Abnorml,257000,9.599201730917567,3.0,3.8066624897703196,4,3,1
1376,3.044522437723423,RL,4.499809670330265,9.30492301446213,Pave,IR1,HLS,AllPub,Inside,Gtl,Timber,Norm,Norm,1Fam,1Story,8,5,2007,2007,Gable,CompShg,VinylSd,VinylSd,4.394449154672439,Gd,TA,PConc,Gd,TA,Gd,Unf,0.0,Unf,7.360103972989152,GasA,Ex,Y,SBrkr,7.360103972989152,0.0,3,0.6931471805599453,Gd,Typ,1,Gd,Attchd,Fin,3,TA,TA,Y,4.61512051684126,0.0,0.0,12,2007,New,Partial,239000,9.438988743924838,2.0,3.6109179126442243,0,0,0
184,3.9318256327243257,RM,4.1588830833596715,9.343734255146714,Pave,Reg,Lvl,AllPub,Inside,Gtl,OldTown,Norm,Norm,1Fam,1.5Fin,7,5,2003,2003,Gable,CompShg,VinylSd,VinylSd,0.0,TA,TA,PConc,Gd,TA,No,Unf,0.0,Unf,7.217443431696533,GasA,Ex,Y,SBrkr,7.217443431696533,6.580639137284949,3,0.6931471805599453,Gd,Mod,0,NA,Detchd,Unf,2,TA,TA,N,5.638354669333745,0.0,0.0,6,2008,WD,Normal,200000,9.587063011218692,2.5,5.476463551931511,5,5,0
138,4.51085950651685,RL,4.418840607796598,9.312084355859467,Pave,Reg,Lvl,AllPub,Inside,Gtl,Mitchel,Norm,Norm,Duplex,1Story,7,5,1988,1989,Gable,CompShg,VinylSd,VinylSd,4.2626798770413155,TA,TA,CBlock,TA,TA,No,Unf,0.0,Unf,7.553810852008231,GasA,Gd,Y,SBrkr,7.580699752224563,0.0,5,1.0986122886681098,TA,Typ,0,NA,2Types,Unf,3,TA,TA,Y,0.0,0.0,0.0,7,2006,WD,Family,171000,9.52617248784431,3.0,0.0,18,17,1
927,4.110873864173311,RL,4.543294782270004,9.392661928770137,Pave,Reg,Lvl,AllPub,Inside,Gtl,NridgHt,Norm,Norm,1Fam,2Story,8,5,2003,2004,Hip,CompShg,VinylSd,VinylSd,5.831882477283517,Gd,TA,PConc,Gd,TA,No,Unf,0.0,Unf,7.074963197966044,GasA,Ex,Y,SBrkr,7.118826249062078,7.039660349862076,4,0.6931471805599453,Ex,Typ,1,Gd,BuiltIn,Fin,3,TA,TA,Y,4.653960350157523,0.0,0.0,5,2007,WD,Normal,285000,9.851825769212237,2.5,4.61512051684126,4,3,1
81,4.110873864173311,RL,4.61512051684126,9.472781556562168,Pave,Reg,Lvl,AllPub,Corner,Gtl,NAmes,Norm,Norm,1Fam,2Story,6,6,1968,1968,Gable,CompShg,VinylSd,VinylSd,6.3578422665081,TA,Gd,CBlock,Gd,TA,No,Rec,6.1070228877422545,Unf,6.1070228877422545,GasA,TA,Y,SBrkr,7.075808863978387,6.8679744089702925,4,0.6931471805599453,Gd,Typ,1,Gd,Attchd,Fin,1,TA,TA,Y,0.0,0.0,0.0,6,2009,WD,Normal,193500,9.461332526110132,2.5,5.783825182329737,41,41,0
1365,5.081404364984463,FV,3.4339872044851463,8.064950891749143,Pave,Reg,Lvl,AllPub,Inside,Gtl,Somerst,Norm,Norm,TwnhsE,2Story,7,5,2005,2005,Gable,CompShg,MetalSd,MetalSd,0.0,Gd,TA,PConc,Gd,TA,No,Unf,0.0,Unf,6.398594934535208,GasA,Ex,Y,SBrkr,6.255750041753367,6.398594934535208,2,0.6931471805599453,Gd,Typ,0,NA,Detchd,RFn,2,TA,TA,Y,0.0,0.0,0.0,4,2006,WD,Abnorml,144152,9.036106025364846,2.5,5.117993812416755,1,1,0
106,4.110873864173311,FV,4.330733340286331,9.145908511816794,Pave,Reg,Lvl,AllPub,Inside,Gtl,Somerst,Norm,Norm,1Fam,2Story,8,5,2003,2004,Hip,CompShg,VinylSd,VinylSd,6.645090969505644,Gd,TA,PConc,Ex,TA,No,Unf,0.0,Unf,6.960347729101308,GasA,Ex,Y,SBrkr,6.960347729101308,6.84587987526405,3,0.6931471805599453,Gd,Typ,1,Gd,Attchd,RFn,2,TA,TA,Y,4.948759890378168,0.0,0.0,8,2008,WD,Normal,250000,9.676398728859633,2.5,3.828641396489095,5,4,1
542,4.110873864173311,RL,4.516338972281476,9.305741456739435,Pave,Reg,Lvl,AllPub,FR2,Gtl,NoRidge,Norm,Norm,1Fam,2Story,8,5,2000,2000,Gable,CompShg,VinylSd,VinylSd,4.290459441148391,Gd,TA,PConc,Gd,TA,No,Unf,0.0,Unf,6.877296071497429,GasA,Ex,Y,SBrkr,6.905753276311464,7.161622002939187,4,0.6931471805599453,Gd,Typ,1,TA,BuiltIn,Fin,3,TA,TA,Y,0.0,0.0,0.0,6,2007,WD,Normal,248000,9.813617548107086,2.5,4.04305126783455,7,7,0
707,3.044522437723423,RL,4.394449154672439,11.65399090524883,Pave,IR2,Low,AllPub,CulDSac,Sev,ClearCr,Norm,Norm,1Fam,1Story,7,5,1971,2002,Gable,CompShg,Plywood,Plywood,5.863631175598097,TA,TA,CBlock,Gd,TA,Gd,GLQ,7.106606137727303,Unf,6.052089168924417,GasA,TA,Y,SBrkr,7.509335266016592,0.0,2,0.6931471805599453,Gd,Typ,2,TA,Attchd,Unf,2,TA,TA,Y,5.942799375126701,0.0,0.0,6,2007,WD,Normal,302000,9.454775637424682,3.0,3.8918202981106265,36,5,1
481,3.044522437723423,RL,4.59511985013459,9.682466746602897,Pave,IR1,Lvl,AllPub,FR2,Gtl,NridgHt,Norm,Norm,1Fam,1Story,9,5,2004,2005,Hip,CompShg,VinylSd,VinylSd,5.937536205082426,Gd,TA,PConc,Ex,TA,Gd,GLQ,7.140453043101158,Unf,6.35088571671474,GasA,Ex,Y,SBrkr,7.523481312573497,0.0,3,0.6931471805599453,Gd,Typ,1,Gd,Attchd,Fin,3,TA,TA,Y,6.253828811575473,0.0,0.0,3,2006,WD,Normal,326000,9.720225553665117,3.0,4.727387818712341,2,1,1
166,5.25227342804663,RL,4.143134726391533,9.220983532074662,Pave,Reg,Lvl,AllPub,Inside,Gtl,Edwards,Norm,Norm,2fmCon,1.5Fin,5,7,1940,1999,Gable,CompShg,Wd Sdng,Wd Sdng,0.0,TA,Gd,BrkTil,TA,TA,No,ALQ,5.863631175598097,Rec,4.727387818712341,GasA,Gd,Y,SBrkr,6.695798917058491,6.306275286948016,4,1.0986122886681098,TA,Typ,0,NA,NA,NA,0,NA,NA,Y,4.948759890378168,0.0,0.0,9,2008,WD,Normal,127500,8.821142236331891,3.0,0.0,68,9,1
249,4.110873864173311,RL,4.290459441148391,9.334149657702469,Pave,Reg,Lvl,AllPub,Inside,Gtl,CollgCr,Norm,Norm,1Fam,2Story,7,5,2003,2003,Gable,CompShg,VinylSd,VinylSd,4.624972813284271,Gd,TA,PConc,Gd,TA,No,Unf,0.0,Unf,6.734591659972948,GasA,Ex,Y,SBrkr,6.734591659972948,6.720220155135295,3,0.6931471805599453,Gd,Typ,0,NA,Attchd,RFn,2,TA,TA,Y,4.976733742420574,0.0,0.0,9,2007,WD,Normal,180000,9.365376374075716,2.5,4.23410650459726,4,4,0
308,3.9318256327243257,RM,4.110873864173311,8.97727273946428,Pave,IR1,Lvl,AllPub,Inside,Gtl,IDOTRR,Artery,Norm,1Fam,1.5Fin,6,7,1920,1950,Gable,CompShg,MetalSd,MetalSd,0.0,TA,Fa,CBlock,TA,TA,No,Unf,0.0,Unf,5.768320995793772,GasA,TA,Y,FuseA,6.943122422819428,5.918893854273146,3,0.6931471805599453,Fa,Typ,0,NA,NA,NA,0,NA,NA,N,0.0,0.0,0.0,3,2008,WD,Normal,89500,9.040382074165628,1.0,4.976733742420574,88,58,1
447,3.044522437723423,RL,4.927253685157205,9.710691327448153,Pave,IR1,Lvl,AllPub,Corner,Gtl,NAmes,PosA,Norm,1Fam,1Story,6,6,1966,2002,Gable,CompShg,BrkFace,Plywood,0.0,Gd,TA,CBlock,TA,TA,No,ALQ,5.5134287461649825,Rec,6.324358962381311,GasA,Ex,Y,SBrkr,7.543802867501509,0.0,2,0.6931471805599453,Gd,Mod,1,Gd,Attchd,Fin,2,TA,TA,Y,0.0,0.0,0.0,6,2010,WD,Normal,190000,9.335121088873489,2.5,0.0,44,8,1
713,4.795790545596741,RL,3.713572066704308,8.449342524508063,Pave,IR1,HLS,AllPub,Inside,Gtl,StoneBr,Norm,Norm,TwnhsE,1Story,8,5,1988,1989,Gable,CompShg,HdBoard,HdBoard,0.0,Gd,TA,PConc,Gd,TA,Mn,GLQ,6.643789733147672,Unf,6.135564891081739,GasA,Gd,Y,SBrkr,7.113956109566034,0.0,2,0.6931471805599453,Gd,Typ,1,Gd,Attchd,Fin,2,TA,TA,Y,5.1298987149230735,0.0,0.0,10,2008,WD,Normal,189000,9.192685436737461,3.0,4.795790545596741,20,19,1
335,4.110873864173311,RL,4.0943445622221,9.10974625674048,Pave,IR1,Lvl,AllPub,Inside,Gtl,Gilbert,Norm,Norm,1Fam,2Story,6,5,1998,1998,Gable,CompShg,VinylSd,VinylSd,0.0,TA,TA,PConc,Gd,TA,Gd,GLQ,6.720220155135295,Unf,4.7535901911063645,GasA,Gd,Y,SBrkr,6.8501261661455,6.54534966033442,3,0.6931471805599453,TA,Typ,2,TA,Attchd,Fin,2,TA,TA,Y,4.61512051684126,0.0,0.0,7,2008,WD,Normal,192000,9.19309247856663,3.5,3.6635616461296463,10,10,0
98,3.044522437723423,RL,4.30406509320417,9.298534382712099,Pave,Reg,HLS,AllPub,Inside,Gtl,Edwards,Norm,Norm,1Fam,1Story,4,5,1965,1965,Hip,CompShg,HdBoard,HdBoard,3.8918202981106265,TA,TA,CBlock,TA,TA,No,Rec,6.255750041753367,Unf,6.089044875446846,GasA,TA,Y,FuseF,6.8679744089702925,0.0,3,0.6931471805599453,TA,Typ,0,NA,Attchd,Fin,1,TA,TA,P,4.795790545596741,0.0,0.0,5,2007,WD,Normal,94750,8.253488028345904,2.0,0.0,42,42,0
725,3.044522437723423,RL,4.465908118654584,9.494541392591309,Pave,IR1,Lvl,AllPub,Inside,Gtl,Edwards,Norm,Norm,1Fam,1Story,9,5,2007,2008,Hip,CompShg,CemntBd,CmentBd,5.831882477283517,Ex,TA,PConc,Ex,TA,No,GLQ,7.118826249062078,Unf,6.142037405587356,GasA,Ex,Y,SBrkr,7.4377951216719325,0.0,3,0.6931471805599453,Ex,Typ,1,Gd,Attchd,Fin,3,TA,TA,Y,5.793013608384144,0.0,0.0,2,2009,WD,Normal,320000,9.634496378527837,3.0,4.174387269895637,2,1,1
906,3.044522437723423,RL,4.394449154672439,9.202409001649903,Pave,Reg,Lvl,AllPub,Inside,Gtl,NAmes,Norm,Norm,1Fam,1Story,5,5,1954,1954,Gable,CompShg,HdBoard,HdBoard,4.709530201312334,TA,TA,CBlock,TA,TA,No,Rec,5.872117789475416,LwQ,6.023447592961033,GasA,TA,Y,SBrkr,6.96979066990159,0.0,3,0.6931471805599453,TA,Typ,0,NA,Attchd,RFn,1,TA,TA,Y,0.0,0.0,0.0,2,2010,WD,Normal,128000,8.578476419833136,2.0,5.10594547390058,56,56,0
900,3.044522437723423,RL,4.189654742026425,8.852807917623322,Pave,Reg,Lvl,AllPub,Inside,Gtl,Sawyer,Feedr,Norm,1Fam,1Story,5,7,1961,1994,Gable,CompShg,HdBoard,Plywood,0.0,TA,TA,CBlock,TA,TA,No,BLQ,6.144185634125646,Unf,6.104793232414985,GasA,TA,Y,SBrkr,7.1204443723924875,0.0,3,0.6931471805599453,TA,Typ,1,TA,Attchd,Unf,1,TA,TA,Y,0.0,0.0,0.0,6,2006,WD,Normal,135000,8.729235349659273,1.0,0.0,45,12,1
103,4.51085950651685,RL,4.174387269895637,8.856376036730422,Pave,Reg,Bnk,AllPub,Inside,Gtl,SawyerW,Norm,Norm,Duplex,1Story,5,5,1979,1979,Gable,CompShg,HdBoard,HdBoard,0.0,TA,Fa,Slab,NA,NA,NA,NA,0.0,NA,0.0,GasA,TA,Y,SBrkr,7.336936913707618,0.0,4,1.0986122886681098,TA,Typ,0,NA,Attchd,Unf,2,TA,TA,Y,0.0,0.0,0.0,6,2009,WD,Alloca,118964,8.94585385712759,2.0,0.0,30,30,0
435,5.198497031265826,RM,3.091042453358316,7.544861068658458,Pave,Reg,Lvl,AllPub,Inside,Gtl,MeadowV,Norm,Norm,Twnhs,SFoyer,4,7,1972,1972,Gable,CompShg,CemntBd,CmentBd,0.0,TA,Gd,CBlock,Gd,TA,Av,ALQ,6.206575926724928,Unf,4.912654885736052,GasA,Gd,Y,SBrkr,6.447305862541213,0.0,1,0.6931471805599453,TA,Typ,0,NA,NA,NA,0,NA,NA,Y,4.48863636973214,0.0,0.0,6,2008,WD,Normal,81000,7.83241092718792,2.0,0.0,36,36,0
1008,5.081404364984463,RM,3.091042453358316,7.704361167910313,Pave,Reg,Lvl,AllPub,Inside,Gtl,MeadowV,Norm,Norm,TwnhsE,2Story,4,4,1970,1970,Gable,CompShg,CemntBd,CmentBd,0.0,TA,TA,CBlock,TA,TA,No,BLQ,5.6131281063880705,LwQ,0.0,GasA,TA,Y,SBrkr,6.304448802421981,6.304448802421981,3,0.6931471805599453,TA,Typ,0,NA,Attchd,RFn,1,TA,TA,Y,5.476463551931511,0.0,0.0,8,2009,WD,Normal,88000,8.382289428951436,1.5,0.0,39,39,0
1306,3.044522437723423,RL,4.6913478822291435,9.486000469200638,Pave,IR1,Lvl,AllPub,Corner,Gtl,NridgHt,Norm,Norm,1Fam,1Story,9,5,2006,2007,Hip,CompShg,VinylSd,VinylSd,5.707110264748875,Gd,TA,PConc,Ex,TA,No,GLQ,7.360739903058278,Unf,4.394449154672439,GasA,Ex,Y,SBrkr,7.410347097821024,0.0,2,0.6931471805599453,Ex,Typ,2,Ex,Attchd,Fin,2,TA,TA,Y,6.003887067106539,0.0,0.0,11,2009,WD,Normal,325000,9.607033787697222,3.0,4.634728988229636,3,2,1
835,3.044522437723423,RL,4.330733340286331,8.971575439759016,Pave,Reg,Lvl,AllPub,Inside,Gtl,NAmes,Norm,Norm,1Fam,1Story,5,6,1961,1961,Gable,CompShg,VinylSd,VinylSd,4.919980925828125,TA,TA,CBlock,TA,TA,No,Rec,6.35088571671474,Unf,6.35088571671474,GasA,Gd,Y,SBrkr,7.0431599159883405,0.0,3,0.6931471805599453,TA,Typ,0,NA,Attchd,Unf,2,TA,TA,Y,0.0,0.0,0.0,9,2008,WD,Normal,139950,8.651898894268529,2.0,0.0,47,47,0
1325,3.044522437723423,RL,4.330733340286331,9.209039526243135,Pave,Reg,Lvl,AllPub,Inside,Gtl,Somerst,Norm,Norm,1Fam,1Story,8,5,2006,2007,Gable,CompShg,VinylSd,VinylSd,6.061456918928017,Gd,TA,PConc,Ex,TA,Av,Unf,0.0,Unf,7.493317248862145,GasA,Ex,Y,SBrkr,7.493317248862145,0.0,2,0.6931471805599453,Gd,Typ,1,Gd,Attchd,RFn,3,TA,TA,Y,0.0,0.0,0.0,2,2007,New,Partial,147000,9.57227147806062,2.0,3.912023005428146,1,0,1
303,3.044522437723423,RL,4.77912349311153,9.525516008736886,Pave,IR1,Lvl,AllPub,Corner,Gtl,CollgCr,Norm,Norm,1Fam,1Story,7,5,2001,2002,Gable,CompShg,VinylSd,VinylSd,5.017279836814924,Gd,TA,PConc,Gd,TA,No,Unf,0.0,Unf,7.340835554123275,GasA,Ex,Y,SBrkr,7.340835554123275,0.0,3,0.6931471805599453,Gd,Typ,1,TA,Attchd,RFn,3,TA,TA,Y,6.150602768446279,0.0,0.0,1,2006,WD,Normal,205000,9.28618968425962,2.0,4.406719247264253,5,4,1
1230,4.394449154672439,RL,4.2626798770413155,8.976009475021396,Pave,Reg,Lvl,AllPub,Inside,Gtl,NAmes,Norm,Norm,1Fam,SLvl,5,5,1960,1960,Hip,CompShg,BrkFace,HdBoard,0.0,TA,TA,CBlock,TA,TA,No,ALQ,6.502790045915623,Unf,6.016157159698354,GasA,Gd,Y,SBrkr,7.318539548567902,0.0,4,0.6931471805599453,TA,Maj1,0,NA,Basment,Unf,1,TA,TA,Y,0.0,0.0,0.0,8,2008,WD,Normal,127000,8.927446816256198,2.0,0.0,48,48,0
1192,5.081404364984463,FV,3.2188758248682006,7.880804344674901,Pave,Reg,Lvl,AllPub,Inside,Gtl,Somerst,Norm,Norm,Twnhs,2Story,8,5,1999,2000,Gable,CompShg,MetalSd,MetalSd,6.124683390894205,Gd,TA,PConc,Gd,TA,No,Unf,0.0,Unf,6.655440350367647,GasA,Ex,Y,SBrkr,6.639875833826536,6.519147287940395,2,0.6931471805599453,Gd,Typ,0,NA,Detchd,Unf,2,TA,TA,Y,5.332718793265369,0.0,0.0,11,2007,WD,Normal,174000,9.352620879232953,2.5,0.0,8,7,1
389,3.044522437723423,RL,4.543294782270004,9.146654820290049,Pave,IR1,Lvl,AllPub,CulDSac,Gtl,CollgCr,Norm,Norm,1Fam,1Story,7,5,1999,2000,Gable,CompShg,VinylSd,VinylSd,4.836281906951478,Gd,TA,PConc,Gd,TA,No,Unf,0.0,Unf,7.292337176173877,GasA,Ex,Y,SBrkr,7.299797366758161,0.0,3,0.6931471805599453,Gd,Typ,0,NA,Attchd,RFn,2,TA,TA,Y,4.795790545596741,0.0,0.0,7,2008,WD,Normal,191000,9.245128197461847,2.0,3.258096538021482,9,8,1
236,5.081404364984463,RM,3.091042453358316,7.427144133408616,Pave,Reg,Lvl,AllPub,Inside,Gtl,BrDale,Norm,Norm,TwnhsE,2Story,6,3,1971,1971,Gable,CompShg,HdBoard,HdBoard,6.405228458030842,TA,TA,CBlock,TA,TA,No,ALQ,5.883322388488279,Unf,4.836281906951478,GasA,TA,Y,SBrkr,6.182084906716632,6.22455842927536,2,0.6931471805599453,TA,Typ,0,NA,Detchd,Unf,1,TA,TA,Y,0.0,0.0,0.0,8,2008,WD,Normal,89500,8.686598356276965,1.5,0.0,37,37,0
1213,3.4339872044851463,RL,3.9318256327243257,9.14216859187285,Pave,Reg,Lvl,AllPub,Inside,Gtl,Edwards,Norm,Norm,1Fam,1Story,4,6,1941,1950,Hip,CompShg,MetalSd,MetalSd,0.0,TA,TA,CBlock,TA,TA,No,Rec,5.84354441703136,Unf,5.796057750765372,GasA,TA,Y,SBrkr,6.511745329644728,0.0,2,0.6931471805599453,TA,Typ,0,NA,Attchd,Unf,1,TA,TA,N,0.0,0.0,0.0,8,2009,WD,Normal,113000,7.896924656268864,2.0,4.736198448394496,68,59,1
268,4.330733340286331,RL,4.110873864173311,9.036106025364846,Pave,Reg,Bnk,AllPub,Inside,Mod,SWISU,Norm,Norm,1Fam,2.5Fin,5,8,1939,1997,Gable,CompShg,Wd Sdng,Wd Sdng,0.0,TA,TA,PConc,TA,TA,No,LwQ,5.937536205082426,Unf,5.8377304471659395,GasA,Ex,Y,SBrkr,6.959398512133975,6.580639137284949,4,0.6931471805599453,Gd,Typ,1,Gd,Detchd,Unf,1,TA,TA,Y,5.572154032177765,0.0,0.0,7,2008,WD,Normal,179500,9.302098797215724,2.5,3.2188758248682006,69,11,1
306,3.044522437723423,RL,4.394449154672439,9.248310303227811,Pave,Reg,Lvl,AllPub,Inside,Gtl,CollgCr,Norm,Norm,1Fam,1Story,8,5,2004,2005,Gable,CompShg,CemntBd,CmentBd,5.5093883366279774,Gd,TA,PConc,Gd,TA,No,GLQ,7.289610521451167,Unf,6.285998094508865,GasA,Ex,Y,SBrkr,7.601402334583733,0.0,3,0.6931471805599453,Gd,Typ,0,NA,Attchd,Fin,3,TA,TA,Y,5.1298987149230735,0.0,0.0,7,2007,WD,Normal,305900,9.680406499268875,3.0,0.0,3,2,1
118,3.044522437723423,RL,4.31748811353631,9.052164937010307,Pave,Reg,Lvl,AllPub,Corner,Gtl,Edwards,Norm,Norm,1Fam,1Story,5,5,2006,2007,Gable,CompShg,VinylSd,VinylSd,0.0,TA,TA,PConc,Gd,TA,No,Unf,0.0,Unf,7.026426808699636,GasA,Gd,Y,SBrkr,7.026426808699636,0.0,2,0.6931471805599453,TA,Typ,0,NA,Attchd,Unf,2,TA,TA,Y,4.394449154672439,0.0,0.0,4,2007,New,Partial,155000,8.635153989049803,1.5,4.174387269895637,1,0,1
1180,3.044522437723423,RL,4.356708826689592,9.028338763993148,Pave,Reg,Lvl,AllPub,Corner,Gtl,Edwards,Norm,Norm,1Fam,1Story,5,5,1954,1954,Gable,CompShg,Wd Sdng,Wd Sdng,0.0,TA,TA,Slab,NA,NA,NA,NA,0.0,NA,0.0,GasA,Gd,Y,SBrkr,7.025538314638521,0.0,3,0.6931471805599453,TA,Min2,1,Gd,NA,NA,0,NA,NA,N,0.0,0.0,0.0,4,2006,WD,Normal,93000,8.634264863002075,1.0,5.424950017481403,52,52,0
674,3.044522437723423,RL,4.709530201312334,9.577965147101168,Pave,Reg,Lvl,AllPub,Inside,Gtl,Crawfor,Norm,Norm,1Fam,1Story,6,7,1957,2004,Hip,CompShg,CemntBd,CmentBd,4.672828834461906,TA,TA,PConc,TA,TA,No,GLQ,7.079184394609668,Unf,5.676753802268282,GasA,Ex,Y,SBrkr,7.517520850603031,0.0,3,0.6931471805599453,Gd,Typ,2,TA,Attchd,Fin,2,TA,TA,Y,0.0,0.0,0.0,6,2007,WD,Normal,257500,9.308827318690836,3.0,5.662960480135946,50,3,1
250,3.9318256327243257,RL,4.394449154672439,11.976665770490767,Pave,IR2,Low,AllPub,CulDSac,Sev,ClearCr,Norm,Norm,1Fam,1.5Fin,6,7,1958,2006,Gable,CompShg,Wd Sdng,HdBoard,6.159095388491933,Gd,TA,CBlock,Gd,TA,Gd,Rec,6.548219102762372,Unf,6.617402977974478,GasA,Gd,Y,SBrkr,7.275864600546533,6.55250788703459,4,0.6931471805599453,Gd,Typ,2,TA,Attchd,Fin,2,TA,TA,Y,0.0,0.0,6.2166061010848646,6,2007,WD,Normal,277000,9.462265724715845,2.5,4.59511985013459,49,1,1
1066,4.110873864173311,RL,4.394449154672439,9.546884034617925,Pave,Reg,Lvl,AllPub,Inside,Mod,ClearCr,Norm,Norm,1Fam,2Story,7,5,1996,1997,Gable,CompShg,Wd Sdng,Wd Sdng,0.0,Gd,TA,PConc,Ex,TA,Gd,GLQ,7.091742115095153,Unf,4.663439094112067,GasA,Ex,Y,SBrkr,7.175489713624222,6.86171134048073,3,0.6931471805599453,Gd,Typ,0,NA,Attchd,RFn,2,TA,TA,Y,5.6937321388027,0.0,0.0,4,2010,WD,Normal,328000,9.669093450449063,3.5,3.8066624897703196,14,13,1
1053,4.110873864173311,RL,4.61512051684126,9.15915233520675,Pave,Reg,Lvl,AllPub,Corner,Gtl,NAmes,Artery,Norm,1Fam,2Story,6,6,1964,1978,Gable,CompShg,VinylSd,VinylSd,5.60947179518496,TA,TA,CBlock,TA,TA,No,Rec,6.093569770045136,Unf,5.926926025970411,GasA,TA,Y,SBrkr,7.028201432058005,6.7464121285733745,4,0.6931471805599453,TA,Typ,1,TA,Attchd,RFn,2,TA,TA,Y,0.0,0.0,0.0,6,2007,WD,Normal,165000,9.381179591661104,2.0,3.970291913552122,43,29,1
72,3.044522437723423,RL,4.248495242049359,8.935903526274423,Pave,Reg,Lvl,AllPub,Corner,Gtl,Mitchel,Norm,Norm,1Fam,1Story,4,6,1982,2006,Gable,CompShg,HdBoard,Plywood,0.0,TA,TA,CBlock,TA,TA,No,ALQ,6.338594078203183,Unf,5.638354669333745,GasA,TA,Y,SBrkr,6.740519359606223,0.0,2,0.6931471805599453,TA,Typ,0,NA,Detchd,Unf,2,TA,TA,Y,0.0,0.0,0.0,6,2007,WD,Normal,129500,8.125926802707886,2.0,0.0,25,1,1
95,4.110873864173311,RL,4.248495242049359,9.141847375530883,Pave,IR1,Lvl,AllPub,Inside,Gtl,CollgCr,Norm,Norm,1Fam,2Story,6,5,1997,1997,Gable,CompShg,VinylSd,VinylSd,0.0,TA,Gd,PConc,Gd,TA,No,GLQ,6.47543271670409,Unf,5.176149732573829,GasA,Ex,Y,SBrkr,6.80903930604298,6.782192056006791,3,0.6931471805599453,Gd,Typ,0,NA,Attchd,RFn,2,TA,TA,Y,0.0,0.0,0.0,5,2007,WD,Normal,204750,9.279586544712997,3.5,5.093750200806762,10,10,0
1441,4.2626798770413155,RL,4.382026634673881,9.352447388601012,Pave,IR1,Bnk,AllPub,Inside,Mod,Crawfor,Norm,Norm,1Fam,2.5Fin,6,7,1922,1994,Gable,CompShg,MetalSd,MetalSd,0.0,TA,TA,BrkTil,Ex,TA,No,Unf,0.0,Unf,6.3784261836515865,GasA,Fa,Y,SBrkr,7.261225091971921,6.618738983517219,3,0.6931471805599453,TA,Min1,1,Gd,Detchd,Fin,2,TA,TA,Y,6.068425588244111,0.0,0.0,9,2008,WD,Normal,191000,9.637632201310455,2.0,0.0,86,14,1
34,3.044522437723423,RL,4.2626798770413155,9.26416545867109,Pave,IR1,Lvl,AllPub,Inside,Gtl,NAmes,Norm,Norm,1Fam,1Story,5,5,1959,1959,Hip,CompShg,BrkFace,BrkFace,0.0,TA,TA,CBlock,TA,TA,No,Rec,6.926577033222725,Unf,5.942799375126701,GasA,Gd,Y,SBrkr,7.438971592395862,0.0,4,0.6931471805599453,Gd,Typ,1,Gd,Attchd,RFn,2,TA,TA,Y,0.0,0.0,0.0,4,2010,WD,Normal,165500,9.04793908261736,2.0,3.6635616461296463,51,51,0
1168,4.110873864173311,RL,4.07753744390572,9.292196818446016,Pave,IR1,Lvl,AllPub,Inside,Gtl,Gilbert,RRAn,Norm,1Fam,2Story,6,5,2000,2000,Gable,CompShg,VinylSd,VinylSd,0.0,TA,TA,PConc,Gd,TA,No,GLQ,6.668228248417403,Unf,5.159055299214529,GasA,Ex,Y,SBrkr,6.866933284461882,6.569481420414296,3,0.6931471805599453,TA,Typ,1,TA,Attchd,Fin,2,TA,TA,Y,0.0,0.0,0.0,2,2006,WD,Normal,173000,9.213036733523925,3.5,3.6635616461296463,6,6,0
449,3.9318256327243257,RM,3.9318256327243257,9.059633754551479,Pave,Reg,Bnk,AllPub,Inside,Gtl,IDOTRR,Norm,Norm,1Fam,1.5Fin,6,6,1937,1950,Gable,CompShg,MetalSd,MetalSd,0.0,TA,TA,BrkTil,TA,TA,No,Unf,0.0,Unf,6.660575149839686,GasA,TA,Y,SBrkr,6.660575149839686,6.391917113392602,3,0.6931471805599453,TA,Typ,1,Gd,Detchd,Unf,1,TA,TA,N,0.0,0.0,0.0,6,2006,WD,Normal,119500,9.01881660441743,2.0,0.0,69,56,1
446,3.044522437723423,RL,4.30406509320417,9.1958356857733,Pave,Reg,Lvl,AllPub,Corner,Gtl,Edwards,Norm,Norm,1Fam,1Story,6,5,1956,1956,Hip,CompShg,Wd Sdng,Wd Sdng,0.0,TA,TA,CBlock,TA,TA,No,Unf,0.0,Unf,7.270312886079025,GasA,Fa,Y,SBrkr,7.432483807917119,0.0,3,0.6931471805599453,TA,Typ,1,Gd,Attchd,Unf,2,TA,TA,Y,0.0,0.0,0.0,11,2009,COD,Normal,127500,9.2237500588861,1.0,0.0,53,53,0
717,4.2626798770413155,RM,4.110873864173311,9.287394001418473,Pave,Reg,Bnk,AllPub,Inside,Gtl,OldTown,Norm,Norm,1Fam,2Story,7,8,1890,1998,Gable,CompShg,Wd Sdng,VinylSd,0.0,TA,Gd,BrkTil,TA,TA,No,Unf,0.0,Unf,6.577861357721047,GasA,Ex,Y,SBrkr,7.3632795869630385,6.88653164253051,3,0.6931471805599453,TA,Typ,0,NA,Detchd,Unf,2,TA,TA,P,0.0,0.0,0.0,7,2007,WD,Normal,159500,9.79138211875182,1.5,5.2574953720277815,117,9,1
845,3.9318256327243257,RM,4.61512051684126,9.446676517076376,Pave,IR1,Lvl,AllPub,Inside,Gtl,OldTown,Artery,Norm,1Fam,1.5Fin,5,8,1915,1950,Gable,CompShg,Wd Sdng,Wd Sdng,0.0,TA,TA,BrkTil,TA,TA,Mn,Unf,0.0,Unf,6.776506992372183,GasA,Gd,Y,SBrkr,6.776506992372183,6.293419278846481,4,0.6931471805599453,TA,Typ,1,Gd,Detchd,Unf,3,TA,TA,Y,6.037870919922137,0.0,0.0,6,2008,WD,Normal,153900,8.865170419651774,1.5,5.272999558563747,93,58,1
1113,3.044522437723423,RL,4.30406509320417,8.867990898182093,Pave,IR1,Lvl,AllPub,Corner,Gtl,NAmes,Norm,Norm,1Fam,1Story,5,7,1957,1957,Gable,CompShg,WdShing,Wd Shng,0.0,TA,TA,CBlock,TA,TA,No,GLQ,6.5638555265321274,Unf,4.6913478822291435,GasA,TA,Y,FuseA,6.705639094860003,0.0,2,0.6931471805599453,TA,Typ,0,NA,Detchd,Unf,1,TA,TA,Y,0.0,0.0,0.0,7,2006,WD,Normal,129900,8.314097335405807,2.0,0.0,49,49,0
859,3.044522437723423,RL,4.394449154672439,9.249657234353133,Pave,Reg,Lvl,AllPub,Inside,Gtl,NWAmes,Norm,Norm,1Fam,1Story,7,5,1976,1976,Gable,CompShg,HdBoard,HdBoard,5.247024072160486,TA,TA,CBlock,Gd,TA,No,Unf,0.0,Unf,6.994849985833071,GasA,TA,Y,SBrkr,7.223295679562314,0.0,3,0.6931471805599453,TA,Typ,1,TA,Attchd,RFn,2,TA,TA,Y,0.0,0.0,0.0,6,2009,WD,Family,152000,9.16858043772795,2.0,0.0,33,33,0
998,3.044522437723423,RL,4.394449154672439,9.368881400104733,Pave,IR1,Lvl,AllPub,Inside,Gtl,NWAmes,PosA,Norm,1Fam,1Story,6,6,1970,1970,Hip,CompShg,HdBoard,HdBoard,6.349138991379798,TA,TA,CBlock,TA,TA,No,Unf,0.0,Unf,7.274479558773871,GasA,TA,Y,SBrkr,7.274479558773871,0.0,2,0.6931471805599453,TA,Typ,1,TA,Attchd,RFn,2,TA,TA,Y,5.918893854273146,0.0,0.0,2,2009,WD,Normal,185000,9.06566136060674,2.0,0.0,39,39,0
78,3.9318256327243257,RM,3.9318256327243257,9.063694791634697,Pave,Reg,Lvl,AllPub,Inside,Gtl,BrkSide,Norm,Norm,1Fam,1.5Fin,5,5,1948,2001,Gable,CompShg,Wd Sdng,Wd Sdng,0.0,TA,TA,CBlock,TA,TA,No,BLQ,5.820082930352362,GLQ,5.69035945432406,GasA,TA,Y,SBrkr,6.9782137426306985,5.365976015021851,2,0.6931471805599453,TA,Min1,0,NA,Detchd,Unf,1,TA,TA,Y,0.0,0.0,0.0,1,2008,WD,Normal,127000,8.768107539675803,2.0,0.0,60,7,1
85,4.394449154672439,RL,4.189654742026425,9.051461866908694,Pave,IR1,Lvl,AllPub,Inside,Gtl,Gilbert,Norm,Norm,1Fam,SLvl,7,5,1995,1996,Gable,CompShg,HdBoard,HdBoard,3.1354942159291497,TA,TA,PConc,Gd,TA,No,Unf,0.0,Unf,5.953243334287785,GasA,Gd,Y,SBrkr,6.690842277418564,6.508769136971682,3,0.6931471805599453,TA,Typ,1,TA,BuiltIn,Fin,2,TA,TA,Y,4.795790545596741,0.0,6.55250788703459,5,2009,WD,Normal,168500,9.241742135115715,2.5,4.290459441148391,14,13,1
793,4.110873864173311,RL,4.532599493153256,9.202409001649903,Pave,IR1,Lvl,AllPub,CulDSac,Gtl,NoRidge,Norm,Norm,1Fam,2Story,7,5,1996,1997,Gable,CompShg,MetalSd,MetalSd,0.0,Gd,TA,PConc,Gd,TA,Av,GLQ,6.760414691083428,Unf,5.545177444479562,GasA,Ex,Y,SBrkr,7.028201432058005,6.787844982309579,3,0.6931471805599453,TA,Typ,1,TA,Attchd,Unf,2,TA,TA,Y,5.198497031265826,0.0,0.0,6,2007,WD,Normal,269790,9.553362539461128,3.5,4.875197323201151,11,10,1
83,3.044522437723423,RL,4.3694478524670215,9.230829038403499,Pave,Reg,Lvl,AllPub,Inside,Gtl,Somerst,Norm,Norm,1Fam,1Story,8,5,2007,2007,Gable,CompShg,VinylSd,VinylSd,6.150602768446279,TA,TA,PConc,Gd,TA,No,GLQ,3.5263605246161616,Unf,7.333676395657684,GasA,Ex,Y,SBrkr,7.355001921105257,0.0,3,0.6931471805599453,Gd,Typ,1,Gd,Attchd,RFn,3,TA,TA,Y,4.976733742420574,0.0,0.0,10,2008,WD,Normal,245000,9.433883843311719,2.0,4.605170185988092,1,1,0
458,3.044522437723423,RL,4.394449154672439,10.882339852663634,Pave,IR1,Low,AllPub,CulDSac,Mod,ClearCr,Norm,Norm,1Fam,1Story,4,6,1954,1994,Flat,Tar&Grv,Plywood,Plywood,0.0,TA,TA,CBlock,Gd,TA,Gd,BLQ,7.018401799069201,Unf,5.517452896464707,GasA,Ex,Y,SBrkr,7.416979621381154,0.0,2,0.6931471805599453,Gd,Min1,2,Gd,Attchd,Fin,2,TA,TA,Y,5.41610040220442,0.0,0.0,3,2008,WD,Normal,256000,8.802823159741887,2.0,4.927253685157205,54,14,1
971,3.9318256327243257,RL,4.110873864173311,9.287394001418473,Pave,Reg,Lvl,AllPub,Inside,Gtl,NAmes,Norm,Norm,1Fam,1.5Fin,4,4,1949,1950,Gable,CompShg,AsbShng,AsbShng,0.0,TA,TA,CBlock,TA,TA,No,Unf,0.0,Unf,6.580639137284949,GasA,TA,N,FuseA,6.580639137284949,6.159095388491933,4,0.6931471805599453,TA,Typ,0,NA,NA,NA,0,NA,NA,Y,0.0,0.0,0.0,12,2006,WD,Abnorml,135000,8.469891918298224,1.5,0.0,57,56,1
677,4.2626798770413155,RM,4.110873864173311,9.169622538697624,Pave,Reg,Lvl,AllPub,Inside,Gtl,OldTown,Norm,Norm,1Fam,2Story,4,2,1900,1950,Gable,CompShg,AsbShng,Stucco,0.0,TA,TA,BrkTil,TA,Fa,No,Unf,0.0,Unf,6.999422467507961,GasW,Fa,N,SBrkr,6.999422467507961,6.522092798170152,4,1.0986122886681098,TA,Min2,0,NA,2Types,Unf,3,Fa,Fa,N,0.0,0.0,0.0,5,2006,WD,Normal,87000,8.867427438524983,3.0,4.51085950651685,106,56,1
939,4.110873864173311,RL,4.30406509320417,9.078065332666364,Pave,Reg,Lvl,AllPub,Inside,Gtl,CollgCr,Norm,Norm,1Fam,2Story,7,5,2006,2006,Gable,CompShg,VinylSd,VinylSd,0.0,Gd,TA,PConc,Gd,Gd,Mn,GLQ,6.142037405587356,Unf,6.833031732786201,GasA,Ex,Y,SBrkr,7.238496840894365,6.349138991379798,3,0.6931471805599453,Gd,Typ,0,NA,Attchd,RFn,3,TA,TA,Y,0.0,0.0,0.0,8,2006,New,Partial,239799,9.527702598529375,2.5,4.51085950651685,0,0,0
1051,3.044522437723423,RL,4.30406509320417,9.104312967330653,Pave,IR1,Lvl,AllPub,Inside,Gtl,Gilbert,Norm,Norm,1Fam,1Story,7,5,2007,2007,Gable,CompShg,VinylSd,VinylSd,0.0,Gd,TA,PConc,Gd,TA,Av,Unf,0.0,Unf,7.172424577124845,GasA,Ex,Y,SBrkr,7.172424577124845,0.0,3,0.6931471805599453,Gd,Typ,0,NA,Attchd,Fin,2,TA,TA,Y,0.0,0.0,0.0,8,2007,New,Partial,176485,9.117676687112763,2.0,3.1354942159291497,0,0,0
437,3.9318256327243257,RM,3.713572066704308,8.38958706681109,Pave,Reg,Lvl,AllPub,Inside,Gtl,OldTown,Norm,Norm,1Fam,1.5Fin,6,8,1920,1950,Gable,CompShg,Stucco,Stucco,0.0,TA,TA,BrkTil,Fa,TA,No,Unf,0.0,Unf,6.47543271670409,GasA,TA,Y,FuseA,6.5998704992128365,5.953243334287785,2,0.6931471805599453,TA,Typ,0,NA,Detchd,Unf,2,TA,TA,Y,0.0,0.0,0.0,10,2006,WD,Normal,116000,8.811205187562887,1.0,0.0,86,56,1
645,3.044522437723423,FV,4.454347296253507,9.125653563808989,Pave,Reg,Lvl,AllPub,Inside,Gtl,Somerst,Norm,Norm,1Fam,1Story,9,5,2009,2009,Gable,CompShg,CemntBd,CmentBd,5.093750200806762,Ex,TA,PConc,Ex,TA,Mn,GLQ,7.022868086082641,Unf,6.470799503782602,GasA,Ex,Y,SBrkr,7.4770384723196965,0.0,2,0.6931471805599453,Ex,Typ,1,Gd,Attchd,Fin,3,TA,TA,Y,5.278114659230517,0.0,0.0,10,2009,New,Partial,370878,9.673759873344903,3.5,4.875197323201151,0,0,0
781,3.044522437723423,RL,4.1588830833596715,8.971575439759016,Pave,Reg,Lvl,AllPub,Inside,Gtl,Gilbert,Norm,Norm,1Fam,1Story,7,5,1995,1996,Gable,CompShg,HdBoard,HdBoard,3.6635616461296463,TA,TA,PConc,Gd,Gd,No,Unf,0.0,Unf,7.121252453244542,GasA,Gd,Y,SBrkr,7.134093721192866,0.0,3,0.6931471805599453,TA,Typ,1,TA,Attchd,Fin,2,TA,TA,Y,5.3981627015177525,0.0,0.0,6,2007,WD,Normal,176000,9.079320109537779,2.0,3.091042453358316,12,11,1
863,3.044522437723423,RL,4.406719247264253,9.177093778182547,Pave,Reg,Lvl,AllPub,Corner,Gtl,SawyerW,Norm,Norm,1Fam,1Story,6,5,1984,1985,Hip,CompShg,HdBoard,Plywood,0.0,TA,TA,PConc,Gd,TA,No,GLQ,5.82600010738045,Unf,6.555356891810665,GasA,TA,Y,SBrkr,7.001245622069476,0.0,3,0.6931471805599453,TA,Typ,0,NA,Attchd,Unf,2,TA,TA,Y,0.0,0.0,0.0,5,2010,WD,Normal,152000,8.792245847467877,2.0,0.0,26,25,1
1358,3.044522437723423,RL,4.324132656254979,9.436519311833914,Pave,IR1,Lvl,AllPub,CulDSac,Gtl,NAmes,Norm,Norm,1Fam,1Story,5,6,1971,2008,Gable,CompShg,VinylSd,VinylSd,0.0,TA,TA,CBlock,TA,TA,No,GLQ,6.5998704992128365,Unf,5.84354441703136,GasA,Ex,Y,SBrkr,6.983789965258135,0.0,3,0.6931471805599453,TA,Typ,1,Fa,Attchd,Fin,2,TA,TA,Y,0.0,0.0,0.0,4,2010,WD,Normal,149900,8.592486175451668,2.5,0.0,39,2,1
405,4.110873864173311,RL,4.189654742026425,9.24619002486988,Pave,IR1,Lvl,AllPub,Inside,Gtl,Gilbert,Norm,Norm,1Fam,2Story,6,5,1995,1996,Gable,CompShg,MetalSd,MetalSd,0.0,TA,TA,PConc,Gd,TA,No,Unf,0.0,Unf,6.693323668269949,GasA,Gd,Y,SBrkr,6.693323668269949,6.642486801367256,3,0.6931471805599453,TA,Typ,1,TA,BuiltIn,Fin,2,TA,TA,Y,0.0,0.0,0.0,5,2007,WD,Normal,168000,9.151969458649853,2.5,3.713572066704308,12,11,1
1271,3.713572066704308,RL,4.394449154672439,10.068832485122966,Pave,Reg,Low,AllPub,Inside,Sev,ClearCr,Norm,Norm,1Fam,1Story,7,6,1979,1979,Shed,WdShake,Plywood,Plywood,0.0,Gd,TA,PConc,Gd,TA,Gd,GLQ,7.138073034044347,Unf,4.31748811353631,GasA,TA,Y,SBrkr,7.195187320178709,5.262690188904886,0,0.6931471805599453,Gd,Typ,1,TA,Attchd,Fin,2,TA,TA,Y,5.594711379601839,0.0,0.0,4,2010,WD,Normal,260000,9.275097619191461,2.5,0.0,31,31,0
942,4.110873864173311,RL,4.189654742026425,9.077494458642754,Pave,IR1,Lvl,AllPub,FR2,Gtl,Gilbert,RRNn,Norm,1Fam,2Story,7,5,1999,1999,Gable,CompShg,VinylSd,VinylSd,5.700443573390687,Gd,TA,PConc,Gd,TA,No,ALQ,6.650279048587422,Unf,5.3981627015177525,GasA,Ex,Y,SBrkr,6.930494765951626,6.946013991099227,3,0.6931471805599453,Gd,Typ,1,TA,BuiltIn,RFn,2,TA,TA,Y,0.0,0.0,0.0,6,2009,WD,Normal,214000,9.57644075656207,3.5,5.1298987149230735,10,10,0
945,3.044522437723423,RL,4.454347296253507,9.573315428463395,Pave,IR1,Lvl,NoSeWa,CulDSac,Gtl,Timber,Norm,Norm,1Fam,SLvl,6,6,1958,1958,Gable,CompShg,HdBoard,HdBoard,6.295266001439646,TA,TA,CBlock,TA,TA,No,GLQ,4.718498871295094,Rec,5.872117789475416,GasA,Gd,Y,FuseA,7.20414929203594,0.0,3,0.6931471805599453,Gd,Typ,1,Gd,Basment,RFn,2,TA,TA,Y,0.0,0.0,0.0,1,2009,COD,Abnorml,137500,8.99528899055931,1.5,5.863631175598097,51,51,0
105,3.9318256327243257,RM,4.110873864173311,8.95660873889395,Pave,Reg,Lvl,AllPub,Corner,Gtl,IDOTRR,Norm,Norm,1Fam,1.5Fin,7,4,1931,1950,Gable,CompShg,Stucco,Stucco,6.398594934535208,TA,Fa,PConc,TA,TA,No,LwQ,5.41610040220442,Unf,6.705639094860003,GasA,Ex,Y,FuseF,7.112327444710911,6.385194398997726,4,0.6931471805599453,TA,Typ,2,TA,Detchd,Unf,1,TA,TA,Y,0.0,0.0,0.0,6,2007,WD,Normal,169500,9.451480999992047,1.5,5.220355825078324,76,57,1
610,3.044522437723423,RL,4.127134385045092,8.980172205725008,Pave,Reg,Lvl,AllPub,Inside,Gtl,Sawyer,Feedr,Norm,1Fam,1Story,4,5,1961,1961,Gable,CompShg,VinylSd,VinylSd,5.262690188904886,TA,Fa,CBlock,TA,TA,Mn,Rec,6.806829360392176,Unf,4.844187086458591,GasA,Gd,Y,SBrkr,6.937314081223682,0.0,3,0.6931471805599453,TA,Typ,0,NA,Attchd,Unf,1,TA,TA,Y,4.174387269895637,0.0,0.0,4,2007,WD,Normal,118500,8.322880021769905,2.0,3.6888794541139363,46,46,0
1069,5.081404364984463,RM,3.7612001156935624,8.285261134068948,Pave,Reg,Lvl,AllPub,Inside,Gtl,MeadowV,Norm,Norm,TwnhsE,2Story,6,4,1973,1973,Gable,CompShg,CemntBd,CmentBd,0.0,TA,TA,CBlock,Gd,TA,No,ALQ,6.731018100482083,Unf,4.663439094112067,GasA,Gd,Y,SBrkr,7.163946684342547,7.115582126184454,5,0.6931471805599453,TA,Maj1,1,Gd,Attchd,Fin,2,TA,TA,Y,6.591673732008658,0.0,0.0,6,2006,WD,Normal,151400,9.6242365055622,3.5,3.044522437723423,33,33,0
994,4.110873864173311,RL,4.23410650459726,9.087833697483386,Pave,Reg,Lvl,AllPub,Inside,Gtl,CollgCr,Norm,Norm,1Fam,2Story,6,5,2005,2006,Gable,CompShg,VinylSd,VinylSd,0.0,TA,TA,PConc,Gd,TA,No,Unf,0.0,Unf,6.621405651764134,GasA,Ex,Y,SBrkr,6.621405651764134,6.621405651764134,3,0.6931471805599453,Gd,Typ,0,NA,Attchd,RFn,2,TA,TA,Y,0.0,0.0,0.0,8,2006,New,Partial,173900,9.105090961257085,2.5,3.58351893845611,1,0,1
889,3.044522437723423,RL,4.564348191467836,9.671933733861948,Pave,IR1,Lvl,AllPub,Inside,Mod,NAmes,Norm,Norm,1Fam,1Story,8,6,1970,1970,Flat,Tar&Grv,Wd Sdng,Wd Sdng,0.0,Gd,Gd,PConc,TA,Gd,Gd,ALQ,5.863631175598097,Rec,6.950814768442584,GasA,Ex,Y,SBrkr,7.704361167910313,0.0,4,0.6931471805599453,Gd,Typ,1,TA,Attchd,Unf,2,TA,TA,Y,4.406719247264253,0.0,0.0,10,2007,WD,Normal,268000,9.783408132205587,3.0,6.068425588244111,37,37,0
63,4.795790545596741,RL,3.8066624897703196,8.770749549138642,Pave,IR1,Lvl,AllPub,Inside,Gtl,NridgHt,Norm,Norm,TwnhsE,1Story,8,5,2006,2006,Gable,CompShg,VinylSd,VinylSd,5.187385805840755,Gd,TA,PConc,Gd,Gd,Mn,GLQ,3.2188758248682006,Unf,7.205635176410364,GasA,Ex,Y,SBrkr,7.223295679562314,0.0,2,0.6931471805599453,Gd,Typ,1,Gd,Attchd,RFn,2,TA,TA,Y,4.795790545596741,0.0,0.0,10,2007,WD,Normal,202500,9.302098797215724,2.0,3.912023005428146,1,1,0
282,3.044522437723423,FV,4.110873864173311,8.881975184248867,Pave,Reg,Lvl,AllPub,Inside,Gtl,Somerst,Norm,Norm,1Fam,1Story,6,5,2006,2006,Gable,CompShg,VinylSd,VinylSd,4.23410650459726,Gd,TA,PConc,Gd,TA,No,GLQ,6.80903930604298,Unf,5.8805329864007,GasA,Gd,Y,SBrkr,7.141245122350491,0.0,2,0.6931471805599453,Gd,Typ,0,NA,Attchd,Fin,2,TA,TA,Y,0.0,0.0,0.0,5,2006,New,Partial,185000,8.932344569113823,2.0,4.795790545596741,0,0,0
965,4.110873864173311,RL,4.394449154672439,9.334061298965942,Pave,Reg,Lvl,AllPub,Corner,Gtl,Timber,Norm,Norm,1Fam,2Story,7,5,2002,2003,Gable,CompShg,VinylSd,VinylSd,3.8066624897703196,Gd,TA,PConc,Gd,TA,No,GLQ,6.437751649736401,Unf,5.267858159063328,GasA,Ex,Y,SBrkr,6.715383386334681,6.976348070447749,4,0.6931471805599453,Gd,Typ,1,Gd,BuiltIn,Fin,2,TA,TA,Y,0.0,0.0,0.0,2,2010,WD,Normal,214900,9.49243184611472,3.5,3.713572066704308,8,7,1
239,3.044522437723423,RL,4.543294782270004,9.395241931033524,Pave,Reg,Lvl,AllPub,Inside,Gtl,NridgHt,Norm,Norm,1Fam,1Story,8,5,2007,2007,Hip,CompShg,VinylSd,VinylSd,5.541263545158426,Ex,TA,PConc,Ex,TA,No,Unf,0.0,Unf,7.43543801981455,GasA,Ex,Y,SBrkr,7.43543801981455,0.0,3,0.6931471805599453,Gd,Typ,0,NA,Attchd,Fin,3,TA,TA,Y,5.1298987149230735,0.0,0.0,12,2007,New,Partial,318000,9.514363204016016,2.0,5.43372200355424,0,0,0
224,3.044522437723423,RL,4.2626798770413155,9.259225769705994,Pave,Reg,Lvl,AllPub,FR2,Gtl,NAmes,Norm,Norm,1Fam,1Story,4,6,1971,1971,Gable,CompShg,HdBoard,HdBoard,0.0,TA,TA,CBlock,TA,TA,No,ALQ,6.263398262591624,LwQ,5.081404364984463,GasA,Gd,Y,SBrkr,6.762729506931879,0.0,2,0.6931471805599453,TA,Typ,0,NA,Detchd,Unf,2,TA,TA,Y,5.37989735354046,0.0,0.0,3,2009,WD,Abnorml,97000,8.148156439921625,1.0,0.0,38,38,0
146,5.081404364984463,RM,3.2188758248682006,7.833203948641057,Pave,Reg,Lvl,AllPub,Inside,Gtl,Edwards,Norm,Norm,Twnhs,2Story,6,5,2004,2006,Gable,CompShg,VinylSd,VinylSd,3.9318256327243257,Gd,TA,PConc,Gd,TA,No,Unf,0.0,Unf,6.878326468291325,GasA,Ex,Y,SBrkr,6.878326468291325,6.606650186198215,3,0.6931471805599453,Gd,Maj1,0,NA,Detchd,Unf,2,TA,TA,Y,0.0,0.0,0.0,4,2006,WD,Normal,130000,9.235520670506482,2.0,3.713572066704308,2,0,1
1363,3.9318256327243257,RL,4.324132656254979,9.43460329655831,Pave,IR1,Lvl,AllPub,FR2,Gtl,NAmes,Feedr,Norm,1Fam,1.5Fin,4,4,1920,2007,Gable,CompShg,VinylSd,VinylSd,0.0,TA,Gd,BrkTil,TA,Fa,No,Unf,0.0,Unf,6.573680166960646,GasA,Gd,Y,SBrkr,7.156176637480615,6.126869184114185,4,0.6931471805599453,TA,Typ,1,Gd,Attchd,Unf,1,TA,TA,Y,4.02535169073515,0.0,0.0,6,2009,WD,Normal,104900,8.846928500099018,2.0,0.0,89,2,1
374,3.044522437723423,RL,4.382026634673881,9.271905727634337,Pave,Reg,Lvl,AllPub,Inside,Gtl,NAmes,Norm,Norm,1Fam,1Story,5,6,1953,1953,Gable,CompShg,MetalSd,MetalSd,0.0,TA,TA,PConc,TA,TA,No,BLQ,6.061456918928017,LwQ,0.0,GasA,TA,Y,SBrkr,7.1853870155804165,0.0,3,0.6931471805599453,TA,Min2,0,NA,Attchd,Unf,1,TA,TA,Y,4.204692619390966,0.0,0.0,11,2009,WD,Normal,123000,8.794218683679489,2.0,0.0,56,56,0
119,4.110873864173311,RL,4.51085950651685,9.423595190540022,Pave,Reg,Lvl,AllPub,Corner,Gtl,SawyerW,Norm,Norm,1Fam,2Story,7,5,1990,1990,Hip,CompShg,Plywood,Plywood,0.0,TA,TA,PConc,Gd,TA,Mn,GLQ,7.293697720601438,Unf,5.318119993844216,GasA,Gd,Y,SBrkr,7.438383530044307,7.329093736246592,5,0.6931471805599453,Gd,Typ,2,TA,Attchd,Unf,3,TA,TA,Y,5.908082938168931,0.0,0.0,5,2010,WD,Normal,320000,10.023712049842496,4.0,0.0,20,20,0
1097,4.2626798770413155,RM,4.110873864173311,8.836809882398365,Pave,Reg,Lvl,AllPub,Inside,Gtl,IDOTRR,Norm,Norm,1Fam,2Story,6,7,1914,2006,Gable,CompShg,Wd Sdng,Wd Sdng,0.0,TA,TA,PConc,TA,TA,No,Unf,0.0,Unf,6.529418838262226,GasA,TA,Y,SBrkr,6.651571873589727,6.368187186350492,3,0.6931471805599453,Gd,Typ,0,NA,NA,NA,0,NA,NA,Y,4.919980925828125,0.0,0.0,3,2007,WD,Normal,127000,9.003439196207838,1.5,4.7535901911063645,93,1,1
251,3.4339872044851463,RL,4.02535169073515,8.585038738311304,Pave,IR1,Lvl,AllPub,Inside,Gtl,BrkSide,Norm,Norm,1Fam,1Story,3,2,1940,1966,Gable,CompShg,Wd Sdng,Plywood,0.0,TA,Po,CBlock,TA,TA,No,Unf,0.0,Unf,6.591673732008658,GasA,Ex,Y,SBrkr,7.175489713624222,0.0,3,0.6931471805599453,Fa,Mod,0,NA,NA,NA,0,NA,NA,Y,5.575949103146316,0.0,6.111467339502679,5,2010,WD,Normal,76500,8.273591798199632,1.0,0.0,70,44,1
1407,4.454347296253507,RL,4.2626798770413155,9.041448235493888,Pave,Reg,Lvl,AllPub,Corner,Gtl,CollgCr,Norm,Norm,1Fam,SFoyer,5,7,1972,2007,Gable,CompShg,HdBoard,Wd Shng,0.0,TA,TA,CBlock,Gd,TA,Av,GLQ,6.48768401848461,Unf,4.727387818712341,GasA,TA,Y,SBrkr,6.645090969505644,0.0,2,0.6931471805599453,TA,Typ,0,NA,Detchd,Unf,2,TA,TA,Y,4.07753744390572,0.0,0.0,3,2009,WD,Normal,133000,8.253488028345904,2.0,0.0,37,2,1
10,5.25227342804663,RL,3.9318256327243257,8.912069097970134,Pave,Reg,Lvl,AllPub,Corner,Gtl,BrkSide,Artery,Artery,2fmCon,1.5Unf,5,6,1939,1950,Gable,CompShg,MetalSd,MetalSd,0.0,TA,TA,BrkTil,TA,TA,No,GLQ,6.747586526829315,Unf,4.948759890378168,GasA,Ex,Y,SBrkr,6.982862751468942,0.0,2,1.0986122886681098,TA,Typ,2,TA,Attchd,RFn,1,Gd,TA,Y,0.0,0.0,0.0,1,2008,WD,Normal,118000,8.591558273371545,2.0,1.6094379124341003,69,58,1
450,3.9318256327243257,RM,3.9318256327243257,8.699681400989514,Pave,Reg,Lvl,AllPub,Inside,Gtl,OldTown,Norm,Norm,1Fam,1.5Fin,3,7,1948,2002,Gable,CompShg,MetalSd,MetalSd,0.0,TA,Gd,CBlock,TA,TA,No,ALQ,5.805134968916488,Unf,5.765191102784844,GasA,Ex,Y,SBrkr,6.522092798170152,6.22455842927536,2,0.6931471805599453,TA,Typ,0,NA,Detchd,Unf,1,TA,TA,Y,0.0,0.0,0.0,6,2007,WD,Normal,120000,8.174702882469461,1.5,5.176149732573829,59,5,1
709,4.110873864173311,RL,4.189654742026425,9.107088742165708,Pave,IR1,Lvl,AllPub,Inside,Gtl,Gilbert,Norm,Norm,1Fam,2Story,7,5,2007,2007,Hip,CompShg,VinylSd,VinylSd,0.0,Gd,TA,PConc,Gd,TA,Av,Unf,0.0,Unf,6.591673732008658,GasA,Ex,Y,SBrkr,6.591673732008658,6.591673732008658,3,0.6931471805599453,Gd,Typ,1,Gd,Attchd,Fin,2,TA,TA,Y,4.61512051684126,0.0,0.0,7,2007,New,Partial,179540,9.229456489168413,2.5,3.2188758248682006,0,0,0
256,4.110873864173311,RL,4.204692619390966,9.075551045627543,Pave,IR1,Lvl,AllPub,Inside,Gtl,Gilbert,Norm,Norm,1Fam,2Story,7,5,1999,1999,Gable,CompShg,VinylSd,VinylSd,5.713732805509369,Gd,TA,PConc,Gd,TA,No,Unf,0.0,Unf,6.883462586413092,GasA,Ex,Y,SBrkr,6.913737350659685,7.160069207596127,4,0.6931471805599453,Gd,Typ,1,TA,BuiltIn,Fin,2,TA,TA,Y,5.262690188904886,0.0,0.0,2,2006,WD,Normal,230000,9.682716185366974,2.5,0.0,7,7,0
594,4.795790545596741,RM,4.2626798770413155,8.397508348470257,Pave,Reg,Lvl,AllPub,Inside,Gtl,CollgCr,Norm,Norm,TwnhsE,1Story,6,5,2003,2003,Gable,CompShg,VinylSd,VinylSd,5.14166355650266,Gd,TA,PConc,Gd,TA,Av,GLQ,6.530877627725885,Unf,5.099866427824199,GasA,Ex,Y,SBrkr,6.744059186311348,0.0,1,0.6931471805599453,Gd,Typ,0,NA,Attchd,Fin,2,TA,TA,Y,4.948759890378168,0.0,0.0,5,2009,WD,Normal,140000,8.534836626588833,2.0,0.0,6,6,0
390,4.110873864173311,RL,4.574710978503383,9.431481920619719,Pave,Reg,Lvl,AllPub,Inside,Gtl,NridgHt,Norm,Norm,1Fam,2Story,10,5,2007,2008,Gable,CompShg,VinylSd,VinylSd,5.60947179518496,Ex,TA,PConc,Ex,TA,Av,GLQ,7.155396301896734,Unf,5.998936561946683,GasA,Ex,Y,SBrkr,7.463363045520021,6.3818160174060985,3,0.6931471805599453,Ex,Typ,1,Ex,BuiltIn,Fin,3,TA,TA,Y,5.2832037287379885,0.0,0.0,8,2008,New,Partial,426000,10.057109521191693,3.5,4.90527477843843,1,0,1
1203,3.9318256327243257,RM,3.9318256327243257,8.699681400989514,Pave,Reg,Lvl,AllPub,Corner,Gtl,BrkSide,Norm,Norm,1Fam,1.5Fin,5,8,1925,1997,Gable,CompShg,Wd Sdng,Wd Sdng,0.0,TA,TA,BrkTil,TA,TA,No,Unf,0.0,Unf,6.785587645007929,GasA,Ex,Y,SBrkr,6.785587645007929,6.142037405587356,3,0.6931471805599453,TA,Typ,1,Fa,Detchd,Unf,1,TA,TA,N,0.0,0.0,0.0,5,2009,WD,Normal,117000,8.815963560853438,2.0,5.342334251964811,84,12,1
1169,4.2626798770413155,RL,4.795790545596741,9.527265662897605,Pave,Reg,Lvl,AllPub,Corner,Gtl,Edwards,Norm,Norm,1Fam,2Story,6,7,1935,1986,Hip,CompShg,Stucco,Stucco,0.0,TA,TA,CBlock,TA,TA,No,Rec,6.440946540632921,Unf,6.218600119691729,GasA,Ex,Y,SBrkr,7.1204443723924875,6.771935555839602,4,0.6931471805599453,Gd,Typ,2,TA,Basment,Unf,2,TA,TA,Y,0.0,0.0,0.0,7,2008,WD,Normal,235000,9.445333439647541,2.0,4.51085950651685,73,22,1
558,3.9318256327243257,C (all),4.110873864173311,9.309370895439137,Pave,Reg,Low,AllPub,Inside,Mod,IDOTRR,Norm,Norm,1Fam,1.5Fin,4,6,1920,1950,Gable,CompShg,MetalSd,MetalSd,0.0,TA,TA,CBlock,TA,TA,No,Rec,6.45833828334479,Unf,0.0,GasA,Gd,Y,SBrkr,6.8001700683022,6.0867747269123065,3,0.6931471805599453,TA,Typ,0,NA,CarPort,Unf,1,TA,TA,Y,0.0,0.0,0.0,9,2006,COD,Normal,108000,8.583916823459145,1.5,5.123963979403259,86,56,1
1299,4.110873864173311,RL,5.749392985908253,11.064886829303003,Pave,IR3,Bnk,AllPub,Corner,Gtl,Edwards,Feedr,Norm,1Fam,2Story,10,5,2008,2008,Hip,ClyTile,Stucco,Stucco,6.680854678790215,Ex,TA,PConc,Ex,TA,Gd,GLQ,8.638525476583762,Unf,6.1463292576688975,GasA,Ex,Y,SBrkr,8.453827315794417,6.85751406254539,3,0.6931471805599453,Ex,Typ,3,Gd,Attchd,Fin,2,TA,TA,Y,5.3706380281276624,6.175867270105761,0.0,1,2008,New,Partial,160000,10.940596708610189,4.5,5.680172609017068,0,0,0
1425,3.044522437723423,RL,4.324132656254979,9.159468041602427,Pave,Reg,Lvl,AllPub,Inside,Gtl,NAmes,Norm,Norm,1Fam,1Story,5,5,1958,1983,Hip,CompShg,HdBoard,HdBoard,0.0,TA,TA,CBlock,TA,TA,No,ALQ,6.126869184114185,Rec,5.267858159063328,GasA,TA,Y,SBrkr,7.20414929203594,0.0,2,0.6931471805599453,TA,Min1,1,TA,Detchd,Unf,1,TA,TA,Y,5.75890177387728,0.0,0.0,6,2007,WD,Normal,144000,8.812992231969966,2.0,3.367295829986474,49,24,1
461,4.110873864173311,FV,4.330733340286331,8.987821625430815,Pave,IR1,Lvl,AllPub,Inside,Gtl,Somerst,RRAn,Norm,1Fam,2Story,8,5,2009,2009,Gable,CompShg,VinylSd,VinylSd,4.709530201312334,Gd,TA,PConc,Gd,TA,No,GLQ,6.300785794663244,Unf,5.666426688112432,GasA,Ex,Y,SBrkr,6.725033642166843,7.00669522683704,3,0.6931471805599453,TA,Typ,0,NA,BuiltIn,Fin,2,TA,TA,Y,0.0,0.0,0.0,12,2009,New,Partial,263435,9.647368744540465,3.5,5.017279836814924,0,0,0
724,3.9318256327243257,RL,4.110873864173311,9.00859131751613,Pave,Reg,Lvl,AllPub,Inside,Gtl,Edwards,Norm,Norm,1Fam,1.5Fin,4,6,1954,1972,Gable,CompShg,MetalSd,MetalSd,0.0,TA,TA,PConc,TA,TA,No,Unf,0.0,Unf,6.848005274576363,GasA,Ex,Y,SBrkr,6.905753276311464,6.161207321695077,4,0.6931471805599453,TA,Typ,0,NA,Detchd,Unf,1,TA,TA,Y,0.0,0.0,0.0,5,2008,WD,Normal,135000,8.679482094459956,2.0,5.056245805348308,54,36,1
1347,3.044522437723423,RL,4.394449154672439,9.941842506412591,Pave,IR2,Lvl,AllPub,CulDSac,Gtl,NWAmes,PosN,Norm,1Fam,1Story,7,7,1968,2003,Hip,CompShg,BrkFace,HdBoard,0.0,TA,TA,CBlock,TA,TA,No,BLQ,5.697093486505405,Rec,7.093404625868766,GasA,TA,Y,SBrkr,7.676473646389156,0.0,3,0.6931471805599453,TA,Typ,1,Gd,Attchd,RFn,2,Gd,TA,Y,0.0,0.0,0.0,6,2006,WD,Normal,262500,9.621986339159427,2.0,5.916202062607435,38,3,1
145,4.51085950651685,RM,4.2626798770413155,9.116139576577355,Pave,Reg,Lvl,AllPub,Inside,Gtl,Sawyer,RRAe,Norm,Duplex,1Story,5,5,1963,1963,Gable,CompShg,HdBoard,HdBoard,5.820082930352362,TA,TA,CBlock,TA,TA,No,Rec,7.195187320178709,Unf,5.983936280687191,GasA,TA,Y,SBrkr,7.455298485683291,0.0,6,1.0986122886681098,TA,Typ,0,NA,Detchd,Unf,2,TA,TA,Y,0.0,0.0,0.0,11,2006,ConLI,Abnorml,125000,9.0642735958414,3.0,0.0,43,43,0
502,4.110873864173311,FV,4.330733340286331,9.190545744648004,Pave,Reg,Lvl,AllPub,Inside,Gtl,Somerst,Norm,Norm,1Fam,2Story,7,5,2005,2005,Gable,CompShg,VinylSd,VinylSd,0.0,Gd,TA,PConc,Gd,TA,No,GLQ,5.993961427306569,Unf,6.1463292576688975,GasA,Gd,Y,SBrkr,6.7650389767805414,6.805722553416985,3,0.6931471805599453,Gd,Typ,0,NA,Attchd,RFn,2,TA,TA,Y,0.0,0.0,0.0,2,2008,WD,Normal,226700,9.423595190540022,2.5,4.6913478822291435,3,3,0
1071,3.044522437723423,RL,4.290459441148391,9.225524507301223,Pave,Reg,Lvl,AllPub,Inside,Gtl,NAmes,Norm,Norm,1Fam,1Story,5,5,1956,1956,Hip,CompShg,MetalSd,MetalSd,4.795790545596741,TA,TA,CBlock,TA,TA,No,BLQ,6.375024819828097,Unf,6.137727054086234,GasA,TA,Y,SBrkr,6.955592608396297,0.0,3,0.6931471805599453,TA,Typ,0,NA,Attchd,Unf,1,TA,TA,Y,0.0,0.0,0.0,6,2007,WD,Normal,135000,8.564267598802166,2.0,5.3612921657094255,51,51,0
740,4.110873864173311,RL,4.189654742026425,9.139273923542323,Pave,IR1,Lvl,AllPub,Inside,Gtl,CollgCr,Norm,Norm,1Fam,2Story,7,5,2004,2004,Gable,CompShg,VinylSd,VinylSd,0.0,Gd,TA,PConc,Gd,TA,No,Unf,0.0,Unf,6.762729506931879,GasA,Ex,Y,SBrkr,6.762729506931879,6.762729506931879,3,0.6931471805599453,Gd,Typ,0,NA,Attchd,RFn,2,TA,TA,Y,5.236441962829949,0.0,0.0,4,2009,WD,Normal,190000,9.400712766959849,2.5,4.04305126783455,5,5,0
1350,4.2626798770413155,RM,3.9318256327243257,8.566173813637858,Pave,Reg,Lvl,AllPub,Inside,Gtl,OldTown,Norm,Norm,1Fam,2Story,8,5,1872,1987,Gable,CompShg,MetalSd,MetalSd,0.0,TA,Gd,BrkTil,TA,Fa,No,LwQ,5.560681631015528,Unf,6.054439346269371,OthW,Fa,N,SBrkr,6.844815479208263,7.103322062526113,4,0.6931471805599453,TA,Typ,0,NA,NA,NA,0,NA,NA,Y,0.0,0.0,0.0,12,2008,WD,Normal,122000,9.84506363239841,2.0,4.31748811353631,136,21,1
732,4.394449154672439,RL,4.30406509320417,9.16858043772795,Pave,IR1,Lvl,AllPub,Corner,Gtl,Timber,Norm,Norm,1Fam,SLvl,7,5,2003,2003,Gable,CompShg,VinylSd,VinylSd,6.093569770045136,Gd,TA,PConc,Ex,TA,Av,GLQ,6.668228248417403,Unf,4.418840607796598,GasA,Ex,Y,SBrkr,7.044905117129371,0.0,3,0.6931471805599453,Gd,Typ,1,Gd,Attchd,Fin,2,TA,TA,Y,5.081404364984463,0.0,0.0,5,2007,WD,Normal,187500,8.990067695753655,3.0,3.1354942159291497,4,4,0
540,3.044522437723423,RL,4.2626798770413155,9.343471684579365,Pave,Reg,Lvl,AllPub,Inside,Gtl,CollgCr,Norm,Norm,1Fam,1Story,8,5,2001,2002,Gable,CompShg,VinylSd,VinylSd,6.173786103901937,Gd,TA,PConc,Gd,TA,Av,GLQ,7.214504414151143,Unf,5.4116460518550396,GasA,Ex,Y,SBrkr,7.379008127628304,0.0,3,0.6931471805599453,Gd,Typ,1,TA,Attchd,RFn,2,TA,TA,Y,5.198497031265826,0.0,7.601402334583733,5,2010,WD,Normal,272000,9.457903327831136,3.0,0.0,9,8,1
178,3.9318256327243257,RL,4.269697449699962,9.521568058002977,Pave,Reg,Lvl,AllPub,Inside,Gtl,Sawyer,Norm,Norm,1Fam,1.5Fin,5,5,1958,1958,Gable,CompShg,MetalSd,MetalSd,0.0,Gd,Gd,CBlock,TA,TA,No,ALQ,4.060443010546419,BLQ,6.318968113746434,GasA,Ex,Y,SBrkr,7.133295954896068,6.505784060128229,4,0.6931471805599453,Gd,Typ,1,Gd,Attchd,Unf,2,TA,TA,Y,0.0,0.0,0.0,7,2006,WD,Normal,172500,9.169622538697624,3.0,0.0,48,48,0
1409,4.2626798770413155,RM,4.110873864173311,8.954286157204713,Pave,Reg,Lvl,AllPub,Inside,Gtl,OldTown,Norm,Norm,1Fam,2Story,4,7,1910,1950,Gable,CompShg,VinylSd,VinylSd,0.0,TA,TA,CBlock,Fa,TA,No,Unf,0.0,Unf,6.434546518787453,GasA,Gd,Y,SBrkr,6.60934924316738,6.434546518787453,3,0.6931471805599453,TA,Typ,0,NA,Detchd,Unf,2,TA,TA,Y,0.0,0.0,0.0,6,2010,WD,Normal,125500,8.60392119492606,1.0,5.1298987149230735,100,60,1
698,3.044522437723423,RL,4.060443010546419,8.76732914779405,Pave,IR1,Lvl,AllPub,Inside,Gtl,Edwards,Norm,Norm,1Fam,1Story,5,7,1952,1952,Gable,CompShg,Wd Sdng,Wd Sdng,0.0,TA,TA,PConc,Ex,Gd,Mn,LwQ,5.351858133476067,ALQ,5.393627546352362,GasA,Fa,Y,FuseA,7.046647277848756,0.0,2,0.6931471805599453,TA,Typ,0,NA,Detchd,Unf,1,TA,TA,Y,0.0,0.0,0.0,9,2006,WD,Normal,123500,8.655388690167637,1.5,0.0,54,54,0
1403,3.044522437723423,RL,4.174387269895637,8.81922185757494,Pave,Reg,Lvl,AllPub,Inside,Gtl,CollgCr,Norm,Norm,1Fam,1Story,7,5,2006,2006,Gable,CompShg,VinylSd,VinylSd,0.0,Gd,TA,PConc,Gd,Gd,Av,Unf,0.0,Unf,7.160069207596127,GasA,Ex,Y,SBrkr,7.166265974133638,0.0,2,0.6931471805599453,Gd,Typ,1,Gd,Attchd,RFn,2,TA,TA,Y,5.1298987149230735,0.0,0.0,7,2006,New,Partial,193879,9.111514017669288,2.0,4.02535169073515,0,0,0
1023,3.9318256327243257,RM,3.970291913552122,9.152711259139547,Pave,Reg,Lvl,AllPub,Inside,Gtl,OldTown,Norm,Norm,1Fam,1.5Fin,5,5,1930,1950,Gable,CompShg,Wd Sdng,Wd Sdng,0.0,TA,TA,CBlock,TA,TA,No,LwQ,5.783825182329737,Unf,6.3784261836515865,GasA,Gd,Y,FuseA,6.816735880594968,5.820082930352362,2,0.6931471805599453,TA,Typ,0,NA,Detchd,Unf,1,Fa,Fa,Y,0.0,0.0,0.0,3,2007,WD,Normal,87000,8.738895704934043,1.0,5.262690188904886,77,57,1
1117,4.394449154672439,RL,4.189654742026425,8.955577146281511,Pave,Reg,Lvl,AllPub,Inside,Gtl,Gilbert,Norm,Norm,1Fam,SLvl,8,5,2002,2002,Hip,CompShg,VinylSd,VinylSd,0.0,Gd,TA,PConc,Gd,TA,No,GLQ,5.869296913133774,Unf,4.02535169073515,GasA,Ex,Y,SBrkr,6.659293919683638,6.46302945692067,3,0.6931471805599453,Gd,Typ,1,TA,BuiltIn,Fin,2,TA,TA,Y,4.795790545596741,0.0,0.0,3,2009,WD,Normal,184100,9.337237305164534,3.5,0.0,7,7,0
1430,3.044522437723423,RL,4.394449154672439,9.4372368721597,Pave,IR1,Lvl,AllPub,Corner,Gtl,NWAmes,Norm,Norm,1Fam,1Story,6,7,1981,1981,Gable,CompShg,MetalSd,MetalSd,5.739792912179234,Gd,Gd,CBlock,Gd,TA,No,BLQ,6.520621127558696,Unf,6.637258031284457,GasA,Ex,Y,SBrkr,7.273092595999522,0.0,3,0.6931471805599453,Gd,Typ,1,TA,Attchd,Fin,2,TA,TA,Y,0.0,0.0,0.0,4,2007,WD,Normal,182900,9.0642735958414,2.0,4.605170185988092,26,26,0
1454,3.044522437723423,RL,4.51085950651685,9.7537106272179,Pave,Reg,Lvl,AllPub,Inside,Gtl,Mitchel,Norm,Norm,1Fam,1Story,5,5,2006,2006,Gable,CompShg,VinylSd,VinylSd,0.0,TA,TA,PConc,Gd,TA,No,Unf,0.0,Unf,7.039660349862076,GasA,Ex,Y,SBrkr,7.039660349862076,0.0,3,0.6931471805599453,TA,Typ,0,NA,NA,NA,0,NA,NA,Y,3.6109179126442243,0.0,0.0,7,2006,WD,Abnorml,84500,8.648396877031582,1.0,4.04305126783455,0,0,0
8,4.110873864173311,RL,4.394449154672439,9.247925132303454,Pave,IR1,Lvl,AllPub,Corner,Gtl,NWAmes,PosN,Norm,1Fam,2Story,7,6,1973,1973,Gable,CompShg,HdBoard,HdBoard,5.484796933490655,TA,TA,CBlock,Gd,TA,Mn,ALQ,6.756932389247553,BLQ,5.37989735354046,GasA,Ex,Y,SBrkr,7.010311867307229,6.891625897052253,3,0.6931471805599453,TA,Typ,2,TA,Attchd,RFn,2,TA,TA,Y,5.4638318050256105,0.0,5.860786223465865,11,2009,WD,Normal,200000,9.590897844378162,3.5,6.07073772800249,36,36,0
821,4.110873864173311,RL,4.290459441148391,8.885579291282982,Pave,IR1,Lvl,AllPub,CulDSac,Gtl,CollgCr,Norm,Norm,1Fam,2Story,7,5,2003,2003,Gable,CompShg,VinylSd,VinylSd,0.0,Gd,TA,PConc,Gd,TA,No,Unf,0.0,Unf,6.683360945766275,GasA,Ex,Y,SBrkr,6.683360945766275,6.736966958001855,3,0.6931471805599453,Gd,Typ,0,NA,Attchd,RFn,2,TA,TA,Y,0.0,0.0,0.0,6,2008,WD,Normal,183000,9.348448774093812,2.5,3.828641396489095,5,5,0
668,3.044522437723423,RL,4.189654742026425,9.002824076547672,Pave,Reg,Lvl,AllPub,Inside,Gtl,SawyerW,Norm,Norm,1Fam,1Story,6,5,1994,1998,Gable,CompShg,HdBoard,HdBoard,5.556828061699537,TA,TA,PConc,Gd,TA,No,GLQ,7.037905963447182,Unf,5.602118820879701,GasA,Ex,Y,SBrkr,7.426549072397305,0.0,3,0.6931471805599453,Gd,Typ,1,Fa,Attchd,RFn,2,TA,TA,Y,5.41610040220442,0.0,0.0,10,2008,WD,Normal,193500,9.217812386814884,3.0,3.7612001156935624,14,10,1
1390,3.9318256327243257,RM,4.110873864173311,8.699681400989514,Pave,Reg,Lvl,AllPub,Inside,Gtl,BrkSide,Norm,Norm,1Fam,1.5Fin,6,6,1941,1950,Gable,CompShg,Wd Sdng,Wd Sdng,0.0,TA,Gd,BrkTil,TA,Gd,No,ALQ,5.929589143389895,Unf,5.8888779583328805,GasA,Ex,Y,SBrkr,6.76849321164863,5.857933154483459,3,0.6931471805599453,TA,Typ,1,Gd,Detchd,Unf,2,TA,TA,Y,0.0,0.0,0.0,3,2007,WD,Normal,131000,8.896861744480391,1.5,0.0,66,57,1
358,4.795790545596741,RM,3.8066624897703196,8.348774539791274,Pave,Reg,Lvl,AllPub,Inside,Gtl,MeadowV,Norm,Norm,TwnhsE,1Story,5,5,1976,1976,Gable,CompShg,CemntBd,CmentBd,0.0,TA,TA,PConc,Gd,TA,No,ALQ,6.774223886357614,Unf,5.594711379601839,GasA,TA,Y,SBrkr,7.04141166379481,0.0,3,0.6931471805599453,TA,Typ,1,Po,Attchd,Fin,2,TA,TA,Y,6.285998094508865,0.0,0.0,8,2007,WD,Normal,134000,8.650149418664864,2.5,4.51085950651685,31,31,0
784,4.454347296253507,RL,4.276666119016055,9.116249448576587,Pave,IR1,Lvl,AllPub,Corner,Gtl,Mitchel,Norm,Norm,1Fam,SFoyer,5,6,1978,1978,Gable,CompShg,Plywood,Plywood,4.653960350157523,TA,Gd,PConc,Gd,TA,Av,GLQ,7.001245622069476,Unf,0.0,GasA,Ex,Y,SBrkr,7.01301578963963,0.0,1,0.6931471805599453,Gd,Typ,1,TA,Attchd,Fin,2,TA,TA,Y,5.717027701406222,0.0,0.0,7,2009,WD,Normal,165500,8.621733370690162,2.0,3.4339872044851463,31,31,0
986,5.25227342804663,RL,4.23410650459726,9.294773427951013,Pave,Reg,Lvl,AllPub,Inside,Gtl,Edwards,Norm,Norm,2fmCon,1Story,5,5,1950,1950,Gable,CompShg,MetalSd,MetalSd,0.0,TA,TA,CBlock,TA,TA,No,ALQ,6.947937068614969,Unf,4.8283137373023015,GasW,TA,N,SBrkr,7.060476365999801,0.0,3,0.6931471805599453,TA,Typ,0,NA,Detchd,Unf,1,TA,TA,Y,0.0,0.0,0.0,8,2008,ConLD,Normal,125000,8.669227347271736,2.0,3.8918202981106265,58,58,0
330,4.2626798770413155,RM,4.110873864173311,8.764521909518802,Pave,Reg,Lvl,AllPub,Corner,Gtl,IDOTRR,Norm,Norm,1Fam,2Story,5,5,1920,1950,Gable,CompShg,Wd Sdng,Wd Shng,0.0,TA,TA,PConc,TA,TA,Mn,Unf,0.0,Unf,6.391917113392602,GasA,TA,N,SBrkr,6.391917113392602,6.391917113392602,3,0.6931471805599453,TA,Typ,0,NA,Detchd,Unf,1,Fa,Fa,N,0.0,0.0,0.0,7,2009,WD,Normal,78000,8.692993531219926,1.0,4.927253685157205,89,59,1
1445,3.044522437723423,RL,4.1588830833596715,9.04793908261736,Pave,Reg,Lvl,AllPub,FR2,Gtl,CollgCr,Norm,Norm,1Fam,1Story,7,5,2004,2004,Gable,CompShg,VinylSd,VinylSd,4.672828834461906,Gd,TA,PConc,Gd,TA,Av,Unf,0.0,Unf,7.260522598089852,GasA,Ex,Y,SBrkr,7.260522598089852,0.0,3,0.6931471805599453,Gd,Typ,0,NA,Attchd,RFn,2,TA,TA,Y,5.262690188904886,0.0,0.0,11,2007,WD,Normal,179600,9.205830216498297,2.0,4.110873864173311,3,3,0
1118,3.044522437723423,RL,4.060443010546419,9.186559843310778,Pave,IR1,Lvl,AllPub,FR2,Gtl,Sawyer,Feedr,Norm,1Fam,1Story,5,7,1967,2003,Gable,CompShg,VinylSd,VinylSd,0.0,TA,TA,CBlock,TA,TA,No,BLQ,6.555356891810665,Unf,5.262690188904886,GasA,Ex,Y,SBrkr,6.796823718274855,0.0,3,0.6931471805599453,Gd,Typ,0,NA,Attchd,RFn,2,TA,TA,Y,0.0,0.0,0.0,5,2008,WD,Normal,130000,8.405367376233981,2.0,0.0,41,5,1
1088,4.110873864173311,FV,4.454347296253507,9.266248003914479,Pave,Reg,Lvl,AllPub,Inside,Gtl,Somerst,Norm,Norm,1Fam,2Story,8,5,2005,2006,Gable,CompShg,VinylSd,VinylSd,0.0,Gd,TA,PConc,Gd,TA,Mn,Unf,0.0,Unf,6.9874902470009905,GasA,Ex,Y,SBrkr,6.9874902470009905,6.77078942390898,3,0.6931471805599453,Gd,Typ,1,Gd,Attchd,RFn,3,TA,TA,Y,5.081404364984463,0.0,0.0,5,2009,WD,Normal,252000,9.656627474604603,2.5,3.9318256327243257,4,3,1
259,4.110873864173311,RL,4.394449154672439,9.428350771178645,Pave,Reg,Lvl,AllPub,Inside,Gtl,CollgCr,Norm,Norm,1Fam,2Story,7,5,2001,2001,Gable,CompShg,VinylSd,VinylSd,5.153291594497779,Gd,TA,PConc,Gd,TA,No,GLQ,5.8916442118257715,Unf,6.401917196727186,GasA,Ex,Y,SBrkr,6.871091294610546,6.721425700790643,3,0.6931471805599453,Gd,Typ,1,TA,Attchd,RFn,2,TA,TA,Y,0.0,0.0,0.0,5,2008,WD,Normal,231500,9.437077458800523,2.5,5.834810737062605,7,7,0
1145,5.25227342804663,RL,4.110873864173311,9.407632639699958,Pave,Reg,Lvl,AllPub,Inside,Gtl,Edwards,Norm,Norm,2fmCon,1.5Fin,4,4,1941,1950,Gable,CompShg,MetalSd,MetalSd,0.0,TA,Fa,BrkTil,Gd,TA,No,BLQ,5.855071922202427,Unf,5.783825182329737,Grav,Fa,N,FuseA,6.511745329644728,5.53338948872752,2,0.6931471805599453,Fa,Typ,0,NA,Detchd,Unf,1,TA,TA,Y,0.0,0.0,0.0,7,2010,WD,Normal,80000,8.215276958936633,2.0,0.0,69,60,1
373,4.795790545596741,RL,3.9318256327243257,8.878497403738631,Pave,Reg,Lvl,AllPub,Inside,Gtl,SawyerW,Norm,Norm,TwnhsE,1Story,6,5,1984,1984,Gable,CompShg,Plywood,Plywood,0.0,TA,TA,CBlock,Gd,TA,No,ALQ,6.436150368369428,LwQ,0.0,GasA,TA,Y,SBrkr,6.6240652277998935,0.0,2,0.6931471805599453,TA,Typ,0,NA,Attchd,Unf,1,TA,TA,Y,5.869296913133774,0.0,0.0,2,2010,WD,Normal,125000,8.414717399827001,2.0,4.51085950651685,26,26,0
1076,4.2626798770413155,RL,4.330733340286331,9.482350275033667,Pave,Reg,Lvl,AllPub,Inside,Gtl,Crawfor,Norm,Norm,1Fam,2Story,7,6,1940,1984,Gable,CompShg,Wd Sdng,Wd Sdng,0.0,TA,TA,CBlock,TA,TA,No,BLQ,6.018593214496234,Unf,5.968707559985366,GasA,TA,Y,SBrkr,6.8679744089702925,6.660575149839686,3,0.6931471805599453,TA,Typ,2,Gd,Attchd,Unf,1,TA,TA,Y,0.0,0.0,0.0,7,2007,CWD,Normal,219500,9.407632639699958,1.5,0.0,67,23,1
883,4.110873864173311,RL,4.189654742026425,9.173365135851288,Pave,IR1,Lvl,AllPub,Corner,Gtl,Gilbert,Norm,Norm,1Fam,2Story,6,5,1992,1993,Gable,CompShg,VinylSd,VinylSd,0.0,TA,TA,PConc,Gd,TA,No,Unf,0.0,Unf,6.695798917058491,GasA,Gd,Y,SBrkr,6.695798917058491,6.666956792429207,3,0.6931471805599453,TA,Typ,1,TA,BuiltIn,RFn,2,TA,TA,Y,5.8377304471659395,0.0,0.0,12,2009,WD,Normal,178000,9.165238398063762,2.5,3.713572066704308,17,16,1
143,3.9318256327243257,RL,4.276666119016055,9.050288983827956,Pave,Reg,Lvl,AllPub,Corner,Gtl,NAmes,Artery,Norm,1Fam,1.5Fin,5,4,1952,1952,Gable,CompShg,BrkFace,Wd Sdng,0.0,TA,Fa,CBlock,TA,TA,No,Rec,6.230481447578482,Unf,6.0014148779611505,GasA,Fa,Y,SBrkr,6.814542897259958,6.16541785423142,4,0.6931471805599453,TA,Typ,0,NA,Detchd,Unf,2,TA,TA,Y,0.0,0.0,0.0,6,2010,WD,Normal,166000,8.843037724962366,2.0,0.0,58,58,0
526,3.044522437723423,FV,4.143134726391533,8.922791623969637,Pave,Reg,Lvl,AllPub,Inside,Gtl,Somerst,Norm,Norm,1Fam,1Story,7,5,2005,2005,Gable,CompShg,VinylSd,VinylSd,0.0,Gd,TA,PConc,Gd,TA,No,Unf,0.0,Unf,7.1372784372603855,GasA,Ex,Y,SBrkr,7.144407180321139,0.0,3,0.6931471805599453,Gd,Typ,1,TA,Attchd,Unf,2,TA,TA,Y,3.6635616461296463,0.0,0.0,4,2006,WD,Normal,176000,9.089640586738398,2.0,4.976733742420574,1,1,0
1108,4.110873864173311,RL,5.1298987149230735,10.05440443785299,Pave,IR3,HLS,AllPub,CulDSac,Gtl,Gilbert,Norm,Norm,1Fam,2Story,7,5,2006,2006,Gable,CompShg,VinylSd,VinylSd,0.0,Gd,TA,PConc,Ex,Gd,No,Unf,0.0,Unf,6.767343125265392,GasA,Ex,Y,SBrkr,6.78897174299217,7.034387929915503,3,0.6931471805599453,Gd,Typ,1,Gd,BuiltIn,RFn,2,TA,TA,Y,0.0,0.0,0.0,9,2006,New,Partial,274725,9.557328550325371,2.5,4.61512051684126,0,0,0
1336,3.044522437723423,RL,4.394449154672439,9.174816815907135,Pave,Reg,Lvl,AllPub,Inside,Gtl,NWAmes,Norm,Norm,1Fam,1Story,6,5,1977,1977,Gable,CompShg,Plywood,Plywood,5.8888779583328805,TA,TA,CBlock,Gd,TA,No,ALQ,6.532334292222349,Unf,6.499787040655854,GasA,TA,Y,SBrkr,7.19668657083435,0.0,2,0.6931471805599453,TA,Typ,1,TA,Attchd,RFn,2,TA,TA,Y,0.0,0.0,0.0,4,2009,WD,Normal,167900,8.987821625430815,2.5,2.833213344056216,32,32,0
1092,5.081404364984463,FV,3.2188758248682006,7.6783263565068856,Pave,Reg,Lvl,AllPub,Inside,Gtl,Somerst,Norm,Norm,Twnhs,2Story,7,5,1999,2000,Gable,CompShg,MetalSd,MetalSd,5.3612921657094255,Gd,TA,PConc,Gd,TA,No,BLQ,6.236369590203704,Unf,4.51085950651685,GasA,Ex,Y,SBrkr,6.437751649736401,6.444131256700441,2,0.6931471805599453,Gd,Typ,0,NA,Detchd,Unf,2,TA,TA,Y,0.0,0.0,0.0,3,2008,WD,Normal,160000,9.078521797355334,3.5,3.8918202981106265,9,8,1
1388,3.9318256327243257,RM,4.110873864173311,9.050288983827956,Pave,Reg,Lvl,AllPub,Inside,Gtl,OldTown,Artery,Norm,1Fam,1.5Fin,6,7,1916,1950,Gable,CompShg,Stucco,Stucco,0.0,TA,Gd,BrkTil,TA,TA,No,Rec,5.1298987149230735,LwQ,0.0,GasW,TA,N,SBrkr,7.417580402414544,6.760414691083428,5,0.6931471805599453,Gd,Typ,1,Gd,Detchd,Unf,1,TA,TA,Y,4.48863636973214,0.0,0.0,8,2007,CWD,Family,136000,9.626217750431657,2.0,2.772588722239781,91,57,1
441,3.044522437723423,RL,4.663439094112067,9.644198554585564,Pave,Reg,Lvl,AllPub,Inside,Gtl,NridgHt,Norm,Norm,1Fam,1Story,10,5,2008,2008,Hip,CompShg,VinylSd,VinylSd,5.303304908059076,Ex,TA,PConc,Ex,TA,Gd,GLQ,7.477604243197589,ALQ,6.670766320845874,GasA,Ex,Y,SBrkr,7.784473235736469,0.0,2,0.6931471805599453,Ex,Typ,2,Gd,Attchd,Fin,3,TA,TA,Y,0.0,0.0,0.0,4,2009,WD,Normal,555000,10.086683726740743,3.0,5.493061443340548,1,1,0
532,4.2626798770413155,RM,4.110873864173311,8.72518249495877,Pave,IR1,Lvl,AllPub,FR3,Gtl,BrkSide,RRNn,Feedr,1Fam,2Story,6,8,1920,1999,Gable,CompShg,Wd Sdng,Wd Sdng,0.0,TA,TA,BrkTil,Fa,Fa,Mn,Unf,0.0,Unf,6.416732282512326,GasA,Ex,Y,SBrkr,6.62273632394984,6.416732282512326,3,0.6931471805599453,TA,Typ,0,NA,Detchd,Fin,2,TA,Fa,Y,0.0,0.0,0.0,6,2008,WD,Normal,128000,9.00859131751613,2.0,4.442651256490317,88,9,1
1170,4.110873864173311,RL,4.77912349311153,10.484613193102275,Pave,IR1,Lvl,AllPub,CulDSac,Gtl,NoRidge,Norm,Norm,1Fam,2Story,10,5,1995,1996,Hip,CompShg,HdBoard,HdBoard,7.229113877793302,Gd,Gd,PConc,Ex,TA,Gd,GLQ,7.23561914106675,Unf,6.298949246855942,GasA,Ex,Y,SBrkr,7.513163545234075,7.493873886783559,4,0.6931471805599453,Gd,Typ,1,TA,Attchd,Fin,3,TA,TA,Y,5.8916442118257715,0.0,0.0,7,2006,WD,Normal,625000,10.498773802892188,4.5,4.343805421853684,11,10,1
227,4.110873864173311,RL,4.418840607796598,9.205428327615163,Pave,IR1,Lvl,AllPub,Inside,Gtl,NoRidge,Norm,Norm,1Fam,2Story,7,5,1995,1995,Gable,CompShg,VinylSd,VinylSd,5.673323267171493,Gd,TA,PConc,Gd,TA,No,GLQ,6.338594078203183,Unf,6.459904454377535,GasA,Ex,Y,SBrkr,7.102499355774649,7.175489713624222,4,0.6931471805599453,Gd,Typ,1,TA,Attchd,RFn,3,TA,TA,Y,5.41610040220442,0.0,0.0,6,2007,WD,Abnorml,290000,9.777981017296407,2.5,4.74493212836325,12,12,0
1001,3.044522437723423,RL,4.31748811353631,9.230829038403499,Pave,Reg,Lvl,AllPub,Corner,Gtl,Edwards,Norm,Norm,1Fam,1Story,3,3,1952,1952,Flat,Tar&Grv,BrkComm,Brk Cmn,0.0,TA,TA,Slab,NA,NA,NA,NA,0.0,NA,0.0,GasW,Fa,N,FuseF,6.851184927493743,0.0,2,0.6931471805599453,Fa,Min1,0,NA,Detchd,Unf,2,TA,Fa,Y,0.0,0.0,0.0,7,2009,WD,Normal,82000,7.949091499830517,1.0,0.0,57,57,0
229,3.044522437723423,RL,4.2626798770413155,9.050406334059858,Pave,Reg,Lvl,AllPub,FR2,Gtl,Sawyer,Feedr,Norm,1Fam,1Story,5,5,1967,1967,Gable,CompShg,HdBoard,HdBoard,0.0,TA,TA,CBlock,TA,TA,No,ALQ,6.736966958001855,Unf,4.2626798770413155,GasA,TA,Y,SBrkr,6.816735880594968,0.0,3,0.6931471805599453,TA,Typ,1,Fa,Detchd,Unf,1,TA,TA,Y,0.0,0.0,0.0,5,2010,WD,Normal,125000,8.4252971767117,1.0,0.0,43,43,0
1247,4.110873864173311,FV,4.189654742026425,9.002824076547672,Pave,Reg,Lvl,AllPub,Inside,Gtl,Somerst,Norm,Norm,1Fam,2Story,7,5,2005,2006,Gable,CompShg,VinylSd,VinylSd,0.0,Gd,TA,PConc,Gd,TA,No,Unf,0.0,Unf,6.6293632534374485,GasA,Ex,Y,SBrkr,6.6293632534374485,6.682108597449809,3,0.6931471805599453,Gd,Typ,0,NA,Attchd,RFn,2,TA,TA,Y,0.0,0.0,0.0,3,2006,New,Partial,186500,9.29394595583098,2.5,3.828641396489095,1,0,1
1320,3.044522437723423,RL,4.330733340286331,9.231710397712375,Pave,Reg,Bnk,AllPub,Inside,Gtl,Edwards,Norm,Norm,1Fam,1Story,4,5,1954,1954,Hip,CompShg,Wd Sdng,Wd Sdng,4.890349128221754,TA,TA,PConc,TA,TA,No,ALQ,6.20050917404269,Unf,5.921578419643816,GasA,Ex,Y,SBrkr,6.855408798609928,0.0,3,0.6931471805599453,TA,Typ,0,NA,Attchd,Unf,1,TA,TA,Y,0.0,0.0,0.0,2,2007,WD,Normal,111000,8.2409125416889,1.0,0.0,53,53,0
213,4.110873864173311,FV,4.290459441148391,9.0642735958414,Pave,Reg,Lvl,AllPub,Inside,Gtl,Somerst,Norm,Norm,1Fam,2Story,7,5,2009,2009,Gable,CompShg,VinylSd,VinylSd,0.0,TA,TA,PConc,Gd,TA,No,GLQ,6.71295620067707,Unf,4.3694478524670215,GasA,Ex,Y,SBrkr,6.838405200847344,6.825460036255307,3,0.6931471805599453,Gd,Typ,1,TA,Attchd,RFn,2,TA,TA,Y,5.1298987149230735,0.0,0.0,7,2009,New,Partial,252678,9.470008697972764,3.5,4.6913478822291435,0,0,0
80,3.9318256327243257,RM,4.110873864173311,9.25349564229011,Pave,Reg,Lvl,AllPub,Corner,Gtl,OldTown,Norm,Norm,1Fam,2Story,5,6,1910,1981,Gable,CompShg,Wd Sdng,Wd Sdng,0.0,TA,TA,PConc,TA,TA,No,Unf,0.0,Unf,6.089044875446846,GasA,Gd,Y,SBrkr,6.52649485957079,6.3080984415095305,2,0.6931471805599453,TA,Typ,0,NA,Detchd,Unf,2,TA,TA,Y,4.31748811353631,0.0,0.0,5,2009,WD,Normal,110000,8.724369949208368,1.5,4.859812404361672,99,28,1
149,3.044522437723423,RL,4.1588830833596715,8.922791623969637,Pave,Reg,Lvl,AllPub,Inside,Gtl,SawyerW,Norm,Norm,1Fam,1Story,7,5,2004,2005,Gable,CompShg,VinylSd,VinylSd,4.795790545596741,TA,TA,PConc,Gd,TA,No,GLQ,6.523562306149512,Unf,5.993961427306569,GasA,Ex,Y,SBrkr,6.985641817639208,0.0,3,0.6931471805599453,Gd,Typ,0,NA,NA,NA,0,NA,NA,Y,0.0,0.0,0.0,4,2008,WD,Normal,141000,8.93075873555827,2.0,0.0,4,3,1
815,3.9318256327243257,RL,3.828641396489095,9.017847259860732,Pave,Reg,Lvl,AllPub,Inside,Gtl,Edwards,Norm,Norm,1Fam,1.5Fin,5,7,1918,1950,Gable,CompShg,Stucco,Stucco,0.0,TA,TA,BrkTil,TA,TA,No,Unf,0.0,Unf,6.532334292222349,GasW,Gd,Y,SBrkr,6.532334292222349,6.336825731146441,3,0.6931471805599453,Fa,Typ,0,NA,Detchd,Unf,1,TA,TA,P,5.337538079701318,0.0,0.0,7,2006,WD,Normal,116000,8.740496729931813,2.0,4.574710978503383,88,56,1
1068,4.110873864173311,RL,4.394449154672439,9.186150133174966,Pave,Reg,Lvl,AllPub,Inside,Mod,NAmes,Norm,Norm,1Fam,2Story,6,6,1964,1964,Gable,CompShg,HdBoard,HdBoard,5.8888779583328805,TA,TA,CBlock,TA,TA,Gd,GLQ,6.51471269087253,LwQ,0.0,GasA,TA,Y,SBrkr,6.683360945766275,6.70196036600254,4,0.6931471805599453,TA,Typ,0,NA,Attchd,RFn,2,TA,TA,Y,5.796057750765372,0.0,0.0,6,2008,WD,Normal,167900,9.176473302464606,2.5,5.762051382780177,44,44,0
870,4.110873864173311,RL,4.394449154672439,9.204221690968005,Pave,Reg,Lvl,AllPub,Inside,Gtl,SawyerW,Norm,Norm,1Fam,2Story,7,5,1993,1994,Gable,CompShg,MetalSd,MetalSd,5.5093883366279774,Gd,TA,PConc,Gd,TA,No,GLQ,6.621405651764134,Unf,5.707110264748875,GasA,Ex,Y,SBrkr,6.968850378341948,6.78897174299217,3,0.6931471805599453,Gd,Typ,1,TA,Attchd,Fin,2,TA,TA,Y,5.056245805348308,0.0,0.0,6,2010,WD,Normal,236000,9.521055143538536,3.5,4.51085950651685,17,16,1
672,4.2626798770413155,RH,4.007333185232471,8.799360083179907,Pave,Reg,Lvl,AllPub,Inside,Gtl,Edwards,Artery,Norm,1Fam,2Story,6,6,1925,1950,Gambrel,CompShg,Wd Sdng,Wd Sdng,0.0,TA,Gd,BrkTil,TA,TA,No,BLQ,6.313548046277095,Unf,4.804021044733257,GasA,TA,N,SBrkr,6.548219102762372,6.511745329644728,3,0.6931471805599453,TA,Typ,0,NA,Detchd,Unf,1,TA,TA,Y,4.997212273764115,0.0,0.0,7,2009,WD,Normal,103600,9.01371703047137,3.0,0.0,84,59,1
1125,4.394449154672439,RL,4.189654742026425,9.118882761487347,Pave,IR1,Lvl,AllPub,Inside,Gtl,Gilbert,Norm,Norm,1Fam,SLvl,7,5,1992,1992,Gable,CompShg,HdBoard,HdBoard,5.14166355650266,TA,TA,PConc,Gd,TA,No,Unf,0.0,Unf,5.953243334287785,GasA,Gd,Y,SBrkr,6.70073110954781,6.508769136971682,3,0.6931471805599453,Gd,Typ,1,TA,Attchd,Fin,2,TA,TA,Y,4.61512051684126,0.0,0.0,7,2007,WD,Normal,163900,9.247154345098899,2.5,3.258096538021482,15,15,0
556,3.828641396489095,RM,4.07753744390572,8.761080103868347,Pave,Reg,Lvl,AllPub,Inside,Gtl,BrkSide,Norm,Norm,1Fam,1.5Unf,5,6,1922,1950,Gable,CompShg,MetalSd,MetalSd,0.0,TA,TA,BrkTil,TA,Fa,No,Unf,0.0,Unf,6.901737206656574,GasA,TA,Y,FuseA,6.955592608396297,0.0,2,0.6931471805599453,TA,Typ,1,Gd,Detchd,Unf,1,TA,TA,Y,0.0,0.0,0.0,8,2006,WD,Normal,113000,8.564267598802166,1.0,4.762173934797756,84,56,1
865,3.044522437723423,FV,4.290459441148391,9.0642735958414,Pave,Reg,Lvl,AllPub,Inside,Gtl,Somerst,Norm,Norm,1Fam,1Story,7,5,2007,2008,Gable,CompShg,VinylSd,VinylSd,0.0,Gd,TA,PConc,Ex,TA,No,Unf,0.0,Unf,7.224753405767971,GasA,Ex,Y,SBrkr,7.224753405767971,0.0,3,0.6931471805599453,Gd,Typ,0,NA,Attchd,Fin,2,TA,TA,Y,0.0,0.0,0.0,5,2008,New,Partial,250580,9.170039075202657,2.0,4.948759890378168,1,0,1
134,3.044522437723423,RL,4.454347296253507,8.832587702434553,Pave,IR1,Lvl,AllPub,Inside,Gtl,Timber,Norm,Norm,1Fam,1Story,8,5,2001,2002,Gable,CompShg,VinylSd,VinylSd,4.919980925828125,Gd,TA,PConc,Ex,TA,No,GLQ,6.913737350659685,Unf,5.572154032177765,GasA,Ex,Y,SBrkr,7.167809184316444,0.0,2,0.6931471805599453,Gd,Typ,0,NA,Attchd,Fin,2,TA,TA,Y,5.262690188904886,0.0,0.0,6,2009,WD,Normal,220000,9.246575864558277,3.0,3.258096538021482,8,7,1
1080,3.044522437723423,RL,4.189654742026425,9.079776001955066,Pave,Reg,Lvl,AllPub,Inside,Gtl,CollgCr,Norm,Norm,1Fam,1Story,5,5,1994,1994,Gable,CompShg,VinylSd,VinylSd,0.0,TA,TA,PConc,Gd,TA,No,GLQ,6.206575926724928,Unf,6.206575926724928,GasA,Gd,Y,SBrkr,6.898714534329988,0.0,3,0.6931471805599453,TA,Typ,0,NA,Attchd,Unf,1,TA,TA,Y,0.0,0.0,0.0,4,2007,WD,Normal,126000,8.507344855361422,1.0,4.174387269895637,13,13,0
824,3.9318256327243257,RL,4.110873864173311,9.200391041122515,Pave,Reg,Lvl,AllPub,Inside,Gtl,SWISU,Norm,Norm,1Fam,1.5Fin,6,7,1940,1950,Gable,CompShg,VinylSd,VinylSd,0.0,TA,TA,BrkTil,TA,TA,No,Unf,0.0,Unf,6.658011045870748,GasA,TA,Y,SBrkr,6.851184927493743,6.302618975744905,3,0.6931471805599453,TA,Typ,1,Gd,Detchd,Unf,1,TA,TA,Y,5.817111159963204,0.0,0.0,7,2009,WD,Normal,139500,9.097731427593528,2.0,0.0,69,59,1
409,4.110873864173311,RL,4.700480365792417,9.557823197546,Pave,Reg,Lvl,AllPub,Corner,Gtl,NridgHt,Norm,Norm,1Fam,2Story,7,5,2006,2006,Gable,CompShg,VinylSd,VinylSd,5.860786223465865,Gd,TA,PConc,Ex,Gd,No,Unf,0.0,Unf,6.96979066990159,GasA,Ex,Y,SBrkr,6.977281341630747,7.004881989712859,3,0.6931471805599453,Gd,Typ,1,Gd,Attchd,RFn,3,TA,TA,Y,5.262690188904886,0.0,0.0,8,2007,New,Partial,280000,9.629379600111465,2.5,4.143134726391533,1,1,0
983,3.044522437723423,RL,3.784189633918261,8.065579427282092,Pave,Reg,Lvl,AllPub,Inside,Gtl,Blmngtn,Norm,Norm,1Fam,1Story,7,5,2007,2007,Gable,CompShg,VinylSd,VinylSd,2.833213344056216,Gd,TA,PConc,Gd,TA,Av,Unf,0.0,Unf,7.144407180321139,GasA,Ex,Y,SBrkr,7.144407180321139,0.0,2,0.6931471805599453,Gd,Typ,1,Gd,Attchd,Fin,2,TA,TA,Y,4.61512051684126,0.0,0.0,3,2008,WD,Normal,159895,9.089640586738398,2.0,2.833213344056216,1,1,0
508,3.044522437723423,FV,4.330733340286331,8.969923491991516,Pave,IR1,Lvl,AllPub,Inside,Gtl,Somerst,Norm,Norm,1Fam,1Story,6,5,2009,2009,Gable,CompShg,VinylSd,VinylSd,0.0,Gd,TA,PConc,Gd,TA,No,GLQ,3.332204510175204,Unf,7.083387847625295,GasA,Ex,Y,SBrkr,7.105786129481271,0.0,2,0.6931471805599453,Gd,Typ,0,NA,Attchd,Fin,2,TA,TA,Y,0.0,0.0,0.0,9,2009,New,Partial,208300,8.896861744480391,2.0,4.634728988229636,0,0,0
1151,3.044522437723423,RL,4.060443010546419,9.0217190130337,Pave,IR1,Lvl,AllPub,Inside,Gtl,NAmes,Norm,Norm,1Fam,1Story,6,5,1950,1950,Gable,CompShg,BrkFace,BrkFace,0.0,TA,TA,CBlock,TA,TA,No,Unf,0.0,Unf,6.838405200847344,GasA,Ex,Y,FuseA,6.838405200847344,0.0,2,0.6931471805599453,Gd,Typ,1,Gd,Attchd,Unf,1,TA,TA,Y,0.0,0.0,0.0,11,2007,WD,Normal,124000,8.629271094821588,1.0,5.3706380281276624,57,57,0
505,5.081404364984463,RL,3.2188758248682006,7.744569809354496,Pave,Reg,Lvl,AllPub,Inside,Gtl,NPkVill,Norm,Norm,TwnhsE,2Story,6,5,1974,1974,Gable,CompShg,Plywood,Brk Cmn,0.0,TA,TA,CBlock,TA,TA,No,ALQ,5.552959584921617,Rec,4.6443908991413725,GasA,TA,Y,SBrkr,6.752270376141742,6.148468295917647,3,0.6931471805599453,TA,Typ,1,Fa,Attchd,Unf,2,TA,TA,Y,5.564520407322694,0.0,0.0,6,2009,WD,Normal,147000,8.978786553302003,3.0,0.0,35,35,0
987,3.9318256327243257,RM,4.0943445622221,8.577535420422398,Pave,Reg,Lvl,AllPub,Corner,Gtl,OldTown,Feedr,Norm,1Fam,1.5Fin,6,8,1910,2003,Hip,CompShg,VinylSd,VinylSd,0.0,TA,Gd,CBlock,TA,Fa,No,Unf,0.0,Unf,6.186208623900494,GasA,Gd,Y,SBrkr,6.90975328164481,6.453624998892692,2,0.6931471805599453,Gd,Typ,0,NA,Attchd,Unf,1,Fa,TA,Y,5.978885764901122,0.0,0.0,6,2006,WD,Normal,117000,9.19125948416339,1.0,0.0,96,3,1
348,3.044522437723423,RL,4.324132656254979,9.77571099759397,Pave,IR1,Lvl,AllPub,Inside,Gtl,NAmes,Norm,Norm,1Fam,1Story,6,5,1960,1960,Gable,CompShg,Wd Sdng,Wd Sdng,3.4339872044851463,TA,TA,CBlock,TA,TA,No,BLQ,7.147559271189454,Unf,5.342334251964811,GasA,Ex,Y,FuseA,7.2991214627108,0.0,3,0.6931471805599453,TA,Typ,2,Gd,Attchd,Unf,2,TA,TA,Y,0.0,0.0,0.0,12,2009,WD,Normal,157500,9.090317329376452,3.0,3.713572066704308,49,49,0
387,3.9318256327243257,RL,4.07753744390572,9.037295651962438,Pave,Reg,Lvl,AllPub,FR2,Gtl,Edwards,Feedr,Norm,1Fam,1.5Fin,5,3,1910,1996,Gambrel,CompShg,Wd Sdng,VinylSd,0.0,TA,Fa,PConc,TA,TA,No,Unf,0.0,Unf,6.490723534502507,GasA,TA,Y,SBrkr,6.490723534502507,6.267200548541362,5,0.6931471805599453,TA,Typ,0,NA,NA,NA,0,NA,NA,N,0.0,0.0,0.0,5,2006,WD,AdjLand,81000,8.686260632531775,1.0,5.0238805208462765,96,10,1
1,4.110873864173311,RL,4.189654742026425,9.042040056544483,Pave,Reg,Lvl,AllPub,Inside,Gtl,CollgCr,Norm,Norm,1Fam,2Story,7,5,2003,2003,Gable,CompShg,VinylSd,VinylSd,5.2832037287379885,Gd,TA,PConc,Gd,TA,No,GLQ,6.561030665896573,Unf,5.017279836814924,GasA,Ex,Y,SBrkr,6.75343791859778,6.75110146893676,3,0.6931471805599453,Gd,Typ,0,NA,Attchd,RFn,2,TA,TA,Y,0.0,0.0,0.0,2,2008,WD,Normal,208500,9.39024233725137,3.5,4.127134385045092,5,5,0
361,4.454347296253507,RL,4.276666119016055,8.928110078202646,Pave,IR1,Lvl,AllPub,CulDSac,Gtl,Mitchel,Norm,Norm,1Fam,SFoyer,6,6,1978,1978,Gable,CompShg,VinylSd,VinylSd,0.0,TA,TA,CBlock,Gd,TA,Av,GLQ,6.651571873589727,Unf,4.7535901911063645,GasA,Ex,Y,SBrkr,6.816735880594968,0.0,2,0.6931471805599453,TA,Typ,1,TA,Attchd,RFn,2,TA,TA,Y,0.0,0.0,0.0,6,2007,WD,Normal,156000,8.607582191143917,2.0,5.262690188904886,29,29,0
829,4.110873864173311,RL,4.394449154672439,10.264617557935098,Pave,IR2,Low,AllPub,CulDSac,Sev,ClearCr,Norm,Norm,1Fam,2Story,5,5,1967,1967,Flat,Tar&Grv,Plywood,Plywood,0.0,TA,TA,PConc,TA,Gd,Gd,LwQ,5.521460917862246,ALQ,0.0,GasA,TA,Y,SBrkr,7.057036981697891,6.874198495453294,3,0.6931471805599453,TA,Min2,0,NA,Attchd,Fin,2,TA,TA,Y,6.18826412308259,0.0,0.0,6,2009,WD,Abnorml,185000,9.271529540288606,3.0,5.420534999272286,42,42,0
1380,4.394449154672439,RL,4.30406509320417,9.183585634667363,Pave,Reg,Lvl,AllPub,Inside,Gtl,Timber,Norm,Norm,1Fam,SLvl,5,5,2006,2007,Gable,CompShg,VinylSd,VinylSd,0.0,TA,TA,PConc,Gd,TA,No,Unf,0.0,Unf,5.953243334287785,GasA,Gd,Y,SBrkr,6.626717749249025,6.46302945692067,3,0.6931471805599453,Gd,Typ,0,NA,BuiltIn,Fin,2,TA,TA,Y,4.61512051684126,0.0,0.0,5,2008,WD,Normal,167500,8.849513965486398,2.5,0.0,2,1,1
476,3.044522437723423,RL,4.394449154672439,9.0455836463617,Pave,Reg,Lvl,AllPub,Corner,Gtl,Sawyer,Norm,Norm,1Fam,1Story,5,6,1963,1963,Hip,CompShg,HdBoard,HdBoard,0.0,TA,TA,CBlock,TA,TA,No,GLQ,6.447305862541213,Unf,5.831882477283517,GasA,TA,Y,SBrkr,6.878326468291325,0.0,2,0.6931471805599453,TA,Typ,0,NA,Detchd,Unf,2,TA,TA,Y,0.0,0.0,0.0,7,2007,WD,Normal,132500,8.486940148245216,2.0,5.37989735354046,44,44,0
1248,4.394449154672439,RL,4.276666119016055,9.419709489868552,Pave,IR1,Lvl,AllPub,Inside,Gtl,Mitchel,Norm,Norm,1Fam,SLvl,6,5,1976,1976,Gable,CompShg,HdBoard,HdBoard,5.817111159963204,TA,TA,CBlock,TA,TA,Av,GLQ,6.29156913955832,Unf,6.161207321695077,GasA,TA,Y,SBrkr,6.942156705699469,0.0,3,0.6931471805599453,TA,Typ,0,NA,Attchd,Unf,3,TA,TA,Y,0.0,0.0,0.0,5,2010,WD,Normal,169900,8.733110697638708,2.0,0.0,34,34,0
58,4.110873864173311,RL,4.499809670330265,9.362718052397065,Pave,IR1,Lvl,AllPub,Corner,Gtl,CollgCr,Norm,Norm,1Fam,2Story,7,5,2004,2004,Gable,CompShg,VinylSd,VinylSd,0.0,Gd,TA,PConc,Gd,TA,No,Unf,0.0,Unf,6.7580945044277305,GasA,Ex,Y,SBrkr,6.7580945044277305,6.7580945044277305,3,0.6931471805599453,Gd,Typ,0,NA,Attchd,RFn,2,TA,TA,Y,0.0,0.0,0.0,8,2006,WD,Normal,196500,9.39607277189222,2.5,4.2626798770413155,2,2,0
638,5.25227342804663,RM,3.9318256327243257,8.699681400989514,Pave,Reg,Lvl,AllPub,Inside,Gtl,OldTown,Norm,Norm,2fmCon,1.5Fin,5,4,1954,1954,Gable,CompShg,Wd Sdng,Wd Sdng,0.0,TA,TA,CBlock,TA,TA,No,Unf,0.0,Unf,6.699500340161678,GasA,TA,Y,FuseA,6.699500340161678,6.3578422665081,3,1.0986122886681098,Gd,Typ,0,NA,BuiltIn,Unf,1,TA,TA,Y,0.0,0.0,0.0,11,2009,WD,Normal,93000,8.844480518460378,2.0,0.0,55,55,0
1274,4.394449154672439,RL,4.8283137373023015,9.351232110673664,Pave,IR1,Lvl,AllPub,Corner,Gtl,Edwards,Norm,Norm,1Fam,SLvl,6,7,1959,2006,Gable,CompShg,Plywood,Plywood,4.442651256490317,TA,TA,CBlock,TA,TA,Av,ALQ,6.579251212010101,Unf,5.707110264748875,GasA,Gd,Y,SBrkr,7.213768308118642,0.0,2,0.6931471805599453,Ex,Typ,1,Gd,Basment,RFn,1,TA,TA,Y,0.0,0.0,0.0,5,2008,WD,Normal,177000,9.004913941467132,2.0,5.099866427824199,49,2,1
1027,3.044522437723423,RL,4.30406509320417,9.137877200242468,Pave,Reg,Lvl,AllPub,Inside,Gtl,NAmes,Feedr,Norm,1Fam,1Story,5,5,1960,1960,Gable,CompShg,MetalSd,HdBoard,5.783825182329737,TA,TA,CBlock,TA,TA,No,Rec,6.548219102762372,Unf,6.349138991379798,GasA,TA,Y,SBrkr,7.142827401161621,0.0,3,0.6931471805599453,TA,Typ,2,Gd,Attchd,Unf,2,TA,TA,Y,0.0,0.0,0.0,4,2010,WD,Normal,167500,8.751632702472298,2.0,4.969813299576001,50,50,0
910,4.110873864173311,RL,5.0106352940962555,9.440658127038393,Pave,IR2,Lvl,AllPub,Inside,Gtl,Gilbert,Norm,Norm,1Fam,2Story,6,5,2005,2005,Gable,CompShg,VinylSd,VinylSd,0.0,Gd,TA,PConc,Gd,TA,No,Unf,0.0,Unf,6.610696044717759,GasA,Ex,Y,SBrkr,6.610696044717759,6.610696044717759,3,0.6931471805599453,Gd,Typ,1,Gd,Attchd,Fin,2,TA,TA,Y,3.6109179126442243,0.0,0.0,6,2009,WD,Normal,174000,9.094368195723762,2.5,3.2188758248682006,4,4,0
173,5.081404364984463,RL,3.8066624897703196,8.576781982827894,Pave,IR1,Lvl,AllPub,Inside,Gtl,StoneBr,Norm,Norm,TwnhsE,2Story,7,7,1987,1987,Gable,CompShg,HdBoard,HdBoard,0.0,Gd,Gd,PConc,Gd,Gd,No,GLQ,6.206575926724928,Rec,5.872117789475416,GasA,Gd,Y,SBrkr,6.970730078143525,6.556778356158042,2,0.6931471805599453,Gd,Typ,1,TA,Attchd,RFn,2,Gd,TA,Y,6.091309882077698,0.0,0.0,6,2006,WD,Normal,239000,9.423029465386534,3.0,3.58351893845611,19,19,0
451,3.4339872044851463,RM,4.2626798770413155,8.645586406184636,Pave,Reg,Lvl,AllPub,Inside,Gtl,OldTown,Norm,Norm,1Fam,1Story,6,8,1930,2005,Hip,CompShg,Wd Sdng,Wd Sdng,0.0,TA,TA,BrkTil,TA,TA,No,Unf,0.0,Unf,6.70196036600254,GasA,Ex,Y,FuseA,6.70196036600254,0.0,2,0.6931471805599453,Gd,Typ,0,NA,Detchd,Unf,1,Fa,Fa,N,0.0,0.0,0.0,6,2006,WD,Normal,110000,8.492695559815838,1.0,4.736198448394496,76,1,1
126,5.25227342804663,RM,4.110873864173311,8.821879862683842,Pave,Reg,Lvl,AllPub,Inside,Gtl,IDOTRR,Norm,Norm,2fmCon,1.5Fin,6,8,1935,1982,Gable,CompShg,Wd Sdng,Wd Sdng,0.0,TA,Fa,CBlock,TA,TA,Av,GLQ,6.19644412779452,Unf,3.4339872044851463,GasA,Gd,N,SBrkr,6.255750041753367,0.0,2,0.6931471805599453,TA,Typ,0,NA,NA,NA,0,NA,NA,N,3.9889840465642745,0.0,0.0,6,2006,WD,Normal,84500,8.417372856134026,2.0,0.0,71,24,1
935,3.044522437723423,RL,5.749392985908253,10.227417172661774,Pave,IR2,HLS,AllPub,Inside,Mod,NAmes,PosA,Norm,1Fam,1Story,7,7,1960,2007,Flat,Tar&Grv,Wd Sdng,Wd Sdng,0.0,TA,TA,CBlock,Gd,TA,Gd,GLQ,6.054439346269371,Unf,5.081404364984463,GasA,Ex,Y,SBrkr,7.635303886259415,0.0,4,0.6931471805599453,Gd,Typ,1,Gd,Attchd,RFn,2,TA,TA,Y,0.0,0.0,0.0,11,2008,WD,Normal,242000,9.580799870885532,3.0,0.0,48,1,1
531,4.394449154672439,RL,4.454347296253507,9.23024103368252,Pave,Reg,Lvl,AllPub,Inside,Gtl,Timber,Norm,Norm,1Fam,SLvl,6,5,1988,1989,Gable,CompShg,HdBoard,HdBoard,5.393627546352362,Gd,TA,CBlock,Gd,TA,Av,GLQ,6.664409020350408,Unf,6.520621127558696,GasA,Ex,Y,SBrkr,7.31986492980897,0.0,3,0.6931471805599453,Gd,Typ,1,Fa,Attchd,RFn,2,TA,TA,Y,5.41610040220442,0.0,0.0,8,2008,WD,Abnorml,175000,9.111072370317514,3.0,0.0,20,19,1
858,4.110873864173311,RL,4.189654742026425,9.002824076547672,Pave,Reg,Lvl,AllPub,Inside,Gtl,Gilbert,Norm,Norm,1Fam,2Story,6,5,1994,1995,Gable,CompShg,HdBoard,HdBoard,0.0,TA,TA,PConc,Gd,TA,No,Unf,0.0,Unf,6.555356891810665,GasA,Gd,Y,SBrkr,6.555356891810665,6.659293919683638,3,0.6931471805599453,TA,Typ,1,TA,Attchd,Fin,2,TA,TA,Y,0.0,0.0,0.0,3,2009,WD,Normal,174000,9.092344813738475,2.5,3.6109179126442243,15,14,1
714,5.25227342804663,RL,4.110873864173311,9.197660318818809,Pave,Reg,Lvl,AllPub,Inside,Gtl,BrkSide,RRAn,Norm,2fmCon,1Story,4,5,1970,1970,Gable,CompShg,HdBoard,HdBoard,5.081404364984463,TA,TA,CBlock,TA,TA,Av,ALQ,6.672032945461067,Unf,5.147494476813453,GasW,TA,N,SBrkr,6.8679744089702925,0.0,3,0.6931471805599453,TA,Typ,0,NA,Detchd,Unf,2,TA,TA,Y,0.0,0.0,0.0,5,2006,WD,Normal,129000,8.253488028345904,2.0,5.666426688112432,36,36,0
91,3.044522437723423,RL,4.110873864173311,8.881975184248867,Pave,Reg,Lvl,AllPub,Inside,Gtl,NAmes,Norm,Norm,1Fam,1Story,4,5,1950,1950,Gable,CompShg,BrkFace,Wd Sdng,0.0,TA,TA,Slab,NA,NA,NA,NA,0.0,NA,0.0,GasA,TA,Y,FuseA,6.947937068614969,0.0,2,0.6931471805599453,TA,Typ,0,NA,Detchd,Unf,2,TA,TA,Y,0.0,0.0,0.0,7,2006,WD,Normal,109900,8.333510708982942,1.0,3.4011973816621555,56,56,0
1413,4.51085950651685,RL,4.110873864173311,8.881975184248867,Pave,Reg,Lvl,AllPub,Inside,Gtl,NAmes,Norm,Norm,Duplex,1Story,4,5,1949,1950,Gable,CompShg,BrkFace,Stone,0.0,TA,TA,Slab,NA,NA,NA,NA,0.0,NA,0.0,Wall,Fa,N,FuseF,6.947937068614969,0.0,2,1.0986122886681098,TA,Typ,0,NA,Detchd,Unf,2,TA,TA,Y,0.0,0.0,0.0,6,2009,WD,Normal,90000,8.333510708982942,2.0,0.0,60,59,1
182,4.2626798770413155,RL,4.007333185232471,8.934455109403913,Pave,Reg,Lvl,AllPub,Inside,Gtl,Crawfor,Norm,Norm,1Fam,2Story,7,6,1920,1950,Gable,CompShg,Stucco,Stucco,0.0,TA,TA,BrkTil,Fa,TA,No,LwQ,5.8664680569332965,Unf,6.091309882077698,GasA,Gd,Y,SBrkr,6.804614520062624,6.804614520062624,4,0.6931471805599453,TA,Typ,1,Gd,Detchd,Unf,1,Fa,TA,Y,0.0,0.0,0.0,7,2006,WD,Normal,200100,9.442641861075158,1.5,3.713572066704308,86,56,1
876,4.110873864173311,FV,4.330733340286331,9.105090961257085,Pave,Reg,Lvl,AllPub,Inside,Gtl,Somerst,Norm,Norm,1Fam,2Story,8,5,2007,2007,Gable,CompShg,CemntBd,CmentBd,0.0,Gd,TA,PConc,Gd,TA,Av,GLQ,4.174387269895637,Unf,7.02197642307216,GasA,Ex,Y,SBrkr,7.077498053569231,7.2633296174768365,4,0.6931471805599453,Ex,Typ,1,Gd,BuiltIn,Fin,2,TA,TA,Y,5.342334251964811,0.0,0.0,8,2007,New,Partial,303477,9.946594933570061,2.5,5.8998973535824915,0,0,0
1152,3.044522437723423,RL,4.90527477843843,9.784478765953926,Pave,Reg,Lvl,AllPub,Inside,Gtl,Edwards,Norm,Norm,1Fam,1Story,5,4,1959,1959,Gable,CompShg,HdBoard,Plywood,4.890349128221754,TA,TA,CBlock,TA,TA,No,BLQ,5.176149732573829,Unf,7.1631723908466425,GasA,TA,Y,SBrkr,7.2909747781429814,0.0,3,0.6931471805599453,Fa,Typ,2,Gd,Attchd,Fin,2,TA,TA,Y,0.0,0.0,0.0,11,2006,WD,Normal,149900,8.899867211223587,1.5,5.484796933490655,47,47,0
787,3.9318256327243257,RM,4.110873864173311,9.287394001418473,Pave,Reg,Lvl,AllPub,Inside,Gtl,OldTown,Artery,Norm,1Fam,1.5Fin,5,6,1915,1950,Gable,CompShg,MetalSd,MetalSd,0.0,TA,Gd,PConc,Fa,TA,No,LwQ,6.532334292222349,Unf,0.0,GasA,TA,Y,SBrkr,6.874198495453294,6.532334292222349,4,0.6931471805599453,TA,Typ,0,NA,Detchd,Unf,1,TA,TA,Y,0.0,0.0,7.0909098220799835,6,2010,WD,Normal,139000,9.019300924562506,3.0,5.2832037287379885,95,60,1
415,4.110873864173311,RL,4.0943445622221,9.326254996572539,Pave,IR2,Lvl,AllPub,CulDSac,Gtl,SawyerW,Norm,Norm,1Fam,2Story,7,5,1993,1993,Gable,CompShg,VinylSd,VinylSd,0.0,Gd,TA,PConc,Gd,TA,No,BLQ,3.9318256327243257,GLQ,6.214608098422191,GasA,Ex,Y,SBrkr,6.985641817639208,6.925595197110468,3,0.6931471805599453,Gd,Typ,1,TA,Attchd,Unf,3,TA,TA,Y,5.2832037287379885,0.0,0.0,12,2008,WD,Normal,228000,9.594241302168507,3.0,5.236441962829949,15,15,0
252,4.795790545596741,RM,3.8066624897703196,8.46611040118692,Pave,IR1,HLS,AllPub,Inside,Mod,Crawfor,Norm,Norm,TwnhsE,1Story,8,5,2006,2007,Hip,CompShg,VinylSd,VinylSd,6.1779441140506,Gd,TA,PConc,Gd,TA,Gd,GLQ,7.3613754289773485,Unf,0.0,GasA,Ex,Y,SBrkr,7.3938782901077555,0.0,2,0.6931471805599453,Gd,Typ,1,Gd,Attchd,Fin,2,TA,TA,Y,4.820281565605037,0.0,0.0,12,2007,WD,Family,235000,9.472781556562168,3.5,5.0369526024136295,1,0,1
70,3.9318256327243257,RL,4.406719247264253,9.654641503869545,Pave,Reg,Lvl,AllPub,Corner,Gtl,ClearCr,Norm,Norm,1Fam,1.5Fin,7,4,1953,1953,Gable,CompShg,BrkFace,AsbShng,0.0,Gd,TA,CBlock,TA,TA,No,BLQ,6.403574197934815,Unf,6.553933404025811,GasW,TA,Y,SBrkr,7.173958319756794,6.891625897052253,3,0.6931471805599453,TA,Typ,1,TA,Attchd,Fin,2,TA,TA,Y,0.0,0.0,0.0,7,2006,WD,Normal,225000,9.68096880599076,2.0,4.912654885736052,53,53,0
804,4.110873864173311,RL,4.68213122712422,9.539068413863964,Pave,Reg,Lvl,AllPub,Inside,Gtl,NridgHt,Norm,Norm,1Fam,2Story,9,5,2008,2009,Hip,CompShg,VinylSd,VinylSd,6.052089168924417,Ex,TA,PConc,Ex,TA,Gd,Unf,0.0,Unf,7.45876269238096,GasA,Ex,Y,SBrkr,7.45876269238096,6.9930151229329605,4,0.6931471805599453,Ex,Typ,1,Gd,BuiltIn,RFn,3,TA,TA,Y,3.970291913552122,0.0,0.0,1,2009,New,Partial,582933,10.142465082152865,3.5,5.8944028342648505,1,0,1
132,4.110873864173311,RL,4.189654742026425,9.411238314343073,Pave,IR1,Lvl,AllPub,Corner,Gtl,Gilbert,Norm,Norm,1Fam,2Story,6,5,2000,2000,Gable,CompShg,VinylSd,VinylSd,3.713572066704308,Gd,TA,PConc,Gd,TA,No,GLQ,6.54534966033442,Unf,5.697093486505405,GasA,Ex,Y,SBrkr,6.930494765951626,6.940222469119639,3,0.6931471805599453,Gd,Typ,1,TA,BuiltIn,RFn,2,TA,TA,Y,3.2188758248682006,0.0,0.0,7,2009,WD,Normal,244000,9.41938499891089,3.5,3.8918202981106265,9,9,0
301,5.25227342804663,RL,4.51085950651685,9.664659134301736,Pave,Reg,Lvl,AllPub,Corner,Gtl,Crawfor,Norm,Norm,2fmCon,1Story,5,5,1953,1953,Hip,CompShg,MetalSd,MetalSd,4.04305126783455,TA,TA,CBlock,TA,TA,Mn,BLQ,6.7357800142423265,Unf,5.783825182329737,GasA,TA,Y,SBrkr,7.198183577101943,0.0,2,0.6931471805599453,TA,Typ,2,Gd,Attchd,Unf,1,TA,TA,Y,0.0,0.0,0.0,6,2006,WD,Normal,157000,8.807022955925477,2.0,0.0,53,53,0
979,3.044522437723423,RL,4.23410650459726,9.153875834995056,Pave,Reg,Bnk,AllPub,Inside,Mod,Edwards,Norm,Norm,1Fam,1Story,4,5,1954,1954,Gable,CompShg,MetalSd,MetalSd,0.0,TA,TA,CBlock,TA,TA,No,LwQ,6.315358001522335,Unf,5.8377304471659395,GasA,Ex,Y,SBrkr,6.796823718274855,0.0,3,0.6931471805599453,TA,Typ,0,NA,Detchd,Unf,2,TA,TA,Y,0.0,0.0,0.0,5,2007,WD,Abnorml,110000,8.182279739259018,1.0,0.0,53,53,0
327,4.795790545596741,RL,3.4965075614664802,9.291643823040218,Pave,IR1,Lvl,AllPub,CulDSac,Gtl,Veenker,Norm,Norm,TwnhsE,1Story,8,5,1993,1993,Gable,CompShg,BrkFace,BrkFace,0.0,Gd,TA,PConc,Gd,TA,Gd,GLQ,7.3901814282264295,Unf,4.61512051684126,GasA,Ex,Y,SBrkr,7.450079569807499,0.0,1,0.6931471805599453,Gd,Typ,2,Gd,Attchd,Fin,2,TA,TA,Y,4.812184355372417,0.0,0.0,5,2008,Con,Normal,324000,9.529012261114708,3.5,3.4339872044851463,15,15,0
1427,4.110873864173311,RL,4.406719247264253,9.300638009956963,Pave,IR1,Lvl,AllPub,Inside,Gtl,NoRidge,Norm,Norm,1Fam,2Story,7,5,1994,1994,Gable,CompShg,VinylSd,VinylSd,6.1070228877422545,Gd,TA,PConc,Gd,TA,No,GLQ,6.90875477931522,Unf,5.4116460518550396,GasA,Ex,Y,SBrkr,7.1098794630722715,6.807934943699926,3,0.6931471805599453,Gd,Typ,2,TA,Attchd,RFn,2,TA,TA,Y,5.147494476813453,0.0,0.0,8,2008,WD,Normal,271000,9.608445125678054,3.5,4.890349128221754,14,14,0
1084,3.044522437723423,RL,4.394449154672439,9.082620630373812,Pave,Reg,Lvl,AllPub,Inside,Gtl,NAmes,Norm,Norm,1Fam,1Story,6,6,1964,1964,Hip,CompShg,HdBoard,HdBoard,6.054439346269371,TA,TA,CBlock,TA,TA,No,BLQ,6.317164686747284,Unf,6.54965074223381,GasA,TA,Y,SBrkr,7.132497551660044,0.0,3,0.6931471805599453,TA,Typ,2,Gd,Attchd,RFn,1,TA,TA,Y,0.0,0.0,6.55250788703459,3,2006,WD,Normal,160000,8.923591197573002,2.0,4.762173934797756,42,42,0
500,3.044522437723423,RL,4.2626798770413155,8.927446816256198,Pave,IR1,Lvl,AllPub,Inside,Gtl,NAmes,Norm,Norm,1Fam,1Story,5,7,1958,1985,Gable,CompShg,MetalSd,MetalSd,0.0,TA,TA,CBlock,TA,TA,No,BLQ,4.718498871295094,LwQ,6.259581464064923,GasA,Fa,Y,SBrkr,6.816735880594968,0.0,2,0.6931471805599453,TA,Typ,0,NA,Attchd,Fin,1,TA,TA,Y,2.5649493574615367,0.0,6.175867270105761,6,2007,WD,Normal,120000,8.4252971767117,1.5,5.655991810819852,49,22,1
969,3.9318256327243257,RM,3.9318256327243257,8.68710472813351,Pave,Reg,Lvl,AllPub,Inside,Gtl,OldTown,Norm,Norm,1Fam,1.5Fin,3,6,1910,1950,Gable,CompShg,VinylSd,VinylSd,0.0,TA,TA,BrkTil,TA,TA,No,Unf,0.0,Unf,6.398594934535208,Grav,Fa,N,SBrkr,6.398594934535208,5.910796644040527,2,0.6931471805599453,TA,Typ,0,NA,NA,NA,0,NA,NA,Y,0.0,0.0,0.0,5,2009,WD,Abnorml,37900,7.974188669286011,1.0,0.0,99,59,1
833,4.110873864173311,RL,3.8066624897703196,9.164191715950203,Pave,IR1,Lvl,AllPub,CulDSac,Gtl,CollgCr,Norm,Norm,1Fam,2Story,7,6,2003,2003,Gable,CompShg,VinylSd,VinylSd,5.4116460518550396,Gd,TA,PConc,Gd,TA,No,GLQ,6.182084906716632,Unf,6.129050210060545,GasA,Ex,Y,SBrkr,6.848005274576363,6.790097235513905,3,0.6931471805599453,Gd,Typ,1,TA,Attchd,RFn,2,TA,TA,Y,5.262690188904886,0.0,0.0,1,2010,WD,Normal,237000,9.457512901089753,3.5,3.6888794541139363,7,7,0
365,4.110873864173311,RL,4.394449154672439,9.841665338892785,Pave,IR1,Lvl,AllPub,FR2,Gtl,NWAmes,Norm,Norm,1Fam,2Story,6,5,1976,1976,Gable,CompShg,HdBoard,HdBoard,4.795790545596741,TA,TA,PConc,Gd,TA,Mn,GLQ,6.569481420414296,Unf,4.442651256490317,GasA,TA,Y,SBrkr,6.673297967767654,6.665683717782408,3,0.6931471805599453,TA,Typ,1,TA,Attchd,Fin,2,TA,TA,Y,5.726847747587197,0.0,0.0,7,2006,WD,Normal,190000,9.15324077993561,3.5,4.718498871295094,30,30,0
496,3.4339872044851463,C (all),4.110873864173311,8.972083182851925,Pave,Reg,Lvl,AllPub,Inside,Gtl,IDOTRR,Norm,Norm,1Fam,1Story,4,5,1920,1950,Gable,CompShg,Wd Sdng,Wd Sdng,0.0,TA,TA,CBlock,TA,TA,No,Rec,6.206575926724928,Unf,5.420534999272286,GasA,TA,N,FuseA,6.580639137284949,0.0,2,0.6931471805599453,TA,Typ,0,NA,NA,NA,0,NA,NA,N,0.0,0.0,0.0,11,2009,WD,Abnorml,34900,7.9658927350845286,1.0,6.459904454377535,89,59,1
1360,3.044522437723423,RL,4.867534450455582,9.725436862592819,Pave,Reg,Lvl,AllPub,FR3,Gtl,NridgHt,Norm,Norm,1Fam,1Story,9,5,2004,2005,Hip,CompShg,VinylSd,VinylSd,4.204692619390966,Gd,TA,PConc,Ex,TA,Av,GLQ,7.277938572945661,Unf,6.280395838960195,GasA,Ex,Y,SBrkr,7.591357046698551,0.0,3,0.6931471805599453,Ex,Typ,1,Gd,Attchd,Fin,3,TA,TA,Y,5.272999558563747,0.0,0.0,9,2006,WD,Normal,315000,9.7881328161731,3.0,3.828641396489095,2,1,1
339,3.044522437723423,RL,4.5217885770490405,9.557187177595935,Pave,Reg,Lvl,AllPub,Corner,Gtl,NWAmes,Norm,Norm,1Fam,1Story,7,7,1984,1998,Gable,CompShg,Wd Sdng,Wd Sdng,0.0,Gd,TA,CBlock,Gd,TA,Mn,ALQ,5.365976015021851,Unf,6.903747257584598,GasA,Ex,Y,SBrkr,7.3914152346753585,0.0,3,0.6931471805599453,Gd,Typ,0,NA,Attchd,RFn,2,TA,TA,Y,4.6913478822291435,0.0,5.993961427306569,5,2006,WD,Normal,202500,9.336796795928741,3.0,3.828641396489095,22,8,1
422,3.044522437723423,RL,4.394449154672439,9.719324300862802,Pave,IR1,Lvl,AllPub,FR2,Gtl,NWAmes,Norm,Norm,1Fam,1Story,6,7,1977,2000,Gable,CompShg,CemntBd,CmentBd,4.844187086458591,Gd,TA,CBlock,Gd,TA,No,ALQ,7.1284959456800365,Unf,5.877735781779639,GasA,Gd,Y,SBrkr,7.3796321526095525,0.0,3,0.6931471805599453,Gd,Typ,1,TA,Attchd,Fin,2,TA,TA,Y,5.484796933490655,0.0,0.0,6,2009,WD,Normal,215000,9.170871628065816,2.5,0.0,32,9,1
165,3.713572066704308,RM,3.713572066704308,8.594339400592892,Pave,Reg,Lvl,AllPub,Corner,Gtl,OldTown,Norm,Norm,1Fam,1Story,6,7,1926,2004,Gable,CompShg,MetalSd,MetalSd,0.0,TA,Gd,BrkTil,TA,TA,Mn,LwQ,5.916202062607435,Unf,6.659293919683638,GasA,Gd,Y,FuseA,7.047517221357296,6.148468295917647,3,0.6931471805599453,Gd,Typ,0,NA,Detchd,Unf,1,TA,TA,Y,0.0,0.0,0.0,10,2007,WD,Normal,152000,9.179571838304547,2.0,5.214935757608986,81,3,1
29,3.044522437723423,RL,3.871201010907891,9.700269170029188,Pave,IR1,Lvl,AllPub,CulDSac,Gtl,NAmes,Norm,Norm,1Fam,1Story,5,6,1957,1997,Gable,CompShg,MetalSd,MetalSd,0.0,TA,TA,CBlock,TA,TA,Gd,BLQ,7.15305163493748,Unf,5.337538079701318,GasA,TA,Y,SBrkr,7.3783837129967145,0.0,2,0.6931471805599453,TA,Typ,2,Gd,Attchd,RFn,1,TA,TA,Y,5.666426688112432,0.0,0.0,12,2006,WD,Normal,207500,8.987321812850125,2.0,5.556828061699537,49,9,1
517,4.394449154672439,RL,4.394449154672439,9.254261559034111,Pave,IR1,Lvl,AllPub,Corner,Gtl,NWAmes,Norm,Norm,1Fam,SLvl,6,6,1972,1972,Gable,CompShg,HdBoard,HdBoard,5.811140992976701,TA,TA,CBlock,TA,TA,No,Unf,0.0,Unf,6.536691597591305,GasA,TA,Y,SBrkr,7.229113877793302,6.60934924316738,3,0.6931471805599453,TA,Typ,1,TA,Attchd,RFn,2,TA,TA,Y,0.0,0.0,0.0,8,2009,COD,Abnorml,158000,9.45053767785622,2.5,4.653960350157523,37,37,0
194,5.081404364984463,RM,3.2188758248682006,7.833203948641057,Pave,Reg,Lvl,AllPub,Inside,Gtl,Edwards,Norm,Norm,Twnhs,2Story,7,5,2004,2004,Gable,CompShg,VinylSd,VinylSd,3.9318256327243257,Gd,TA,PConc,Gd,TA,No,Unf,0.0,Unf,6.878326468291325,GasA,Ex,Y,SBrkr,6.878326468291325,6.606650186198215,3,0.6931471805599453,Gd,Maj1,0,NA,Detchd,Unf,2,TA,TA,Y,0.0,0.0,0.0,5,2006,WD,Normal,130000,9.389657419749838,2.0,3.713572066704308,2,2,0
1251,3.044522437723423,RL,4.543294782270004,9.320180837655714,Pave,Reg,Lvl,AllPub,Corner,Gtl,NAmes,Norm,Norm,1Fam,1Story,7,5,1968,1968,Hip,CompShg,BrkFace,BrkFace,0.0,Gd,TA,CBlock,TA,TA,No,ALQ,6.97166860472579,Unf,6.952728644624869,GasA,Ex,Y,SBrkr,7.65491704784832,0.0,3,0.6931471805599453,Ex,Typ,2,TA,Attchd,Fin,2,TA,TA,Y,0.0,0.0,0.0,4,2010,WD,Normal,244000,9.6004210780406,3.5,0.0,42,42,0
1327,3.4339872044851463,RH,4.2626798770413155,8.359603270841466,Pave,Reg,Bnk,AllPub,Inside,Mod,Edwards,Norm,Norm,1Fam,1Story,3,6,1931,2006,Gable,CompShg,MetalSd,MetalSd,0.0,TA,TA,BrkTil,TA,TA,No,Rec,6.300785794663244,Unf,0.0,GasA,Ex,Y,SBrkr,6.652863029353347,0.0,3,0.6931471805599453,Gd,Typ,0,NA,NA,NA,0,NA,NA,Y,0.0,0.0,0.0,5,2007,WD,Normal,79000,7.750614732770409,1.0,5.659482215759621,76,1,1
1326,3.4339872044851463,RM,3.713572066704308,8.19891444498699,Pave,Reg,Lvl,AllPub,Inside,Gtl,IDOTRR,Norm,Norm,1Fam,1Story,4,4,1922,1950,Gable,CompShg,AsbShng,AsbShng,0.0,TA,TA,BrkTil,TA,Fa,No,Unf,0.0,Unf,6.680854678790215,GasA,Fa,N,SBrkr,6.680854678790215,0.0,2,0.6931471805599453,TA,Typ,0,NA,NA,NA,0,NA,NA,N,0.0,0.0,0.0,1,2008,WD,Normal,55000,8.066207568006265,1.0,4.61512051684126,86,58,1
170,3.044522437723423,RL,4.454347296253507,9.72136597574484,Pave,IR1,Lvl,AllPub,Corner,Gtl,Timber,Norm,Norm,1Fam,1Story,8,6,1981,1981,Hip,WdShake,Plywood,Plywood,6.483107351457199,Gd,TA,CBlock,Gd,TA,No,Unf,0.0,Unf,7.430707082545968,GasA,TA,Y,SBrkr,7.443078374348516,0.0,2,0.6931471805599453,TA,Typ,1,TA,Attchd,RFn,2,TA,TA,Y,6.354370040797351,0.0,0.0,1,2006,WD,Normal,228000,9.522007489678424,2.5,4.174387269895637,25,25,0
168,4.110873864173311,RL,4.465908118654584,9.265112607823163,Pave,Reg,Lvl,AllPub,Inside,Gtl,NridgHt,Norm,Norm,1Fam,2Story,8,5,2007,2007,Gable,CompShg,VinylSd,VinylSd,5.707110264748875,Gd,TA,PConc,Ex,TA,No,GLQ,7.161622002939187,Unf,5.68697535633982,GasA,Ex,Y,SBrkr,7.384610383176974,6.313548046277095,3,0.6931471805599453,Ex,Typ,1,Gd,Attchd,Fin,3,TA,TA,Y,5.187385805840755,0.0,0.0,11,2007,New,Partial,325624,9.757825740104776,2.5,4.795790545596741,0,0,0
653,4.110873864173311,RL,4.2626798770413155,9.076923258535832,Pave,Reg,Lvl,AllPub,Inside,Gtl,CollgCr,Norm,Norm,1Fam,2Story,7,5,1996,1996,Gable,CompShg,VinylSd,VinylSd,0.0,Gd,TA,PConc,Gd,TA,No,Unf,0.0,Unf,6.78105762593618,GasA,Ex,Y,SBrkr,6.813444599510896,6.694562058521095,2,0.6931471805599453,Gd,Typ,1,TA,Attchd,RFn,2,TA,TA,Y,0.0,0.0,0.0,7,2009,WD,Normal,191000,9.393744675721376,2.5,4.795790545596741,13,13,0
174,3.044522437723423,RL,4.394449154672439,9.2299469016151,Pave,IR1,Lvl,AllPub,Inside,Gtl,NAmes,Norm,Norm,1Fam,1Story,6,5,1961,1961,Gable,CompShg,WdShing,Wd Shng,6.198478716492308,TA,TA,CBlock,TA,TA,No,ALQ,5.666426688112432,Rec,6.55250788703459,GasA,TA,Y,SBrkr,7.217443431696533,0.0,3,0.6931471805599453,TA,Typ,1,TA,Attchd,Unf,2,TA,TA,Y,0.0,0.0,0.0,6,2008,COD,Normal,163000,9.00859131751613,2.5,3.044522437723423,47,47,0
519,4.110873864173311,RL,4.2626798770413155,9.162409838218633,Pave,IR1,Lvl,AllPub,CulDSac,Gtl,CollgCr,Norm,Norm,1Fam,2Story,6,5,1998,1998,Gable,CompShg,VinylSd,VinylSd,0.0,TA,TA,PConc,Gd,TA,Mn,GLQ,6.561030665896573,Unf,4.48863636973214,GasA,Ex,Y,SBrkr,6.78332520060396,6.818924065275521,3,0.6931471805599453,TA,Typ,0,NA,Attchd,RFn,2,TA,TA,Y,0.0,0.0,0.0,5,2007,WD,Normal,211000,9.285169512596832,3.5,3.6109179126442243,9,9,0
1182,4.795790545596741,RM,4.174387269895637,8.628376720376853,Pave,IR1,HLS,AllPub,Inside,Mod,Crawfor,Norm,Norm,TwnhsE,1Story,8,5,2008,2008,Hip,CompShg,CemntBd,CmentBd,5.231108616854587,Ex,TA,PConc,Ex,TA,Gd,GLQ,7.300472814267799,Unf,4.795790545596741,GasA,Ex,Y,SBrkr,7.410347097821024,0.0,2,0.6931471805599453,Gd,Typ,1,Gd,Attchd,Fin,2,TA,TA,Y,5.093750200806762,0.0,0.0,11,2008,New,Partial,392500,9.489259158757807,3.5,5.332718793265369,0,0,0
1150,4.2626798770413155,RM,3.9318256327243257,9.105090961257085,Pave,Reg,Lvl,AllPub,Inside,Gtl,OldTown,Artery,Norm,1Fam,2Story,7,9,1920,1988,Hip,CompShg,VinylSd,VinylSd,0.0,TA,Gd,PConc,TA,TA,No,ALQ,6.437751649736401,Unf,3.295836866004329,GasA,Ex,Y,SBrkr,6.725033642166843,6.478509642208569,3,0.6931471805599453,TA,Typ,0,NA,Detchd,Unf,2,TA,TA,Y,0.0,0.0,0.0,7,2009,WD,Normal,143000,9.247154345098899,1.5,0.0,89,21,1
913,3.4339872044851463,RM,3.9512437185814275,8.71948076085107,Pave,Reg,Lvl,AllPub,Inside,Gtl,BrkSide,Norm,Norm,1Fam,1Story,5,7,1925,1950,Gable,CompShg,MetalSd,MetalSd,0.0,TA,TA,BrkTil,TA,TA,No,Rec,6.194405391104672,Unf,5.634789603169249,GasA,TA,N,SBrkr,6.923628628138427,0.0,3,0.6931471805599453,TA,Min1,0,NA,Detchd,Unf,1,TA,TA,Y,0.0,0.0,6.431331081933479,7,2006,WD,Abnorml,88000,8.532278828834277,1.0,5.4510384535657,81,56,1
492,3.9318256327243257,RL,4.382026634673881,9.158099260130491,Pave,Reg,Lvl,AllPub,Inside,Gtl,NAmes,Artery,Norm,1Fam,1.5Fin,6,7,1941,1950,Gable,CompShg,Wd Sdng,Wd Sdng,0.0,TA,TA,CBlock,TA,TA,No,BLQ,6.0014148779611505,Rec,5.476463551931511,GasA,TA,Y,FuseA,6.8658910748834385,6.431331081933479,3,0.6931471805599453,Fa,Typ,2,TA,Attchd,Unf,1,TA,TA,Y,0.0,0.0,0.0,8,2006,WD,Normal,133000,9.1557785839835,2.0,3.4965075614664802,65,56,1
74,3.044522437723423,RL,4.454347296253507,9.23024103368252,Pave,Reg,Lvl,AllPub,Inside,Gtl,NAmes,Norm,Norm,1Fam,1Story,5,7,1954,2003,Gable,CompShg,Wd Sdng,Wd Sdng,4.653960350157523,TA,TA,CBlock,TA,TA,No,ALQ,5.771441123130016,BLQ,6.003887067106539,GasA,Gd,Y,SBrkr,6.99117688712121,0.0,3,0.6931471805599453,TA,Typ,0,NA,Attchd,Unf,2,TA,TA,Y,0.0,0.0,0.0,5,2010,WD,Normal,144900,8.599878558034845,2.0,0.0,56,7,1
1220,5.081404364984463,RM,3.091042453358316,7.427144133408616,Pave,Reg,Lvl,AllPub,Inside,Gtl,BrDale,Norm,Norm,Twnhs,2Story,6,5,1971,1971,Gable,CompShg,CemntBd,CmentBd,5.4680601411351315,TA,TA,CBlock,TA,TA,No,Unf,0.0,Unf,6.511745329644728,GasA,TA,Y,SBrkr,6.511745329644728,6.304448802421981,3,0.6931471805599453,TA,Typ,0,NA,NA,NA,0,NA,NA,N,5.308267697401205,0.0,0.0,4,2006,WD,Abnorml,91500,8.896861744480391,1.5,0.0,35,35,0
588,4.454347296253507,RL,4.31748811353631,9.075779878580487,Pave,IR1,Lvl,AllPub,Inside,Gtl,Sawyer,Norm,Norm,1Fam,SFoyer,5,6,1982,1982,Hip,CompShg,HdBoard,HdBoard,0.0,TA,TA,CBlock,TA,TA,Av,ALQ,6.511745329644728,Unf,5.1298987149230735,GasA,TA,Y,SBrkr,6.7580945044277305,0.0,2,0.6931471805599453,TA,Typ,0,NA,Detchd,Unf,2,TA,TA,Y,0.0,0.0,0.0,7,2009,WD,Normal,137000,8.366602832783736,2.0,0.0,27,27,0
751,3.9318256327243257,RM,4.02535169073515,9.082620630373812,Pave,Reg,Lvl,AllPub,Corner,Gtl,OldTown,Norm,Norm,1Fam,1.5Fin,4,7,1910,2004,Gable,CompShg,Wd Sdng,Wd Sdng,0.0,TA,TA,BrkTil,TA,Fa,No,Unf,0.0,Unf,6.3578422665081,GasA,Gd,Y,SBrkr,6.675823221634848,5.855071922202427,3,0.6931471805599453,TA,Min2,0,NA,NA,NA,0,NA,NA,N,0.0,0.0,0.0,6,2010,WD,Normal,96500,8.4252971767117,1.0,5.081404364984463,100,6,1
658,4.2626798770413155,RL,4.110873864173311,8.881975184248867,Pave,Reg,HLS,AllPub,Inside,Mod,Crawfor,Norm,Norm,1Fam,2Story,7,6,1931,2000,Gable,CompShg,Stucco,Wd Shng,0.0,TA,Fa,BrkTil,Gd,TA,No,Unf,0.0,Unf,6.655440350367647,GasA,TA,Y,SBrkr,6.747586526829315,6.480044561926653,3,0.6931471805599453,TA,Typ,1,Gd,Attchd,RFn,1,TA,TA,P,0.0,0.0,0.0,2,2008,WD,Normal,149000,9.2605580881368,1.5,4.727387818712341,77,8,1
843,4.394449154672439,RL,4.418840607796598,9.107310471656639,Pave,Reg,Lvl,AllPub,Inside,Gtl,NAmes,Norm,Norm,1Fam,SLvl,6,7,1966,1966,Gable,CompShg,HdBoard,HdBoard,5.214935757608986,TA,TA,CBlock,TA,TA,Gd,Rec,5.746203190540153,ALQ,5.6240175061873385,GasA,TA,Y,SBrkr,7.061334366910438,0.0,3,0.6931471805599453,TA,Typ,0,NA,Attchd,RFn,2,Gd,Gd,Y,0.0,0.0,0.0,5,2008,WD,Normal,174900,8.852378886511985,2.5,4.867534450455582,42,42,0
235,4.110873864173311,RL,4.189654742026425,8.968523555396352,Pave,Reg,Lvl,AllPub,Inside,Gtl,Gilbert,Norm,Norm,1Fam,2Story,6,5,2002,2002,Gable,CompShg,VinylSd,VinylSd,0.0,Gd,TA,PConc,Gd,TA,No,GLQ,6.439350371100098,Unf,5.4638318050256105,GasA,Ex,Y,SBrkr,6.7580945044277305,7.00397413672268,4,0.6931471805599453,Gd,Typ,2,TA,BuiltIn,Fin,2,TA,TA,Y,5.666426688112432,0.0,0.0,5,2010,WD,Normal,216500,9.372544251851037,3.5,3.8918202981106265,8,8,0
733,4.110873864173311,RL,4.330733340286331,9.341807134718488,Pave,IR1,Lvl,AllPub,Inside,Gtl,CollgCr,Norm,Norm,1Fam,2Story,7,5,1998,1999,Gable,CompShg,VinylSd,VinylSd,5.313205979041787,Gd,TA,PConc,Gd,TA,Av,ALQ,5.53338948872752,Unf,6.804614520062624,GasA,Ex,Y,SBrkr,7.050989447068045,6.778784897685177,3,0.6931471805599453,Gd,Typ,1,TA,Attchd,Fin,2,TA,TA,Y,5.262690188904886,0.0,0.0,7,2008,WD,Normal,222500,9.562264046489428,2.5,4.442651256490317,10,9,1
215,4.110873864173311,RL,4.2626798770413155,9.296609807128359,Pave,IR1,Lvl,AllPub,FR2,Gtl,CollgCr,Norm,Norm,1Fam,2Story,6,7,1977,1977,Gable,CompShg,HdBoard,HdBoard,5.0369526024136295,TA,TA,CBlock,Gd,TA,No,GLQ,5.937536205082426,Unf,5.7430031878094825,GasA,Ex,Y,SBrkr,6.536691597591305,6.556778356158042,3,0.6931471805599453,TA,Typ,0,NA,Attchd,Fin,1,TA,TA,Y,0.0,0.0,6.111467339502679,3,2010,WD,Normal,161750,9.030376034755907,1.5,3.6109179126442243,33,33,0
163,3.044522437723423,RL,4.564348191467836,9.407796816354407,Pave,Reg,Lvl,AllPub,Corner,Gtl,NridgHt,Norm,Norm,1Fam,1Story,7,5,2005,2005,Gable,CompShg,VinylSd,VinylSd,5.424950017481403,Gd,TA,PConc,Gd,TA,Mn,BLQ,7.091742115095153,Unf,5.831882477283517,GasA,Ex,Y,SBrkr,7.340835554123275,0.0,3,0.6931471805599453,Gd,Typ,1,Gd,Attchd,RFn,2,TA,TA,Y,0.0,0.0,0.0,5,2010,New,Partial,220000,9.28618968425962,2.0,4.2626798770413155,5,5,0
133,3.044522437723423,RL,4.330733340286331,8.907747686788648,Pave,Reg,Lvl,AllPub,Corner,Gtl,NAmes,Norm,Norm,1Fam,1Story,5,6,1959,2002,Gable,CompShg,MetalSd,MetalSd,0.0,TA,TA,CBlock,TA,TA,No,Rec,6.0063531596017325,Unf,6.490723534502507,GasA,Gd,Y,SBrkr,7.191429330036379,0.0,3,0.6931471805599453,Gd,Typ,0,NA,Detchd,Unf,2,TA,TA,Y,0.0,0.0,0.0,7,2007,WD,Normal,150750,8.800264651310336,2.0,0.0,48,5,1
1099,3.9318256327243257,RM,3.9318256327243257,8.699681400989514,Pave,Reg,Lvl,AllPub,Inside,Gtl,BrkSide,Norm,Norm,1Fam,1.5Fin,4,6,1936,1950,Gable,CompShg,MetalSd,MetalSd,0.0,TA,TA,BrkTil,TA,TA,No,BLQ,6.511745329644728,Unf,0.0,GasA,TA,Y,SBrkr,6.630683385642372,6.342121418721152,3,0.6931471805599453,TA,Typ,0,NA,Detchd,Unf,1,TA,TA,Y,0.0,0.0,0.0,7,2009,WD,Normal,128000,8.574895901544526,1.0,0.0,73,59,1
223,4.110873864173311,RL,4.454347296253507,9.348013177101256,Pave,Reg,Lvl,AllPub,Inside,Gtl,NWAmes,RRAn,Norm,1Fam,2Story,6,6,1975,1975,Gable,CompShg,VinylSd,VinylSd,0.0,TA,TA,CBlock,Gd,TA,No,ALQ,6.311734809152915,Unf,5.099866427824199,GasA,TA,Y,SBrkr,6.699500340161678,6.60934924316738,3,0.6931471805599453,TA,Typ,1,TA,Attchd,RFn,2,TA,TA,Y,5.3471075307174685,0.0,0.0,2,2006,WD,Normal,179900,9.139166552521658,3.5,5.342334251964811,31,31,0
1313,4.110873864173311,RL,4.516338972281476,9.166701914946353,Pave,IR1,Lvl,AllPub,Inside,Gtl,NoRidge,Norm,Norm,1Fam,2Story,8,5,1990,1990,Gable,CompShg,Wd Sdng,Wd Sdng,5.820082930352362,Gd,TA,PConc,Ex,TA,No,GLQ,6.180016653652572,Unf,6.879355804460439,GasA,Ex,Y,SBrkr,7.282073658093465,7.213768308118642,4,0.6931471805599453,Gd,Typ,1,Ex,Attchd,RFn,2,Gd,Gd,Y,6.2166061010848646,0.0,0.0,6,2007,WD,Normal,302000,10.02042578700401,2.5,0.0,17,17,0
186,4.330733340286331,RM,4.51085950651685,10.041116787524166,Pave,IR2,Lvl,AllPub,Inside,Gtl,OldTown,Artery,Norm,1Fam,2.5Fin,10,9,1892,1993,Gable,WdShngl,Wd Sdng,Wd Sdng,0.0,Gd,Gd,BrkTil,TA,TA,Mn,Unf,0.0,Unf,7.010311867307229,GasA,Ex,Y,SBrkr,7.325807502595773,7.325807502595773,4,0.6931471805599453,Ex,Typ,2,TA,Detchd,Unf,3,Ex,TA,Y,0.0,0.0,0.0,6,2006,WD,Normal,475000,10.493521689978726,2.5,6.508769136971682,114,13,1
42,3.044522437723423,RL,4.7535901911063645,9.735423867488873,Pave,Reg,Lvl,AllPub,Inside,Gtl,Timber,Norm,Norm,1Fam,1Story,5,6,1959,1959,Gable,CompShg,VinylSd,VinylSd,0.0,TA,Gd,CBlock,TA,TA,Gd,BLQ,6.875232087276577,Unf,5.950642552587727,GasA,Gd,Y,SBrkr,7.192182058713246,0.0,2,0.6931471805599453,TA,Typ,2,Gd,Attchd,RFn,1,TA,TA,P,0.0,0.0,0.0,7,2007,WD,Normal,170000,8.801017833540714,2.0,4.653960350157523,48,48,0
693,4.110873864173311,RL,3.7612001156935624,10.172712841637342,Pave,IR1,Lvl,AllPub,Inside,Mod,Timber,Norm,Norm,1Fam,2Story,7,5,1989,1990,Hip,CompShg,MetalSd,MetalSd,5.683579767338681,Gd,TA,PConc,Gd,TA,Gd,GLQ,6.873163834212518,Unf,5.5053315359323625,GasA,Ex,Y,SBrkr,7.122059881629142,7.156176637480615,4,0.6931471805599453,Gd,Typ,2,Gd,Attchd,RFn,2,TA,TA,Y,5.771441123130016,0.0,0.0,4,2006,WD,Normal,335000,9.777584135646972,3.5,3.332204510175204,17,16,1
109,3.9318256327243257,RM,4.454347296253507,9.04793908261736,Pave,Reg,Lvl,AllPub,Corner,Gtl,IDOTRR,Artery,Norm,1Fam,1.5Fin,5,7,1919,2005,Gable,CompShg,CemntBd,CmentBd,0.0,TA,TA,CBlock,TA,TA,No,Unf,0.0,Unf,6.677083461247136,GasW,TA,N,FuseF,6.905753276311464,6.255750041753367,3,0.6931471805599453,Fa,Typ,0,NA,NA,NA,0,NA,NA,N,0.0,0.0,0.0,8,2007,WD,Normal,115000,8.934059722248843,2.0,4.976733742420574,88,2,1
39,3.044522437723423,RL,4.23410650459726,8.977525200965243,Pave,Reg,Lvl,AllPub,Inside,Gtl,NAmes,Norm,Norm,1Fam,1Story,5,7,1953,2007,Gable,CompShg,VinylSd,VinylSd,0.0,TA,Gd,CBlock,TA,TA,No,GLQ,6.595780513961311,Unf,5.7899601708972535,GasA,TA,Y,SBrkr,6.964135612418245,0.0,3,0.6931471805599453,Gd,Typ,0,NA,Detchd,Unf,1,TA,TA,Y,0.0,0.0,0.0,1,2010,WD,Abnorml,109000,8.572817095164234,2.0,3.970291913552122,57,3,1
569,3.9318256327243257,RL,4.382026634673881,9.419628376999952,Pave,IR1,Low,AllPub,Inside,Mod,SawyerW,Norm,Norm,1Fam,1.5Fin,8,8,1983,2009,Gable,CompShg,Wd Sdng,Wd Sdng,0.0,Gd,TA,CBlock,Gd,TA,Gd,GLQ,7.273786317844895,Unf,4.02535169073515,GasA,Ex,Y,SBrkr,7.311218384419629,6.456769655572163,1,0.6931471805599453,Gd,Min2,1,Gd,BuiltIn,Fin,2,Gd,TA,Y,5.857933154483459,0.0,0.0,9,2009,WD,Normal,316600,9.744315955640873,2.5,3.713572066704308,26,0,1
948,3.044522437723423,RL,4.454347296253507,9.584452402426324,Pave,Reg,Lvl,AllPub,Inside,Gtl,Timber,Norm,Norm,1Fam,1Story,8,5,2002,2003,Hip,CompShg,VinylSd,VinylSd,5.4680601411351315,Gd,TA,PConc,Gd,TA,Av,GLQ,7.170888478512505,Unf,5.75890177387728,GasA,Ex,Y,SBrkr,7.396335293800808,0.0,3,0.6931471805599453,Gd,Typ,1,Gd,Attchd,Fin,3,TA,TA,Y,0.0,0.0,0.0,11,2007,WD,Normal,270000,9.47523988153072,3.0,5.53338948872752,5,4,1
1234,3.044522437723423,RL,4.324132656254979,9.405989388981,Pave,IR1,Lvl,AllPub,Inside,Gtl,NAmes,Norm,Norm,1Fam,1Story,5,5,1959,1959,Hip,CompShg,Plywood,Plywood,5.198497031265826,TA,TA,CBlock,TA,TA,No,Rec,6.90875477931522,Unf,5.241747015059643,GasA,Fa,Y,SBrkr,7.080867896690782,0.0,3,0.6931471805599453,TA,Typ,0,NA,Attchd,RFn,2,TA,TA,Y,0.0,0.0,0.0,5,2010,COD,Abnorml,142000,8.689632748355741,2.0,0.0,51,51,0
1404,3.044522437723423,RL,3.912023005428146,9.632793693113202,Pave,IR1,Lvl,AllPub,CulDSac,Gtl,Somerst,RRAn,Norm,1Fam,1Story,8,5,2007,2007,Gable,CompShg,VinylSd,VinylSd,4.442651256490317,Gd,TA,PConc,Gd,TA,Gd,GLQ,6.835184586147301,Unf,6.322565239927284,GasA,Ex,Y,SBrkr,7.289610521451167,0.0,3,0.6931471805599453,Gd,Typ,0,NA,Attchd,Unf,3,TA,TA,Y,5.1298987149230735,0.0,0.0,8,2007,WD,Normal,282922,9.368454615069874,3.0,5.081404364984463,0,0,0
484,4.795790545596741,RM,3.4965075614664802,8.412054873292933,Pave,Reg,Lvl,AllPub,FR2,Gtl,Mitchel,Norm,Norm,Twnhs,1Story,6,5,1998,1998,Hip,CompShg,VinylSd,VinylSd,4.762173934797756,TA,TA,PConc,Ex,TA,No,GLQ,6.8001700683022,Unf,5.768320995793772,GasA,Ex,Y,SBrkr,7.104144092987527,0.0,2,0.6931471805599453,TA,Typ,0,NA,Attchd,Unf,2,TA,TA,Y,0.0,0.0,0.0,5,2006,WD,Normal,164000,8.89521858376562,3.0,4.836281906951478,8,8,0
469,3.044522437723423,RL,4.59511985013459,9.343909263897597,Pave,IR1,Lvl,AllPub,Inside,Gtl,NridgHt,Norm,Norm,1Fam,1Story,8,5,2006,2006,Gable,CompShg,VinylSd,VinylSd,5.517452896464707,Gd,TA,PConc,Gd,TA,No,Unf,0.0,Unf,7.394493107219038,GasA,Ex,Y,SBrkr,7.399398083331354,0.0,3,0.6931471805599453,Gd,Typ,1,Gd,Attchd,RFn,3,TA,TA,Y,0.0,0.0,0.0,5,2007,WD,Normal,250000,9.47830431356186,2.0,3.8066624897703196,1,1,0
891,3.9318256327243257,RL,4.110873864173311,8.99528899055931,Pave,Reg,Lvl,AllPub,Corner,Gtl,NAmes,Artery,Norm,1Fam,1.5Fin,5,7,1949,2006,Gable,CompShg,MetalSd,MetalSd,0.0,TA,Gd,CBlock,TA,TA,Mn,Unf,0.0,Unf,6.511745329644728,GasA,Ex,Y,SBrkr,6.511745329644728,5.53338948872752,3,0.6931471805599453,TA,Typ,1,Po,Detchd,Unf,2,TA,TA,Y,0.0,0.0,7.601402334583733,7,2007,WD,Normal,122900,8.438366410870266,1.0,0.0,58,1,1
25,3.044522437723423,RL,4.269697449699962,9.017604776833355,Pave,IR1,Lvl,AllPub,Inside,Gtl,Sawyer,Norm,Norm,1Fam,1Story,5,8,1968,2001,Gable,CompShg,Plywood,Plywood,0.0,TA,Gd,CBlock,TA,TA,Mn,Rec,5.241747015059643,ALQ,5.3230099791384085,GasA,Ex,Y,SBrkr,6.966967138613983,0.0,3,0.6931471805599453,Gd,Typ,1,TA,Attchd,Unf,1,TA,TA,Y,6.008813185442595,0.0,0.0,5,2010,WD,Normal,154000,8.575650760987806,2.0,4.51085950651685,42,9,1
963,5.081404364984463,RL,3.2188758248682006,7.744569809354496,Pave,Reg,Lvl,AllPub,Corner,Gtl,NPkVill,Norm,Norm,TwnhsE,2Story,6,6,1976,1976,Gable,CompShg,Plywood,Brk Cmn,0.0,TA,TA,CBlock,Gd,TA,No,ALQ,6.322565239927284,Unf,5.517452896464707,GasA,TA,Y,SBrkr,6.690842277418564,6.61338421837956,3,0.6931471805599453,Gd,Typ,1,TA,Detchd,Unf,2,TA,TA,Y,3.8918202981106265,0.0,0.0,7,2007,WD,Normal,155000,9.136586183387521,3.5,0.0,31,31,0
1101,3.4339872044851463,RL,4.110873864173311,9.036106025364846,Pave,Reg,Bnk,AllPub,Inside,Gtl,SWISU,Norm,Norm,1Fam,1Story,2,5,1920,1950,Gable,CompShg,Wd Sdng,Wd Sdng,0.0,TA,TA,CBlock,TA,Fa,No,Rec,5.673323267171493,Unf,0.0,GasA,TA,N,FuseF,6.0844994130751715,0.0,1,0.6931471805599453,Fa,Typ,0,NA,Detchd,Unf,1,TA,TA,N,0.0,0.0,0.0,1,2009,WD,Normal,60000,6.776506992372183,1.0,0.0,89,59,1
69,3.4339872044851463,RM,3.871201010907891,8.435766192720509,Pave,Reg,Lvl,AllPub,Corner,Gtl,OldTown,Artery,Norm,1Fam,1Story,4,6,1945,1950,Gable,CompShg,MetalSd,MetalSd,0.0,TA,Gd,CBlock,TA,TA,No,Unf,0.0,Unf,6.617402977974478,GasA,TA,Y,SBrkr,6.617402977974478,0.0,2,0.6931471805599453,TA,Typ,0,NA,Attchd,Unf,1,TA,TA,Y,0.0,0.0,0.0,6,2010,WD,Normal,80000,8.002694162283937,1.0,0.0,65,60,1
885,3.044522437723423,RL,4.189654742026425,8.875007486048396,Pave,Reg,Lvl,AllPub,Inside,Gtl,NAmes,Norm,Norm,1Fam,1Story,5,5,1967,1967,Gable,CompShg,HdBoard,HdBoard,4.110873864173311,TA,TA,CBlock,TA,TA,No,BLQ,6.07073772800249,Unf,6.133398042996649,GasA,TA,Y,SBrkr,6.794586580876499,0.0,3,0.6931471805599453,TA,Typ,0,NA,Attchd,RFn,1,TA,TA,Y,0.0,0.0,0.0,7,2009,WD,Normal,100000,8.403128235128264,1.0,0.0,42,42,0
1232,4.51085950651685,RL,4.2626798770413155,8.952734767106872,Pave,Reg,Lvl,AllPub,Inside,Gtl,NAmes,Norm,Norm,Duplex,SLvl,5,6,1962,1962,Hip,CompShg,Wd Sdng,Wd Sdng,4.795790545596741,TA,TA,CBlock,TA,TA,Av,ALQ,6.6895992691789665,Unf,5.717027701406222,GasA,TA,Y,SBrkr,7.0825485693553,0.0,3,0.6931471805599453,TA,Typ,0,NA,Attchd,Unf,2,TA,TA,Y,0.0,0.0,0.0,5,2006,WD,Normal,132500,8.691314551644853,2.0,2.9444389791664403,44,44,0
367,3.044522437723423,RL,4.324132656254979,9.15915233520675,Pave,IR1,Lvl,AllPub,Inside,Gtl,NAmes,Norm,Norm,1Fam,1Story,6,5,1963,1963,Gable,CompShg,Plywood,Plywood,5.5134287461649825,TA,TA,CBlock,Gd,TA,No,BLQ,6.413458957167357,Unf,6.666956792429207,GasA,Gd,Y,SBrkr,7.240649694255466,0.0,3,0.6931471805599453,TA,Typ,2,Gd,Attchd,RFn,2,TA,TA,Y,0.0,0.0,0.0,7,2009,WD,Normal,159000,9.031811613420924,2.5,5.568344503761097,46,46,0
506,4.51085950651685,RM,4.110873864173311,8.935508711503221,Pave,Reg,Lvl,AllPub,Inside,Gtl,OldTown,Artery,Norm,Duplex,2Story,5,5,1952,1952,Hip,CompShg,Wd Sdng,Wd Sdng,5.8888779583328805,TA,TA,CBlock,TA,TA,No,Unf,0.0,Unf,6.8679744089702925,GasA,Gd,Y,SBrkr,6.8679744089702925,6.90875477931522,4,1.0986122886681098,TA,Typ,0,NA,Detchd,Unf,2,TA,TA,N,0.0,0.0,0.0,7,2009,COD,Normal,124500,9.19023970026918,2.0,0.0,57,57,0
851,4.795790545596741,RM,3.6109179126442243,8.397508348470257,Pave,Reg,Lvl,AllPub,Inside,Gtl,CollgCr,Norm,Norm,TwnhsE,1Story,6,5,2003,2003,Gable,CompShg,VinylSd,VinylSd,5.14166355650266,Gd,TA,PConc,Gd,TA,Av,GLQ,6.492239835020471,Unf,5.247024072160486,GasA,Ex,Y,SBrkr,6.744059186311348,0.0,1,0.6931471805599453,Gd,Typ,0,NA,Attchd,Fin,2,TA,TA,Y,4.948759890378168,0.0,0.0,11,2007,WD,Normal,131500,8.534836626588833,2.0,0.0,4,4,0
1282,3.044522437723423,RL,3.9318256327243257,8.99342737041261,Pave,IR1,Lvl,AllPub,CulDSac,Gtl,Timber,Norm,Norm,1Fam,1Story,7,5,1990,1990,Hip,CompShg,HdBoard,HdBoard,4.007333185232471,TA,TA,CBlock,Gd,TA,No,ALQ,6.960347729101308,Unf,5.54907608489522,GasA,TA,Y,SBrkr,7.200424892944957,0.0,2,0.6931471805599453,TA,Typ,1,TA,Attchd,Fin,2,Gd,Gd,Y,0.0,0.0,0.0,7,2006,WD,Normal,180000,9.14569517848265,3.0,5.003946305945459,16,16,0
384,3.828641396489095,RH,4.110873864173311,9.105090961257085,Pave,Reg,Lvl,AllPub,Corner,Gtl,SawyerW,Norm,Norm,1Fam,1.5Unf,6,3,1928,1950,Gable,CompShg,Wd Sdng,Wd Sdng,0.0,TA,TA,BrkTil,Fa,Fa,No,Unf,0.0,Unf,6.665683717782408,GasA,TA,N,FuseA,6.665683717782408,0.0,2,0.6931471805599453,TA,Typ,0,NA,Detchd,Unf,2,Fa,Fa,N,0.0,0.0,0.0,10,2009,WD,Normal,76000,8.45638105201948,1.0,4.5217885770490405,81,59,1
735,3.044522437723423,RL,4.269697449699962,9.102643796520809,Pave,IR1,Lvl,AllPub,Corner,Gtl,Sawyer,Norm,Norm,1Fam,1Story,5,5,1968,1968,Gable,CompShg,Plywood,Plywood,0.0,TA,TA,PConc,TA,TA,No,Unf,0.0,Unf,6.855408798609928,GasA,TA,Y,SBrkr,6.855408798609928,0.0,3,0.6931471805599453,TA,Typ,0,NA,Attchd,Unf,1,TA,TA,Y,4.997212273764115,0.0,0.0,5,2007,WD,Family,108000,8.464003362902119,1.0,0.0,39,39,0
718,3.044522437723423,RL,4.394449154672439,9.210440366976517,Pave,Reg,Lvl,AllPub,Inside,Gtl,NWAmes,Norm,Norm,1Fam,1Story,5,6,1973,2000,Gable,CompShg,HdBoard,HdBoard,0.0,TA,TA,CBlock,Gd,TA,No,BLQ,6.98933526597456,Unf,4.532599493153256,GasA,Gd,Y,SBrkr,7.072421900537371,0.0,3,0.6931471805599453,Gd,Typ,1,Fa,Attchd,Unf,2,TA,TA,Y,5.41610040220442,0.0,0.0,11,2008,WD,Normal,157000,8.681181041521688,2.0,0.0,35,8,1
1301,4.110873864173311,RL,4.189654742026425,9.283869605264298,Pave,IR1,Lvl,AllPub,CulDSac,Gtl,Gilbert,Norm,Norm,1Fam,2Story,7,5,1999,1999,Gable,CompShg,VinylSd,VinylSd,5.84354441703136,Gd,TA,PConc,Gd,TA,No,GLQ,6.543911845564792,Unf,5.652489180268651,GasA,Ex,Y,SBrkr,6.913737350659685,6.88653164253051,3,0.6931471805599453,Gd,Typ,1,TA,Attchd,Fin,2,TA,TA,Y,0.0,0.0,0.0,5,2009,WD,Normal,225000,9.53834831589953,2.5,0.0,10,10,0
455,4.51085950651685,RL,4.1588830833596715,9.13755460225053,Pave,Reg,Lvl,AllPub,Inside,Gtl,Mitchel,Norm,Norm,Duplex,1Story,5,5,1976,1976,Gable,CompShg,Plywood,Plywood,0.0,TA,TA,CBlock,TA,TA,No,ALQ,7.382124365737512,Unf,4.812184355372417,GasA,TA,Y,SBrkr,7.455298485683291,0.0,4,1.0986122886681098,TA,Typ,0,NA,Detchd,Unf,2,TA,TA,Y,0.0,0.0,0.0,7,2006,WD,Family,188000,9.0642735958414,4.0,0.0,30,30,0
265,3.4339872044851463,RM,3.4339872044851463,8.562740006372207,Pave,IR3,Bnk,AllPub,Inside,Gtl,OldTown,Artery,Norm,1Fam,1Story,5,5,1925,2004,Gable,CompShg,Wd Sdng,Wd Sdng,0.0,TA,TA,BrkTil,Fa,TA,No,Unf,0.0,Unf,6.523562306149512,GasA,Gd,N,FuseP,6.639875833826536,0.0,2,0.6931471805599453,TA,Typ,0,NA,Detchd,Unf,2,TA,TA,N,0.0,0.0,0.0,6,2008,WD,Normal,73000,8.2482674474469,1.0,0.0,83,4,1
76,5.198497031265826,RM,3.091042453358316,7.3758821482150125,Pave,Reg,Lvl,AllPub,Inside,Gtl,MeadowV,Norm,Norm,Twnhs,SLvl,4,5,1973,1973,Gable,CompShg,CemntBd,CmentBd,0.0,TA,TA,CBlock,Gd,TA,Gd,GLQ,6.137727054086234,Unf,0.0,GasA,TA,Y,SBrkr,6.267200548541362,6.137727054086234,2,0.6931471805599453,TA,Typ,0,NA,BuiltIn,Unf,1,TA,TA,Y,4.795790545596741,0.0,0.0,11,2009,WD,Normal,91000,8.282230063296685,2.0,4.624972813284271,36,36,0
915,5.081404364984463,FV,3.4339872044851463,8.006700845440367,Pave,Reg,Lvl,AllPub,Inside,Gtl,Somerst,Norm,Norm,TwnhsE,2Story,6,5,2009,2009,Gable,CompShg,VinylSd,VinylSd,4.343805421853684,Gd,TA,PConc,Gd,TA,Av,GLQ,5.68697535633982,Unf,5.765191102784844,GasA,Ex,Y,SBrkr,6.418364935936212,6.418364935936212,2,0.6931471805599453,Gd,Typ,0,NA,Detchd,RFn,2,TA,TA,Y,0.0,0.0,0.0,6,2009,New,Partial,173733,8.901775088607979,2.5,5.459585514144159,0,0,0
233,5.081404364984463,RM,3.091042453358316,7.427144133408616,Pave,Reg,Lvl,AllPub,Inside,Gtl,BrDale,Norm,Norm,Twnhs,2Story,6,5,1972,1972,Gable,CompShg,HdBoard,HdBoard,5.697093486505405,TA,TA,CBlock,TA,TA,No,Unf,0.0,Unf,6.182084906716632,GasA,TA,Y,SBrkr,6.182084906716632,6.22455842927536,2,0.6931471805599453,TA,Typ,1,Po,Attchd,Unf,1,TA,TA,Y,0.0,0.0,0.0,6,2006,WD,Normal,94500,8.686598356276965,1.5,0.0,34,34,0
445,4.110873864173311,RL,4.2626798770413155,9.076923258535832,Pave,Reg,Lvl,AllPub,Inside,Gtl,CollgCr,Norm,Norm,1Fam,2Story,7,5,1994,1995,Gable,CompShg,VinylSd,VinylSd,0.0,Gd,Gd,PConc,Gd,TA,No,GLQ,6.466144724237619,Unf,5.6131281063880705,GasA,Ex,Y,SBrkr,6.839476438228843,6.883462586413092,4,0.6931471805599453,Gd,Typ,1,TA,Attchd,Unf,2,TA,TA,Y,4.976733742420574,0.0,0.0,7,2008,WD,Normal,210000,9.499795870977106,3.5,4.897839799950911,14,13,1
396,3.044522437723423,RL,4.23410650459726,9.166597449028265,Pave,Reg,Lvl,AllPub,Inside,Gtl,Edwards,Norm,Norm,1Fam,1Story,5,6,1956,1956,Gable,CompShg,Wd Sdng,Wd Sdng,0.0,TA,TA,CBlock,TA,TA,Av,BLQ,6.606650186198215,Unf,6.0063531596017325,GasA,TA,Y,SBrkr,7.0431599159883405,0.0,3,0.6931471805599453,TA,Typ,0,NA,Attchd,Unf,1,TA,TA,Y,3.8066624897703196,0.0,0.0,6,2010,WD,Normal,129000,8.651898894268529,2.0,0.0,54,54,0
612,4.394449154672439,RL,4.394449154672439,9.249176395761381,Pave,IR1,Lvl,AllPub,FR2,Gtl,NWAmes,Norm,Norm,1Fam,SLvl,6,6,1978,1978,Gable,CompShg,HdBoard,HdBoard,5.455321115357702,TA,TA,CBlock,Gd,TA,Av,ALQ,6.406879986069314,Unf,6.059123195581797,GasA,TA,Y,SBrkr,6.940222469119639,0.0,3,0.6931471805599453,TA,Typ,1,TA,Attchd,Unf,2,TA,TA,Y,0.0,0.0,6.2166061010848646,7,2007,WD,Normal,148000,8.731174900938061,2.5,0.0,29,29,0
177,4.110873864173311,RL,4.584967478670572,9.21333588095598,Pave,IR1,Lvl,AllPub,Corner,Gtl,ClearCr,Norm,Norm,1Fam,2Story,6,5,1988,1989,Gable,CompShg,Plywood,Plywood,5.594711379601839,Gd,TA,PConc,Gd,TA,No,GLQ,6.723832440821209,Unf,5.771441123130016,GasA,TA,Y,SBrkr,7.060476365999801,6.799055862058796,4,0.6931471805599453,TA,Typ,1,TA,Attchd,Unf,2,TA,TA,Y,0.0,0.0,0.0,9,2007,WD,Normal,211000,9.422301633887823,3.0,6.042632833682381,19,18,1
19,3.044522437723423,RL,4.204692619390966,9.524859098381523,Pave,Reg,Lvl,AllPub,Inside,Gtl,SawyerW,RRAe,Norm,1Fam,1Story,5,5,2004,2004,Gable,CompShg,VinylSd,VinylSd,0.0,TA,TA,PConc,TA,TA,No,GLQ,6.472346294500901,Unf,6.150602768446279,GasA,Ex,Y,SBrkr,7.016609683894219,0.0,3,0.6931471805599453,Gd,Typ,0,NA,Detchd,Unf,2,TA,TA,Y,0.0,0.0,0.0,6,2008,WD,Normal,159000,8.625329850020815,2.5,4.634728988229636,4,4,0
1278,4.394449154672439,RL,4.394449154672439,9.790990521308983,Pave,IR1,Lvl,AllPub,CulDSac,Gtl,NWAmes,Norm,Norm,1Fam,SLvl,6,5,1967,1976,Gable,CompShg,HdBoard,HdBoard,5.886104031450156,TA,TA,CBlock,Gd,TA,Av,ALQ,6.270988431858299,Unf,7.050122520269059,GasA,Fa,Y,SBrkr,7.45298232946546,0.0,3,0.6931471805599453,TA,Typ,1,Gd,Attchd,RFn,2,TA,TA,Y,0.0,0.0,0.0,6,2009,WD,Normal,197900,9.244258590179644,2.5,0.0,42,33,1
1030,5.081404364984463,RM,3.091042453358316,7.427144133408616,Pave,Reg,Lvl,AllPub,Inside,Gtl,BrDale,Norm,Norm,Twnhs,2Story,6,7,1972,1972,Gable,CompShg,HdBoard,HdBoard,5.641907070938114,TA,TA,CBlock,TA,TA,No,BLQ,5.762051382780177,Unf,5.87493073085203,GasA,Gd,Y,SBrkr,6.511745329644728,6.304448802421981,3,0.6931471805599453,TA,Typ,0,NA,Detchd,Unf,1,TA,TA,Y,0.0,0.0,0.0,5,2006,WD,Normal,118000,8.896861744480391,2.0,3.367295829986474,34,34,0
342,3.044522437723423,RH,4.110873864173311,9.036106025364846,Pave,Reg,Lvl,AllPub,Inside,Gtl,SawyerW,Feedr,Norm,1Fam,1Story,4,4,1950,1950,Gable,CompShg,Wd Sdng,AsbShng,0.0,Fa,Fa,CBlock,TA,Fa,No,Unf,0.0,Unf,6.582025138892826,GasA,Gd,Y,SBrkr,6.7357800142423265,0.0,2,0.6931471805599453,TA,Typ,0,NA,CarPort,Unf,1,TA,TA,N,5.5254529391317835,0.0,0.0,9,2009,WD,Normal,82000,8.121183242078828,1.0,3.2188758248682006,59,59,0
1098,4.795790545596741,RL,3.9982007016691985,8.215276958936633,Pave,Reg,Lvl,AllPub,Inside,Gtl,StoneBr,Norm,Norm,TwnhsE,1Story,8,5,1986,1986,Gable,CompShg,HdBoard,HdBoard,0.0,Gd,TA,CBlock,Gd,TA,No,Unf,0.0,Unf,6.980075940561763,GasA,Ex,Y,SBrkr,6.9930151229329605,0.0,2,0.6931471805599453,Gd,Typ,0,NA,Attchd,RFn,2,TA,TA,Y,0.0,0.0,0.0,10,2007,WD,Normal,170000,9.07165285220229,1.5,5.356586274672012,21,21,0
880,3.044522437723423,RL,4.2626798770413155,8.853808274977197,Pave,IR1,Lvl,AllPub,CulDSac,Gtl,CollgCr,Norm,Norm,1Fam,1Story,5,8,1978,2005,Gable,CompShg,VinylSd,VinylSd,4.51085950651685,Gd,Gd,CBlock,TA,TA,No,ALQ,6.472346294500901,Unf,5.389071729816501,GasA,Ex,Y,SBrkr,6.762729506931879,0.0,3,0.6931471805599453,TA,Typ,0,NA,Attchd,Unf,1,TA,TA,Y,0.0,0.0,0.0,7,2009,WD,Normal,136500,8.371242135931933,2.0,0.0,31,4,1
596,3.044522437723423,RL,4.248495242049359,9.33282345619073,Pave,IR1,Lvl,AllPub,Inside,Gtl,StoneBr,Norm,Norm,1Fam,1Story,8,5,2005,2006,Gable,CompShg,VinylSd,Other,5.476463551931511,Gd,TA,PConc,Gd,TA,Gd,GLQ,7.260522598089852,Unf,5.973809611869261,GasA,Ex,Y,SBrkr,7.510430556378006,0.0,3,0.6931471805599453,Gd,Typ,1,TA,Attchd,Fin,3,TA,TA,Y,5.198497031265826,0.0,0.0,8,2006,New,Partial,319000,9.589393056132515,3.0,5.278114659230517,1,0,1
62,4.330733340286331,RM,4.110873864173311,8.881975184248867,Pave,Reg,Lvl,AllPub,Inside,Gtl,IDOTRR,Norm,Norm,1Fam,2.5Unf,5,7,1920,1996,Gable,CompShg,MetalSd,MetalSd,0.0,TA,TA,BrkTil,TA,Fa,No,Unf,0.0,Unf,6.274762021241939,GasA,TA,N,SBrkr,6.366470447731438,6.274762021241939,3,0.6931471805599453,Fa,Typ,0,NA,Detchd,Unf,1,TA,TA,N,0.0,0.0,0.0,3,2007,WD,Normal,101000,8.622633703874234,1.0,4.976733742420574,87,11,1
1228,3.044522437723423,RL,4.290459441148391,9.090768236835338,Pave,Reg,Lvl,AllPub,Corner,Gtl,NAmes,Norm,Norm,1Fam,1Story,5,8,1965,2008,Gable,CompShg,VinylSd,VinylSd,5.707110264748875,TA,TA,CBlock,TA,TA,No,ALQ,6.39024066706535,Unf,5.762051382780177,GasA,Ex,Y,SBrkr,6.816735880594968,0.0,2,0.6931471805599453,Gd,Typ,0,NA,Detchd,Unf,2,TA,TA,Y,0.0,0.0,0.0,12,2008,WD,Normal,147000,8.4252971767117,2.0,5.484796933490655,43,0,1
273,4.110873864173311,RL,4.532599493153256,9.372884301161463,Pave,IR1,Lvl,AllPub,CulDSac,Gtl,NoRidge,Norm,Norm,1Fam,2Story,8,7,1999,2007,Gable,CompShg,VinylSd,VinylSd,5.855071922202427,Gd,TA,PConc,Gd,TA,No,GLQ,6.263398262591624,Unf,6.444131256700441,GasA,Ex,Y,SBrkr,7.060476365999801,7.009408932708637,4,0.6931471805599453,Gd,Typ,1,Gd,Attchd,Fin,3,TA,TA,Y,4.890349128221754,0.0,0.0,4,2010,WD,Normal,290000,9.807031716718498,2.5,4.060443010546419,11,3,1
1177,3.044522437723423,RL,3.6375861597263857,8.846784666945227,Pave,IR1,Lvl,AllPub,CulDSac,Gtl,Mitchel,Norm,Norm,1Fam,1Story,5,5,1984,1985,Gable,CompShg,HdBoard,Plywood,0.0,TA,TA,CBlock,TA,TA,No,ALQ,6.490723534502507,Unf,5.389071729816501,GasA,TA,Y,SBrkr,6.828712071641684,0.0,3,0.6931471805599453,TA,Typ,0,NA,Attchd,Unf,1,TA,TA,Y,5.8944028342648505,0.0,0.0,10,2008,WD,Normal,119500,8.437283808187935,2.0,0.0,24,23,1
873,3.044522437723423,RL,4.31748811353631,9.09301972939964,Pave,Reg,Lvl,AllPub,Corner,Gtl,NAmes,Norm,Norm,1Fam,1Story,5,7,1953,1996,Gable,CompShg,WdShing,Wd Shng,0.0,Gd,TA,Stone,TA,TA,Av,Unf,0.0,Unf,4.663439094112067,GasA,Gd,Y,SBrkr,6.814542897259958,0.0,3,0.6931471805599453,Gd,Typ,0,NA,Attchd,Unf,2,TA,TA,Y,5.2832037287379885,0.0,0.0,10,2008,WD,Normal,116000,8.423102268016642,1.0,5.017279836814924,55,12,1
1091,4.51085950651685,RL,4.110873864173311,9.053101595549691,Pave,Reg,Lvl,AllPub,Corner,Gtl,NAmes,Norm,Norm,Duplex,1Story,3,4,1950,1950,Gable,CompShg,BrkFace,BrkFace,0.0,TA,TA,Slab,NA,NA,NA,NA,0.0,NA,0.0,Wall,Fa,N,FuseA,6.947937068614969,0.0,2,1.0986122886681098,TA,Typ,0,NA,Detchd,Unf,2,TA,TA,Y,0.0,0.0,0.0,6,2009,WD,Normal,92900,8.045908742270779,2.0,0.0,59,59,0
1371,3.9318256327243257,RL,4.51085950651685,8.594339400592892,Pave,Reg,Lvl,AllPub,Corner,Gtl,OldTown,Artery,Norm,1Fam,1.5Fin,4,6,1920,1950,Gable,CompShg,CBlock,CBlock,0.0,Fa,TA,PConc,TA,TA,No,ALQ,5.755742213586912,Rec,6.042632833682381,GasA,Ex,Y,SBrkr,6.734591659972948,6.282266746896006,2,0.6931471805599453,TA,Typ,0,NA,Detchd,Fin,1,TA,TA,Y,0.0,0.0,0.0,10,2009,WD,Normal,105000,8.61195776786066,1.0,5.293304824724492,89,59,1
279,3.044522437723423,RL,4.68213122712422,9.57851889529833,Pave,Reg,Lvl,AllPub,Inside,Gtl,NridgHt,Norm,Norm,1Fam,1Story,9,5,2006,2007,Gable,CompShg,CemntBd,CmentBd,5.755742213586912,Ex,TA,PConc,Ex,TA,Gd,Unf,0.0,Unf,7.660114319173928,GasA,Ex,Y,SBrkr,7.660114319173928,0.0,3,0.6931471805599453,Ex,Typ,1,Ex,Attchd,Fin,3,TA,TA,Y,4.8283137373023015,0.0,0.0,5,2007,New,Partial,415298,9.856919916719793,2.5,5.484796933490655,1,0,1
1129,4.110873864173311,RL,4.0943445622221,9.375600540841843,Pave,IR1,Lvl,AllPub,Inside,Gtl,Gilbert,Norm,Norm,1Fam,2Story,7,5,2004,2005,Gable,CompShg,VinylSd,VinylSd,0.0,Gd,TA,PConc,Gd,TA,Av,Unf,0.0,Unf,6.742880635791903,GasA,Ex,Y,SBrkr,6.742880635791903,7.014814351275545,4,0.6931471805599453,Gd,Typ,1,Gd,BuiltIn,Fin,2,TA,TA,Y,4.61512051684126,0.0,0.0,7,2007,WD,Normal,215000,9.52617248784431,2.5,3.8918202981106265,3,2,1
695,3.9318256327243257,RM,3.9512437185814275,8.71948076085107,Pave,Reg,Lvl,AllPub,Corner,Gtl,BrkSide,Norm,Norm,1Fam,1.5Fin,5,6,1936,1950,Gable,CompShg,Wd Sdng,Wd Sdng,0.0,TA,Fa,BrkTil,TA,TA,No,Unf,0.0,Unf,6.833031732786201,GasA,TA,Y,SBrkr,6.97354301952014,6.159095388491933,3,0.6931471805599453,TA,Typ,0,NA,Detchd,Unf,2,TA,TA,Y,4.727387818712341,0.0,0.0,4,2009,WD,Normal,141500,8.948455992345542,1.5,0.0,73,59,1
369,3.044522437723423,RL,4.3694478524670215,8.962007209588313,Pave,Reg,Lvl,AllPub,Inside,Gtl,NAmes,Norm,Norm,1Fam,1Story,5,6,1954,1954,Gable,CompShg,HdBoard,HdBoard,5.303304908059076,TA,TA,PConc,TA,TA,No,LwQ,6.293419278846481,Unf,6.591673732008658,GasA,Gd,Y,SBrkr,7.1459844677143876,0.0,2,0.6931471805599453,TA,Typ,1,Gd,Attchd,Fin,1,TA,TA,Y,0.0,0.0,0.0,3,2010,WD,Normal,132000,8.754791763700032,1.0,4.59511985013459,56,56,0
1346,3.4339872044851463,RM,3.9318256327243257,8.699681400989514,Pave,Reg,Lvl,AllPub,Inside,Gtl,OldTown,Norm,Norm,1Fam,1Story,4,4,1920,1950,Hip,CompShg,MetalSd,MetalSd,0.0,TA,TA,PConc,TA,TA,No,ALQ,5.5254529391317835,Unf,6.566672429803241,GasA,Gd,Y,FuseA,6.8679744089702925,0.0,2,0.6931471805599453,Fa,Typ,0,NA,Detchd,Unf,1,TA,TA,Y,0.0,0.0,0.0,7,2007,WD,Normal,108500,8.253488028345904,1.0,5.1298987149230735,87,57,1
37,3.044522437723423,RL,4.727387818712341,9.292841593487926,Pave,Reg,Lvl,AllPub,Corner,Gtl,CollgCr,Norm,Norm,1Fam,1Story,5,5,1994,1995,Gable,CompShg,VinylSd,VinylSd,0.0,TA,TA,PConc,Gd,TA,No,Unf,0.0,Unf,7.001245622069476,GasA,Ex,Y,SBrkr,7.001245622069476,0.0,3,0.6931471805599453,TA,Typ,0,NA,Attchd,Unf,2,TA,TA,Y,5.973809611869261,0.0,0.0,6,2009,WD,Normal,145000,8.60995467149755,1.5,4.174387269895637,15,14,1
736,4.330733340286331,RM,4.110873864173311,9.287394001418473,Pave,Reg,Lvl,AllPub,Inside,Gtl,OldTown,Norm,Norm,1Fam,2.5Unf,7,7,1914,1970,Gable,CompShg,Wd Sdng,Wd Sdng,0.0,TA,TA,BrkTil,Gd,TA,Mn,Rec,5.968707559985366,Unf,6.19644412779452,GasW,Fa,N,SBrkr,6.78105762593618,6.790097235513905,2,0.6931471805599453,TA,Typ,2,TA,Detchd,Unf,2,TA,TA,N,0.0,0.0,0.0,10,2006,WD,Normal,163000,9.423595190540022,1.5,5.834810737062605,92,36,1
1412,3.9318256327243257,RL,4.394449154672439,9.169622538697624,Pave,Reg,Lvl,AllPub,Inside,Gtl,NAmes,Norm,Norm,1Fam,1.5Fin,6,8,1950,2005,Gable,CompShg,VinylSd,VinylSd,0.0,TA,Gd,CBlock,TA,TA,No,BLQ,4.795790545596741,Unf,6.602587892189336,GasA,Ex,Y,SBrkr,7.014814351275545,6.322565239927284,3,0.6931471805599453,TA,Min2,0,NA,Attchd,Unf,1,TA,TA,Y,0.0,0.0,0.0,9,2009,WD,Normal,140000,9.211239967219019,1.5,0.0,59,4,1
663,3.044522437723423,RL,4.795790545596741,9.514953305087944,Pave,Reg,Lvl,AllPub,Corner,Gtl,NAmes,Norm,Norm,1Fam,1Story,6,3,1968,1968,Hip,CompShg,Wd Sdng,Wd Sdng,5.37989735354046,TA,TA,CBlock,Fa,Fa,No,Unf,0.0,Unf,7.239214973779806,GasA,Gd,Y,SBrkr,7.239214973779806,0.0,2,0.6931471805599453,TA,Maj2,2,TA,Attchd,RFn,2,TA,TA,Y,0.0,0.0,0.0,7,2009,WD,Normal,110000,9.030376034755907,2.0,5.484796933490655,41,41,0
1286,3.9318256327243257,RM,3.9318256327243257,8.699681400989514,Pave,Reg,Lvl,AllPub,Inside,Gtl,BrkSide,Norm,Norm,1Fam,1.5Fin,6,6,1939,1950,Gable,CompShg,MetalSd,MetalSd,0.0,TA,Fa,CBlock,TA,TA,No,Unf,0.0,Unf,6.660575149839686,GasA,Ex,Y,FuseF,6.716594773520978,6.376726947898627,4,0.6931471805599453,TA,Typ,1,Gd,Detchd,Unf,1,TA,TA,Y,3.828641396489095,0.0,0.0,5,2009,WD,Normal,132500,9.044639916198465,1.0,0.0,70,59,1
1317,3.044522437723423,RL,4.127134385045092,9.232786560806012,Pave,IR1,Lvl,AllPub,Inside,Gtl,CollgCr,Norm,Norm,1Fam,1Story,8,5,2008,2008,Gable,CompShg,VinylSd,VinylSd,5.602118820879701,Gd,TA,PConc,Ex,TA,Gd,Unf,0.0,Unf,7.392031567514591,GasA,Ex,Y,SBrkr,7.396948602621014,0.0,3,0.6931471805599453,Ex,Typ,1,Gd,Attchd,RFn,3,TA,TA,Y,5.153291594497779,0.0,0.0,1,2009,WD,Normal,295493,9.475853519656901,3.0,3.7612001156935624,1,1,0
978,4.795790545596741,FV,3.58351893845611,8.360539381370861,Pave,IR1,Lvl,AllPub,Inside,Gtl,Somerst,Norm,Norm,TwnhsE,1Story,7,5,2006,2007,Gable,CompShg,VinylSd,VinylSd,0.0,Gd,TA,PConc,Gd,TA,No,GLQ,7.009408932708637,Unf,4.912654885736052,GasA,Ex,Y,SBrkr,7.124478262493424,0.0,1,0.6931471805599453,Gd,Typ,0,NA,Attchd,Fin,2,TA,TA,Y,0.0,0.0,0.0,11,2007,New,Partial,199900,9.069698042173716,2.5,4.762173934797756,1,0,1
548,4.454347296253507,RL,4.007333185232471,8.888066854754783,Pave,Reg,Lvl,AllPub,Inside,Gtl,Mitchel,Norm,Norm,1Fam,SFoyer,5,7,1970,1970,Gable,CompShg,VinylSd,VinylSd,0.0,TA,Gd,CBlock,Gd,TA,Av,ALQ,6.429719478039138,Unf,5.0106352940962555,GasA,Ex,Y,SBrkr,6.645090969505644,0.0,2,0.6931471805599453,TA,Typ,0,NA,Detchd,Unf,2,TA,TA,Y,4.653960350157523,0.0,0.0,4,2007,WD,Normal,129500,8.253488028345904,2.0,0.0,37,37,0
1162,3.044522437723423,RL,4.23410650459726,9.600962533214572,Pave,IR1,Low,AllPub,CulDSac,Gtl,Crawfor,PosN,Norm,1Fam,1Story,6,7,1954,2006,Hip,CompShg,HdBoard,HdBoard,4.290459441148391,Gd,TA,CBlock,TA,TA,No,BLQ,6.591673732008658,Unf,6.343880434126331,GasA,Ex,Y,SBrkr,7.403061091090091,0.0,3,0.6931471805599453,Gd,Typ,1,Gd,Detchd,Unf,2,TA,TA,Y,4.6913478822291435,0.0,0.0,11,2008,WD,Normal,224000,9.194312610898985,2.0,5.37989735354046,54,2,1
689,3.044522437723423,RL,4.110873864173311,8.998384010052538,Pave,Reg,HLS,AllPub,Inside,Gtl,StoneBr,Norm,Norm,1Fam,1Story,8,6,2007,2007,Gable,CompShg,MetalSd,MetalSd,0.0,Gd,TA,PConc,Gd,TA,Av,GLQ,6.852242569051878,Unf,6.163314804034641,GasA,Ex,Y,SBrkr,7.258412150595307,0.0,2,0.6931471805599453,Gd,Typ,1,Gd,Attchd,RFn,2,TA,TA,Y,4.948759890378168,0.0,0.0,10,2007,New,Partial,392000,9.337237305164534,3.0,0.0,0,0,0
739,4.51085950651685,RL,4.110873864173311,9.287394001418473,Pave,Reg,Lvl,AllPub,Inside,Gtl,Edwards,Norm,Norm,Duplex,1Story,5,5,1987,1988,Gable,CompShg,Plywood,Plywood,0.0,TA,TA,CBlock,Gd,Gd,Gd,GLQ,7.0909098220799835,Unf,0.0,GasA,TA,Y,SBrkr,7.0909098220799835,0.0,3,0.6931471805599453,TA,Typ,0,NA,NA,NA,0,NA,NA,Y,4.795790545596741,0.0,0.0,3,2009,WD,Alloca,179000,8.699681400989514,6.0,0.0,22,21,1
192,4.110873864173311,RL,4.324132656254979,8.91905180393029,Pave,IR1,Lvl,AllPub,CulDSac,Gtl,NAmes,Norm,Norm,1Fam,2Story,7,9,1972,2004,Gable,CompShg,HdBoard,HdBoard,4.9344739331306915,TA,TA,CBlock,TA,TA,No,ALQ,6.440946540632921,Unf,4.605170185988092,GasA,Gd,Y,SBrkr,6.587550014824796,6.626717749249025,4,0.6931471805599453,Gd,Typ,0,NA,Attchd,Fin,2,TA,TA,Y,0.0,0.0,0.0,6,2007,WD,Normal,184000,9.245128197461847,2.5,3.4965075614664802,35,3,1
920,3.044522437723423,RL,4.477336814478207,9.308374112247549,Pave,IR1,Lvl,AllPub,Corner,Gtl,NAmes,Norm,Norm,1Fam,1Story,6,8,1958,2002,Hip,CompShg,MetalSd,MetalSd,0.0,Ex,TA,CBlock,Gd,TA,No,ALQ,6.270988431858299,BLQ,5.5053315359323625,GasA,Ex,Y,SBrkr,7.254884810077338,0.0,3,0.6931471805599453,TA,Min1,1,TA,Attchd,Unf,2,TA,TA,Y,0.0,0.0,0.0,5,2008,WD,Normal,176500,9.046055177668327,2.0,5.488937726156687,50,6,1
457,4.2626798770413155,RM,3.5553480614894135,8.427706024914702,Pave,Reg,Lvl,AllPub,Inside,Gtl,OldTown,Norm,Norm,1Fam,2Story,5,5,1916,1950,Gable,CompShg,AsbShng,AsbShng,0.0,TA,TA,BrkTil,TA,TA,No,Unf,0.0,Unf,6.437751649736401,GasA,Fa,N,SBrkr,6.437751649736401,6.580639137284949,4,0.6931471805599453,TA,Typ,0,NA,Detchd,Unf,3,Fa,Fa,Y,0.0,0.0,0.0,5,2008,COD,Abnorml,98000,8.812992231969966,1.0,4.574710978503383,92,58,1
869,4.110873864173311,RL,4.189654742026425,9.599879329534089,Pave,IR2,Lvl,AllPub,Corner,Gtl,Gilbert,Feedr,Norm,1Fam,2Story,5,6,1948,1950,Gable,CompShg,Plywood,Plywood,0.0,TA,TA,Slab,NA,NA,NA,NA,0.0,NA,0.0,GasA,Gd,Y,SBrkr,7.344719054149673,6.580639137284949,2,0.6931471805599453,TA,Typ,1,TA,Attchd,Unf,2,TA,TA,P,4.795790545596741,0.0,0.0,5,2006,WD,Normal,169000,9.358846580275406,2.0,4.976733742420574,58,56,1
394,3.4339872044851463,RL,3.970291913552122,8.915566545710645,Pave,Reg,Lvl,AllPub,Corner,Gtl,BrkSide,Feedr,Norm,1Fam,1Story,4,5,1941,1950,Gable,CompShg,WdShing,Wd Shng,0.0,TA,TA,CBlock,TA,TA,No,Rec,5.58724865840025,Unf,6.259581464064923,GasA,TA,Y,FuseA,6.670766320845874,0.0,2,0.6931471805599453,TA,Typ,2,TA,NA,NA,0,NA,NA,Y,0.0,0.0,0.0,4,2006,WD,Abnorml,100000,8.056109659545061,1.0,0.0,65,56,1
676,5.081404364984463,RL,3.2188758248682006,7.736307096548285,Pave,Reg,Lvl,AllPub,Inside,Gtl,NPkVill,Norm,Norm,Twnhs,2Story,6,6,1978,1978,Gable,CompShg,Plywood,Brk Cmn,0.0,TA,TA,CBlock,TA,TA,No,ALQ,5.7430031878094825,Unf,6.300785794663244,GasA,TA,Y,SBrkr,6.752270376141742,6.375024819828097,3,0.6931471805599453,TA,Typ,1,TA,Attchd,Unf,2,TA,TA,Y,3.367295829986474,0.0,0.0,4,2009,WD,Normal,148500,9.06496771896043,2.5,0.0,31,31,0
761,3.044522437723423,RL,4.2626798770413155,9.116139576577355,Pave,Reg,Lvl,AllPub,Inside,Gtl,NAmes,Norm,Norm,1Fam,1Story,6,6,1959,1959,Hip,CompShg,Wd Sdng,Wd Sdng,0.0,TA,TA,CBlock,TA,TA,No,Rec,6.418364935936212,Unf,5.53338948872752,GasA,Ex,Y,SBrkr,6.762729506931879,0.0,2,0.6931471805599453,TA,Typ,0,NA,Detchd,Unf,1,Ex,Ex,Y,0.0,0.0,6.111467339502679,10,2009,WD,Normal,127500,8.553525120663627,1.0,0.0,50,50,0
1437,3.044522437723423,RL,4.110873864173311,9.105090961257085,Pave,Reg,Lvl,AllPub,FR2,Gtl,NAmes,Norm,Norm,1Fam,1Story,4,6,1971,1971,Gable,CompShg,HdBoard,HdBoard,0.0,TA,TA,PConc,TA,TA,No,ALQ,6.424869023905388,Unf,5.517452896464707,GasA,TA,Y,SBrkr,6.762729506931879,0.0,3,0.6931471805599453,TA,Typ,0,NA,Detchd,Unf,2,TA,TA,Y,0.0,0.0,0.0,5,2007,WD,Normal,120500,8.148156439921625,1.0,0.0,36,36,0
729,4.51085950651685,RL,4.454347296253507,9.348013177101256,Pave,Reg,Lvl,AllPub,Corner,Gtl,NAmes,Norm,Norm,Duplex,1Story,5,5,1958,1958,Gable,CompShg,VinylSd,VinylSd,4.564348191467836,TA,TA,CBlock,TA,TA,No,Unf,0.0,Unf,7.368339686311381,GasA,TA,Y,SBrkr,7.482681828154651,0.0,4,1.0986122886681098,TA,Typ,0,NA,Detchd,Unf,3,TA,TA,Y,0.0,0.0,0.0,7,2009,COD,Abnorml,110000,9.091669442258505,3.0,3.258096538021482,51,51,0
420,3.044522437723423,RL,4.189654742026425,9.042040056544483,Pave,Reg,Lvl,AllPub,Inside,Gtl,NAmes,Norm,Norm,1Fam,1Story,5,6,1968,1968,Gable,CompShg,VinylSd,VinylSd,0.0,TA,TA,CBlock,TA,TA,No,BLQ,6.654152520183219,Unf,5.641907070938114,GasA,Ex,Y,SBrkr,6.963189985870238,0.0,3,0.6931471805599453,TA,Typ,1,Fa,Attchd,Unf,1,TA,TA,Y,0.0,0.0,0.0,7,2010,WD,Normal,142000,8.571870752706934,2.0,5.598421958998375,42,42,0
376,3.4339872044851463,RL,4.212127597878484,9.212438170058329,Pave,IR1,Low,AllPub,Inside,Sev,Edwards,Norm,Norm,1Fam,1Story,1,1,1922,1950,Gable,CompShg,Wd Sdng,Wd Sdng,0.0,Fa,Fa,BrkTil,Fa,Po,Gd,BLQ,5.860786223465865,Unf,5.811140992976701,GasA,Gd,N,FuseA,6.807934943699926,0.0,1,0.6931471805599453,Fa,Maj1,0,NA,NA,NA,0,NA,NA,Y,0.0,0.0,0.0,3,2009,WD,Normal,61000,6.807934943699926,1.5,0.0,87,59,1
413,3.044522437723423,FV,4.310799125385514,8.390268497842571,Pave,IR2,Lvl,AllPub,Inside,Gtl,Somerst,Norm,Norm,1Fam,1Story,7,5,2009,2009,Gable,CompShg,MetalSd,MetalSd,6.07073772800249,Ex,TA,PConc,Ex,TA,Av,GLQ,6.361302477572996,Unf,6.794586580876499,GasA,Ex,Y,SBrkr,7.2991214627108,0.0,2,0.6931471805599453,Gd,Typ,1,Gd,Attchd,Fin,2,TA,TA,Y,0.0,0.0,0.0,6,2010,New,Partial,222000,9.24445190160495,3.5,4.976733742420574,1,1,0
75,3.9318256327243257,RM,4.110873864173311,8.66406026722579,Pave,Reg,Lvl,AllPub,Corner,Gtl,OldTown,Norm,Norm,1Fam,2Story,3,6,1915,1950,Gambrel,CompShg,VinylSd,VinylSd,0.0,Gd,Gd,CBlock,Fa,TA,No,Unf,0.0,Unf,6.734591659972948,GasA,Gd,N,SBrkr,6.734591659972948,6.641182169740591,3,1.0986122886681098,TA,Typ,0,NA,Detchd,Unf,1,TA,TA,Y,0.0,0.0,0.0,5,2010,WD,Normal,107400,8.479698986988657,2.0,5.313205979041787,95,60,1
1367,4.110873864173311,RL,4.23410650459726,9.124782483614537,Pave,IR1,Lvl,AllPub,Inside,Gtl,CollgCr,Norm,Norm,1Fam,2Story,7,5,1999,1999,Gable,CompShg,VinylSd,VinylSd,5.0689042022202315,Gd,TA,PConc,Gd,TA,No,GLQ,6.452048954437226,Unf,5.484796933490655,GasA,Ex,Y,SBrkr,6.78332520060396,6.812345094177479,3,0.6931471805599453,Gd,Typ,0,NA,Attchd,RFn,2,TA,TA,Y,0.0,0.0,0.0,6,2008,WD,Abnorml,193000,9.435960853165286,3.5,4.48863636973214,9,9,0
1142,4.110873864173311,RL,4.394449154672439,9.240384493324559,Pave,IR1,Lvl,AllPub,CulDSac,Gtl,NWAmes,PosN,Norm,1Fam,2Story,5,7,1976,1976,Gable,CompShg,Plywood,Plywood,3.8066624897703196,TA,Gd,CBlock,TA,TA,No,ALQ,5.945420608606575,Unf,5.991464547107982,GasA,Ex,Y,SBrkr,6.9930151229329605,6.660575149839686,4,0.6931471805599453,Gd,Typ,1,TA,Attchd,Unf,2,TA,TA,Y,6.1070228877422545,0.0,0.0,10,2009,WD,Normal,197500,9.14216859187285,3.5,4.574710978503383,33,33,0
501,5.081404364984463,RM,3.091042453358316,7.544861068658458,Pave,Reg,Lvl,AllPub,Inside,Gtl,BrDale,Norm,Norm,Twnhs,2Story,6,5,1973,1973,Gable,CompShg,HdBoard,HdBoard,5.655991810819852,TA,TA,CBlock,TA,TA,No,BLQ,5.877735781779639,Unf,5.75890177387728,GasA,TA,Y,SBrkr,6.511745329644728,6.304448802421981,3,0.6931471805599453,TA,Typ,0,NA,Detchd,Unf,1,TA,TA,Y,4.976733742420574,0.0,0.0,5,2007,WD,Normal,113000,8.896861744480391,1.5,3.367295829986474,34,34,0
826,3.044522437723423,RL,4.74493212836325,9.602652693506046,Pave,Reg,Lvl,AllPub,Inside,Gtl,NridgHt,PosN,PosN,1Fam,1Story,10,5,2007,2008,Hip,CompShg,CemntBd,CmentBd,6.705639094860003,Ex,TA,PConc,Ex,TA,Av,GLQ,7.400620577371135,Unf,6.093569770045136,GasA,Ex,Y,SBrkr,7.642524134232902,0.0,2,0.6931471805599453,Ex,Typ,1,Gd,Attchd,Fin,3,TA,TA,Y,5.241747015059643,0.0,0.0,6,2008,New,Partial,385000,9.94467747936099,3.0,3.828641396489095,1,0,1
196,5.081404364984463,RL,3.2188758248682006,7.732369222284388,Pave,Reg,Lvl,AllPub,FR2,Gtl,NPkVill,Norm,Norm,Twnhs,2Story,6,6,1976,1976,Gable,CompShg,Plywood,Brk Cmn,0.0,TA,TA,CBlock,Gd,TA,No,ALQ,6.340359303727752,Unf,5.66988092298052,GasA,TA,Y,SBrkr,6.752270376141742,6.400257445308821,3,0.6931471805599453,TA,Typ,1,TA,Attchd,Unf,2,TA,TA,Y,4.477336814478207,0.0,0.0,7,2009,WD,Normal,148500,9.075322160298095,2.5,0.0,33,33,0
1460,3.044522437723423,RL,4.330733340286331,9.204121072162266,Pave,Reg,Lvl,AllPub,Inside,Gtl,Edwards,Norm,Norm,1Fam,1Story,5,6,1965,1965,Gable,CompShg,HdBoard,HdBoard,0.0,Gd,TA,CBlock,TA,TA,No,BLQ,6.7226297948554485,LwQ,4.919980925828125,GasA,Gd,Y,SBrkr,7.136483208590247,0.0,3,0.6931471805599453,TA,Typ,0,NA,Attchd,Fin,1,TA,TA,Y,6.602587892189336,0.0,0.0,6,2008,WD,Normal,147500,8.74528448245438,2.5,4.23410650459726,43,43,0
617,4.110873864173311,RL,4.189654742026425,8.969796305981806,Pave,IR1,Lvl,AllPub,Inside,Gtl,Gilbert,Norm,Norm,1Fam,2Story,6,5,2002,2003,Gable,CompShg,VinylSd,VinylSd,0.0,Gd,TA,PConc,Gd,TA,No,GLQ,6.126869184114185,Unf,5.7899601708972535,GasA,Ex,Y,SBrkr,6.694562058521095,6.555356891810665,3,0.6931471805599453,Gd,Typ,1,Gd,Attchd,Fin,2,TA,TA,Y,4.61512051684126,0.0,0.0,6,2006,WD,Normal,183200,9.111072370317514,3.5,4.330733340286331,4,3,1
115,4.2626798770413155,RL,4.127134385045092,8.890135107818843,Pave,IR1,Lvl,AllPub,Inside,Mod,Crawfor,Norm,Norm,1Fam,2Story,6,8,1945,2002,Gambrel,CompShg,Wd Sdng,Wd Sdng,0.0,TA,TA,CBlock,TA,TA,No,ALQ,6.652863029353347,LwQ,4.653960350157523,GasA,Ex,Y,SBrkr,7.270312886079025,6.785587645007929,3,0.6931471805599453,Gd,Typ,1,TA,Detchd,Unf,1,TA,TA,Y,5.41610040220442,0.0,0.0,7,2007,WD,Normal,259500,9.541153770388567,3.5,0.0,62,5,1
418,4.2626798770413155,RL,4.465908118654584,10.017753298664472,Pave,IR1,Lvl,AllPub,Inside,Gtl,Crawfor,Feedr,Norm,1Fam,2Story,6,6,1918,1950,Hip,CompShg,Wd Sdng,Stucco,0.0,TA,TA,BrkTil,Gd,TA,No,BLQ,7.029087564149662,Unf,5.493061443340548,GasW,TA,N,FuseA,7.223295679562314,7.134890851565884,4,0.6931471805599453,TA,Typ,1,Gd,Detchd,Unf,3,TA,TA,N,0.0,0.0,0.0,11,2007,WD,Normal,239000,9.664278133535126,3.5,0.0,89,57,1
602,3.9318256327243257,RM,3.9318256327243257,9.105090961257085,Pave,Reg,Bnk,AllPub,Inside,Gtl,IDOTRR,Norm,Norm,1Fam,1.5Fin,6,6,1937,1950,Gable,CompShg,Wd Sdng,Wd Sdng,0.0,TA,Gd,PConc,TA,TA,No,Unf,0.0,Unf,6.660575149839686,GasA,TA,Y,SBrkr,6.660575149839686,6.39024066706535,3,0.6931471805599453,Gd,Typ,1,Gd,Detchd,Unf,1,TA,TA,P,0.0,0.0,0.0,12,2007,WD,Normal,141000,9.018089684104343,1.5,5.666426688112432,70,57,1
970,5.25227342804663,RL,4.330733340286331,9.247925132303454,Pave,Reg,Lvl,AllPub,Inside,Gtl,NAmes,Norm,Norm,2fmCon,SLvl,6,5,1958,1958,Hip,CompShg,HdBoard,HdBoard,4.663439094112067,TA,Fa,CBlock,TA,TA,Gd,ALQ,6.2422232654551655,Unf,4.330733340286331,GasA,TA,Y,SBrkr,6.999422467507961,0.0,2,0.6931471805599453,TA,Typ,0,NA,Attchd,RFn,1,TA,TA,Y,0.0,0.0,0.0,3,2006,ConLD,Normal,140000,8.790421306897867,2.0,0.0,48,48,0
922,4.51085950651685,RL,4.219507705176107,9.080003870248179,Pave,Reg,Lvl,AllPub,Inside,Gtl,Edwards,Feedr,Norm,Duplex,1.5Fin,5,7,1900,2003,Gable,CompShg,MetalSd,MetalSd,0.0,TA,TA,CBlock,TA,TA,No,ALQ,6.98933526597456,Unf,5.241747015059643,GasA,Gd,Y,SBrkr,7.149131598557407,6.834108738813838,4,1.0986122886681098,TA,Typ,0,NA,NA,NA,0,NA,NA,N,0.0,0.0,0.0,9,2008,WD,Normal,145900,9.305741456739435,5.0,4.2626798770413155,108,5,1
605,3.044522437723423,RL,4.48863636973214,9.457512901089753,Pave,IR1,Lvl,AllPub,Inside,Gtl,CollgCr,Norm,Norm,1Fam,1Story,7,5,2002,2002,Gable,CompShg,VinylSd,VinylSd,4.605170185988092,Gd,TA,PConc,Gd,TA,Mn,GLQ,6.827629234502852,Unf,6.35088571671474,GasA,Ex,Y,SBrkr,7.3098814858247865,0.0,3,0.6931471805599453,Gd,Typ,1,TA,Attchd,RFn,2,TA,TA,Y,5.262690188904886,0.0,0.0,9,2008,WD,Normal,221000,9.255218130754269,3.0,3.6109179126442243,6,6,0
1449,3.9318256327243257,RL,4.2626798770413155,9.373139262281274,Pave,Reg,Lvl,AllPub,Inside,Gtl,Edwards,Norm,Norm,1Fam,2Story,4,7,1910,2000,Gable,CompShg,MetalSd,HdBoard,0.0,TA,TA,CBlock,Fa,TA,No,Unf,0.0,Unf,6.329720905522696,GasA,Gd,N,SBrkr,6.680854678790215,6.311734809152915,2,0.6931471805599453,TA,Min2,0,NA,Detchd,Unf,1,Fa,TA,Y,5.1298987149230735,0.0,0.0,5,2007,WD,Normal,112000,8.591372589590488,1.5,3.2188758248682006,97,7,1
90,3.044522437723423,RL,4.110873864173311,8.996032669324372,Pave,Reg,Lvl,AllPub,Inside,Gtl,CollgCr,Norm,Norm,1Fam,1Story,4,5,1994,1995,Gable,CompShg,VinylSd,VinylSd,0.0,TA,TA,PConc,Gd,TA,No,GLQ,6.3784261836515865,Unf,5.998936561946683,GasA,Ex,Y,SBrkr,6.898714534329988,0.0,3,0.6931471805599453,TA,Typ,0,NA,NA,NA,0,NA,NA,Y,0.0,0.0,0.0,8,2007,WD,Normal,123600,8.284251797621916,2.0,0.0,13,12,1
849,3.9318256327243257,RL,4.330733340286331,10.727684925086583,Pave,IR2,Bnk,AllPub,Inside,Gtl,ClearCr,Norm,Norm,1Fam,1.5Fin,6,8,1908,1997,Gable,CompShg,Wd Sdng,Wd Sdng,0.0,TA,TA,BrkTil,TA,TA,No,Unf,0.0,Unf,6.811244378601294,GasA,TA,Y,SBrkr,7.176254532017144,6.9584483932976555,5,0.6931471805599453,TA,Typ,1,Gd,Detchd,Unf,2,Fa,TA,Y,6.18826412308259,0.0,0.0,9,2008,WD,Normal,240000,9.557399229195953,3.0,5.375278407684165,100,11,1
1115,3.044522437723423,RL,4.51085950651685,8.594339400592892,Pave,Reg,Lvl,AllPub,Inside,Gtl,OldTown,Norm,Norm,1Fam,1Story,5,7,1954,2000,Gable,CompShg,MetalSd,MetalSd,0.0,TA,Gd,CBlock,TA,TA,No,Rec,6.030685260261263,Unf,6.037870919922137,GasA,Ex,Y,SBrkr,6.726233402358747,0.0,2,0.6931471805599453,Gd,Typ,0,NA,Detchd,Unf,1,TA,TA,Y,0.0,0.0,0.0,8,2006,WD,Normal,117000,8.334711621820917,1.0,0.0,52,6,1
1396,4.110873864173311,RL,4.48863636973214,9.446676517076376,Pave,IR1,Lvl,AllPub,Inside,Gtl,Timber,Norm,Norm,1Fam,2Story,8,5,2005,2006,Hip,CompShg,VinylSd,VinylSd,5.5053315359323625,Gd,TA,PConc,Gd,Gd,Gd,Unf,0.0,Unf,6.9985096422506015,GasA,Ex,Y,SBrkr,7.033506484287697,7.2078598714324755,4,0.6931471805599453,Gd,Typ,1,Gd,BuiltIn,Fin,3,TA,TA,Y,4.976733742420574,0.0,0.0,2,2007,WD,Normal,281213,9.896311868787032,2.5,3.6888794541139363,2,1,1
754,4.110873864173311,RL,4.394449154672439,9.234154550075438,Pave,Reg,Lvl,AllPub,Inside,Gtl,NridgHt,Norm,Norm,1Fam,2Story,8,5,2005,2005,Gable,CompShg,VinylSd,VinylSd,5.187385805840755,Gd,TA,PConc,Gd,TA,Mn,Unf,0.0,Unf,6.93828448401696,GasA,Gd,Y,SBrkr,6.946013991099227,6.966967138613983,3,0.6931471805599453,Ex,Typ,1,Gd,Attchd,RFn,3,TA,TA,Y,5.262690188904886,0.0,0.0,3,2006,WD,Normal,275500,9.728240909414135,2.5,3.970291913552122,1,1,0
499,3.044522437723423,RL,4.189654742026425,8.962007209588313,Pave,Reg,Lvl,AllPub,Inside,Gtl,Sawyer,Norm,Norm,1Fam,1Story,5,7,1967,2004,Hip,CompShg,HdBoard,HdBoard,4.499809670330265,TA,TA,PConc,TA,TA,No,ALQ,6.111467339502679,Unf,6.028278520230698,GasA,Ex,Y,SBrkr,6.802394763324311,0.0,3,0.6931471805599453,Gd,Typ,0,NA,Attchd,Fin,1,TA,TA,Y,4.174387269895637,0.0,0.0,6,2009,WD,Normal,130000,8.410943391573527,1.0,0.0,42,5,1
12,4.110873864173311,RL,4.454347296253507,9.386392315756542,Pave,IR1,Lvl,AllPub,Inside,Gtl,NridgHt,Norm,Norm,1Fam,2Story,9,5,2005,2006,Hip,CompShg,WdShing,Wd Shng,5.659482215759621,Ex,TA,PConc,Ex,TA,No,GLQ,6.906754778648554,Unf,5.181783550292085,GasA,Ex,Y,SBrkr,7.075808863978387,7.04141166379481,4,0.6931471805599453,Ex,Typ,2,Gd,BuiltIn,Fin,3,TA,TA,Y,4.997212273764115,0.0,0.0,7,2006,New,Partial,345000,9.94831750445392,4.0,3.091042453358316,1,0,1
397,3.044522437723423,RL,4.110873864173311,8.881975184248867,Pave,Reg,Low,AllPub,Inside,Gtl,CollgCr,Norm,Norm,1Fam,1Story,5,5,1972,1972,Hip,CompShg,MetalSd,MetalSd,0.0,TA,TA,CBlock,TA,TA,Av,Rec,6.656726524178391,Unf,4.770684624465665,GasA,TA,Y,SBrkr,6.796823718274855,0.0,2,0.6931471805599453,TA,Typ,0,NA,Detchd,RFn,2,TA,TA,Y,5.375278407684165,0.0,0.0,9,2009,WD,Normal,123000,8.405367376233981,1.0,0.0,37,37,0
285,4.795790545596741,RL,3.9318256327243257,8.98882050177807,Pave,Reg,Lvl,AllPub,Inside,Gtl,SawyerW,Norm,Norm,TwnhsE,1Story,6,5,1992,1992,Gable,CompShg,Plywood,ImStucc,0.0,Gd,TA,PConc,Gd,TA,No,GLQ,6.066108090103747,Unf,7.044032897274685,GasA,Gd,Y,SBrkr,7.362645270417825,0.0,2,0.6931471805599453,Gd,Typ,0,NA,Attchd,RFn,2,TA,TA,Y,0.0,0.0,0.0,7,2007,WD,Normal,179200,9.153875834995056,3.0,3.970291913552122,15,15,0
691,4.795790545596741,RM,4.2626798770413155,8.395477432732141,Pave,Reg,Lvl,AllPub,Inside,Gtl,CollgCr,Norm,Norm,TwnhsE,1Story,6,5,2004,2004,Gable,CompShg,VinylSd,VinylSd,4.997212273764115,Gd,TA,PConc,Gd,TA,Gd,GLQ,6.548219102762372,Unf,5.0238805208462765,GasA,Ex,Y,SBrkr,6.744059186311348,0.0,1,0.6931471805599453,Gd,Typ,1,TA,Attchd,RFn,2,TA,TA,Y,5.0106352940962555,0.0,0.0,5,2008,WD,Normal,141000,8.534836626588833,2.0,0.0,4,4,0
1198,4.330733340286331,RM,4.189654742026425,9.088285725968877,Pave,IR1,Bnk,AllPub,Corner,Gtl,OldTown,Norm,Norm,1Fam,2.5Unf,7,6,1916,1950,Gable,CompShg,MetalSd,MetalSd,0.0,TA,TA,BrkTil,TA,TA,No,Unf,0.0,Unf,6.704414354964107,GasA,Ex,Y,SBrkr,6.704414354964107,6.775366090936392,3,0.6931471805599453,TA,Typ,1,Gd,Detchd,Unf,1,TA,TA,Y,0.0,0.0,0.0,7,2006,ConLw,Normal,144000,9.378478484253662,1.0,5.802118375377063,90,56,1
1368,5.081404364984463,RM,3.7376696182833684,7.888334500738654,Pave,Reg,Lvl,AllPub,Inside,Gtl,MeadowV,Norm,Norm,TwnhsE,2Story,5,6,1977,1977,Gable,CompShg,CemntBd,CmentBd,0.0,TA,TA,PConc,TA,TA,No,ALQ,6.3080984415095305,Rec,3.6109179126442243,GasA,Ex,Y,SBrkr,6.8308742346461795,6.311734809152915,4,0.6931471805599453,TA,Typ,1,TA,Attchd,RFn,1,TA,TA,Y,4.653960350157523,0.0,0.0,7,2006,WD,Normal,127000,8.90598676523643,2.0,3.295836866004329,29,29,0
690,4.795790545596741,RL,4.127134385045092,8.933004591578547,Pave,IR1,Lvl,AllPub,Corner,Gtl,NridgHt,Norm,Norm,TwnhsE,1Story,6,5,2005,2006,Gable,CompShg,VinylSd,VinylSd,5.54907608489522,Gd,TA,PConc,Gd,TA,Av,ALQ,3.044522437723423,Unf,7.202661196523238,GasA,Ex,Y,SBrkr,7.217443431696533,0.0,2,0.6931471805599453,Gd,Typ,1,Gd,Attchd,RFn,2,TA,TA,Y,5.262690188904886,0.0,0.0,6,2007,WD,Normal,194700,9.00859131751613,2.0,3.367295829986474,2,1,1
852,4.795790545596741,RL,3.784189633918261,8.069968149059841,Pave,Reg,Lvl,AllPub,Inside,Gtl,Blmngtn,Norm,Norm,TwnhsE,1Story,8,5,2003,2003,Gable,CompShg,VinylSd,VinylSd,3.713572066704308,Gd,TA,PConc,Gd,TA,Gd,Unf,0.0,Unf,7.149916836132109,GasA,Ex,Y,SBrkr,7.284134806195205,0.0,2,0.6931471805599453,Gd,Typ,1,TA,Attchd,Fin,2,TA,TA,Y,4.969813299576001,0.0,0.0,5,2006,WD,Normal,215000,9.362975618399776,2.0,3.044522437723423,3,3,0
160,4.110873864173311,RL,4.90527477843843,9.87194528452625,Pave,IR1,HLS,AllPub,Corner,Gtl,Gilbert,Norm,Norm,1Fam,2Story,7,5,2005,2006,Gable,CompShg,VinylSd,VinylSd,6.124683390894205,Gd,TA,PConc,Gd,TA,Mn,GLQ,4.060443010546419,Unf,7.197435354096591,GasA,Ex,Y,SBrkr,7.239214973779806,6.976348070447749,4,0.6931471805599453,Gd,Typ,1,Gd,Attchd,RFn,2,TA,TA,Y,5.480638923341991,0.0,0.0,3,2006,New,Partial,320000,9.754697478950966,3.5,5.707110264748875,1,0,1
896,4.110873864173311,RL,4.276666119016055,8.86177531100083,Pave,Reg,Lvl,AllPub,Inside,Gtl,NAmes,Norm,Norm,1Fam,2Story,6,5,1963,1963,Hip,CompShg,HdBoard,HdBoard,6.030685260261263,TA,TA,CBlock,TA,TA,No,BLQ,5.993961427306569,Unf,5.942799375126701,GasA,TA,Y,SBrkr,6.891625897052253,6.70196036600254,4,0.6931471805599453,TA,Typ,1,TA,Attchd,RFn,2,TA,TA,Y,0.0,0.0,0.0,10,2008,WD,Normal,140000,9.285169512596832,2.5,3.9318256327243257,45,45,0
1193,3.9318256327243257,RM,4.110873864173311,9.169622538697624,Pave,Reg,Lvl,AllPub,Inside,Gtl,OldTown,Norm,Norm,1Fam,1.5Fin,5,8,1925,1994,Gambrel,CompShg,VinylSd,VinylSd,0.0,TA,TA,PConc,TA,TA,Mn,Unf,0.0,Unf,6.555356891810665,GasA,Gd,Y,SBrkr,6.736966958001855,6.447305862541213,3,0.6931471805599453,Gd,Typ,0,NA,Detchd,Unf,1,TA,Fa,P,0.0,0.0,0.0,7,2007,WD,Normal,125000,8.903951072058707,1.0,4.442651256490317,82,13,1
258,3.044522437723423,RL,4.23410650459726,9.08421009483197,Pave,Reg,Lvl,AllPub,Inside,Gtl,CollgCr,Norm,Norm,1Fam,1Story,7,5,2006,2006,Gable,CompShg,VinylSd,VinylSd,5.198497031265826,Gd,TA,PConc,Gd,TA,No,GLQ,7.19668657083435,Unf,5.602118820879701,GasA,Ex,Y,SBrkr,7.380879035564116,0.0,3,0.6931471805599453,Gd,Typ,1,Gd,Attchd,RFn,2,TA,TA,Y,4.820281565605037,0.0,0.0,3,2009,WD,Abnorml,220000,9.326254996572539,3.5,4.709530201312334,3,3,0
336,5.25227342804663,RL,4.454347296253507,12.011644093954345,Grvl,IR1,HLS,AllPub,Corner,Sev,Timber,Norm,Norm,2fmCon,1.5Fin,5,6,1965,1965,Gable,CompShg,Plywood,Plywood,0.0,TA,TA,CBlock,TA,TA,Gd,ALQ,7.1308988302963465,BLQ,4.6443908991413725,GasA,Ex,Y,SBrkr,7.3901814282264295,5.123963979403259,3,0.6931471805599453,TA,Typ,2,Gd,Attchd,Fin,2,TA,TA,Y,6.508769136971682,0.0,6.55250788703459,8,2008,WD,Normal,228950,9.097283649683886,4.0,0.0,43,43,0
1372,4.394449154672439,RL,4.394449154672439,9.169622538697624,Pave,Reg,Lvl,AllPub,Inside,Gtl,NAmes,Norm,Norm,1Fam,SLvl,6,6,1955,1996,Hip,CompShg,AsbShng,AsbShng,0.0,TA,TA,CBlock,TA,TA,Av,BLQ,6.723832440821209,Unf,5.087596335232384,GasA,Gd,Y,SBrkr,7.415776975415394,0.0,3,0.6931471805599453,Gd,Typ,1,TA,BuiltIn,RFn,1,TA,TA,Y,0.0,0.0,0.0,10,2008,WD,Normal,165500,9.207034914967457,2.0,5.332718793265369,53,12,1
1040,5.198497031265826,RM,3.091042453358316,7.298445101508147,Pave,Reg,Lvl,AllPub,Inside,Gtl,MeadowV,Norm,Norm,TwnhsE,SFoyer,4,4,1970,1970,Gable,CompShg,CemntBd,CmentBd,0.0,TA,TA,CBlock,Gd,TA,Av,GLQ,6.234410725718371,Unf,4.804021044733257,GasA,TA,Y,SBrkr,6.447305862541213,0.0,1,0.6931471805599453,TA,Typ,0,NA,Attchd,Unf,1,TA,TA,Y,0.0,0.0,0.0,4,2009,WD,Normal,80000,7.83241092718792,2.0,0.0,39,39,0
516,3.044522437723423,RL,4.553876891600541,9.410911062438,Pave,Reg,Lvl,AllPub,Inside,Gtl,NridgHt,Norm,Norm,1Fam,1Story,10,5,2009,2009,Hip,CompShg,CemntBd,CmentBd,5.723585101952381,Ex,TA,CBlock,Ex,TA,No,GLQ,7.270312886079025,Unf,6.3473892096560105,GasA,Ex,Y,SBrkr,7.611347717403621,0.0,3,0.6931471805599453,Ex,Typ,1,Gd,Attchd,Fin,3,TA,TA,Y,5.056245805348308,0.0,0.0,9,2009,New,Partial,402861,9.913487387114461,3.5,4.007333185232471,0,0,0
1016,4.110873864173311,RL,4.2626798770413155,9.036106025364846,Pave,Reg,Lvl,AllPub,Inside,Gtl,NWAmes,Norm,Norm,1Fam,2Story,8,6,2001,2001,Gable,CompShg,VinylSd,VinylSd,0.0,Gd,TA,PConc,Gd,TA,No,GLQ,6.467698726104354,Unf,5.123963979403259,GasA,Ex,Y,SBrkr,6.698268054115413,6.752270376141742,3,0.6931471805599453,Gd,Typ,0,NA,Attchd,Fin,2,TA,TA,Y,0.0,0.0,0.0,11,2009,WD,Normal,227000,9.497097016351463,3.5,3.828641396489095,8,8,0
769,3.044522437723423,RL,4.2626798770413155,9.116139576577355,Pave,Reg,Lvl,AllPub,Inside,Gtl,CollgCr,Norm,Norm,1Fam,1Story,7,5,2004,2005,Hip,CompShg,VinylSd,VinylSd,0.0,Gd,TA,PConc,Gd,TA,No,GLQ,3.2188758248682006,Unf,7.515889085215125,GasA,Ex,Y,SBrkr,7.515889085215125,0.0,3,0.6931471805599453,Gd,Typ,1,Gd,Attchd,Fin,2,TA,TA,Y,4.795790545596741,0.0,0.0,10,2006,WD,Normal,216837,9.461332526110132,2.0,3.5263605246161616,2,1,1
1293,4.2626798770413155,RM,4.110873864173311,8.79497643168877,Pave,Reg,Lvl,AllPub,Corner,Gtl,OldTown,Norm,Norm,1Fam,2Story,5,4,1892,1965,Gable,CompShg,Wd Sdng,Wd Sdng,0.0,TA,TA,Stone,TA,TA,No,Unf,0.0,Unf,6.902742737158593,GasA,TA,N,SBrkr,7.229113877793302,6.902742737158593,4,1.0986122886681098,TA,Min2,0,NA,Attchd,RFn,1,TA,TA,Y,0.0,0.0,0.0,12,2009,WD,Normal,107500,9.381010986029276,2.0,5.662960480135946,117,44,1
762,3.4339872044851463,RM,4.110873864173311,8.841014310483892,Pave,Reg,Lvl,AllPub,FR2,Gtl,BrkSide,Feedr,Norm,1Fam,1Story,5,5,1924,1950,Gable,CompShg,Wd Sdng,Wd Sdng,0.0,TA,TA,PConc,TA,TA,Mn,LwQ,6.0063531596017325,Unf,6.608000625296087,GasA,TA,Y,SBrkr,7.171656822768514,0.0,2,0.6931471805599453,Fa,Min1,0,NA,Detchd,Unf,2,TA,TA,Y,0.0,0.0,0.0,10,2009,WD,Normal,100000,8.780480107033297,1.0,0.0,85,59,1
1075,3.044522437723423,RL,4.31748811353631,9.054504940418054,Pave,Reg,Lvl,AllPub,Inside,Gtl,CollgCr,Norm,Norm,1Fam,1Story,7,5,2006,2006,Gable,CompShg,VinylSd,VinylSd,0.0,Gd,TA,PConc,Gd,TA,Av,Unf,0.0,Unf,7.123672785204607,GasA,Ex,Y,SBrkr,7.123672785204607,0.0,2,0.6931471805599453,Gd,Typ,0,NA,Attchd,RFn,3,TA,TA,Y,4.948759890378168,0.0,0.0,5,2007,WD,Normal,194000,9.068892008391808,2.0,4.543294782270004,1,1,0
522,3.044522437723423,RL,4.51085950651685,9.391744841707654,Pave,IR1,Lvl,AllPub,Corner,Gtl,NAmes,Feedr,Norm,1Fam,1Story,6,6,1957,1957,Gable,CompShg,VinylSd,VinylSd,0.0,TA,TA,CBlock,TA,TA,No,Rec,6.656726524178391,Unf,6.148468295917647,GasA,Ex,Y,FuseA,7.126890808898808,0.0,3,0.6931471805599453,TA,Typ,2,Gd,Attchd,Unf,1,TA,TA,Y,0.0,0.0,0.0,5,2007,WD,Normal,150000,8.91798070997329,1.5,3.713572066704308,50,50,0
23,3.044522437723423,RL,4.330733340286331,9.184304357425342,Pave,Reg,Lvl,AllPub,Inside,Gtl,CollgCr,Norm,Norm,1Fam,1Story,8,5,2002,2002,Hip,CompShg,VinylSd,VinylSd,5.641907070938114,Gd,TA,PConc,Gd,TA,No,Unf,0.0,Unf,7.48324441607385,GasA,Ex,Y,SBrkr,7.493317248862145,0.0,3,0.6931471805599453,Gd,Typ,1,Gd,Attchd,RFn,2,TA,TA,Y,5.147494476813453,0.0,0.0,9,2008,WD,Normal,230000,9.57227147806062,2.0,5.075173815233827,6,6,0
357,3.044522437723423,RL,4.189654742026425,9.13227071655426,Pave,IR1,Lvl,AllPub,Inside,Gtl,Gilbert,Norm,Norm,1Fam,1Story,6,6,1992,1992,Gable,CompShg,HdBoard,HdBoard,4.672828834461906,TA,TA,PConc,Gd,TA,No,GLQ,6.329720905522696,Unf,6.395261598115449,GasA,Gd,Y,SBrkr,7.0630481633881725,0.0,3,0.6931471805599453,Gd,Typ,0,NA,Attchd,RFn,2,TA,TA,Y,4.795790545596741,0.0,0.0,7,2009,WD,Normal,173000,8.854093907655518,3.0,3.295836866004329,17,17,0
1452,3.044522437723423,RL,4.3694478524670215,9.133783249254028,Pave,Reg,Lvl,AllPub,Inside,Gtl,Somerst,Norm,Norm,1Fam,1Story,8,5,2008,2009,Gable,CompShg,CemntBd,CmentBd,5.272999558563747,Gd,TA,PConc,Gd,TA,No,Unf,0.0,Unf,7.3613754289773485,GasA,Ex,Y,SBrkr,7.364547014255642,0.0,3,0.6931471805599453,Ex,Typ,1,Gd,Attchd,Fin,3,TA,TA,Y,0.0,0.0,0.0,5,2009,New,Partial,287090,9.443434254143561,2.0,3.6109179126442243,1,0,1
341,4.110873864173311,RL,4.454347296253507,9.56043370454936,Pave,Reg,Lvl,AllPub,Inside,Gtl,Timber,Norm,Norm,1Fam,2Story,8,5,2002,2002,Gable,CompShg,VinylSd,VinylSd,0.0,Gd,TA,PConc,Gd,TA,No,Unf,0.0,Unf,6.875232087276577,GasA,Ex,Y,SBrkr,6.901737206656574,6.82001636467413,4,0.6931471805599453,Gd,Typ,0,NA,Attchd,Fin,2,TA,TA,Y,4.912654885736052,0.0,0.0,4,2010,WD,Normal,202900,9.633317905168978,2.5,0.0,8,8,0
432,3.9318256327243257,RM,4.110873864173311,8.628197749459149,Pave,IR1,Bnk,AllPub,Inside,Gtl,OldTown,Feedr,Norm,1Fam,1.5Fin,6,7,1920,1998,Gable,CompShg,MetalSd,MetalSd,0.0,TA,TA,BrkTil,TA,TA,No,Unf,0.0,Unf,6.804614520062624,GasA,Gd,Y,SBrkr,6.9930151229329605,4.709530201312334,4,0.6931471805599453,TA,Typ,0,NA,NA,NA,0,NA,NA,N,0.0,0.0,0.0,9,2008,ConLD,Abnorml,79900,8.880307358983872,1.0,4.59511985013459,88,10,1
474,3.044522437723423,RL,4.709530201312334,9.614337736809313,Pave,IR1,Lvl,AllPub,Inside,Gtl,NridgHt,Norm,Norm,1Fam,1Story,8,5,2006,2007,Gable,CompShg,VinylSd,VinylSd,5.720311776607412,Gd,TA,PConc,Ex,TA,Gd,GLQ,7.208600337960199,Unf,6.440946540632921,GasA,Ex,Y,SBrkr,7.589335823170617,0.0,2,0.6931471805599453,Gd,Typ,1,Ex,Attchd,RFn,3,TA,TA,Y,5.5254529391317835,0.0,0.0,7,2007,New,Partial,440000,9.668334677096187,3.0,4.1588830833596715,1,0,1
218,4.2626798770413155,RM,4.060443010546419,9.20099685697303,Pave,Reg,Lvl,AllPub,Inside,Gtl,OldTown,Norm,Norm,1Fam,2Story,4,4,1925,1950,Gable,CompShg,MetalSd,MetalSd,0.0,TA,TA,CBlock,TA,TA,No,Unf,0.0,Unf,6.532334292222349,GasA,Fa,N,SBrkr,6.698268054115413,6.251903883165888,3,0.6931471805599453,TA,Typ,0,NA,Detchd,Unf,1,TA,TA,Y,0.0,0.0,0.0,9,2006,WD,Family,107000,8.577911926450943,1.0,5.4510384535657,81,56,1
912,3.044522437723423,RL,4.2626798770413155,9.13637085177601,Pave,IR1,Lvl,AllPub,CulDSac,Mod,CollgCr,Norm,Norm,1Fam,1Story,5,7,1977,1989,Gable,CompShg,HdBoard,Plywood,0.0,TA,TA,CBlock,Gd,Gd,Av,ALQ,5.2832037287379885,Unf,6.9782137426306985,GasA,TA,Y,SBrkr,7.1459844677143876,0.0,3,0.6931471805599453,Gd,Typ,0,NA,Detchd,Unf,1,TA,TA,Y,5.159055299214529,0.0,0.0,10,2009,WD,Normal,143500,8.754791763700032,1.5,0.0,32,20,1
1173,5.081404364984463,FV,3.58351893845611,8.29853954537488,Pave,IR1,Lvl,AllPub,Inside,Gtl,Somerst,Norm,Norm,TwnhsE,2Story,7,5,2006,2007,Gable,CompShg,MetalSd,MetalSd,0.0,Gd,TA,PConc,Gd,TA,No,Unf,0.0,Unf,6.439350371100098,GasA,Ex,Y,SBrkr,6.439350371100098,6.439350371100098,2,0.6931471805599453,Gd,Typ,0,NA,Detchd,Fin,2,TA,TA,Y,0.0,0.0,0.0,3,2008,WD,Normal,171900,9.076923258535832,2.5,4.007333185232471,2,1,1
1012,4.51085950651685,RL,4.330733340286331,9.192787212728593,Pave,Reg,Lvl,AllPub,Inside,Gtl,Edwards,Norm,Norm,Duplex,1Story,5,5,1965,1965,Hip,CompShg,AsphShn,AsphShn,0.0,TA,TA,CBlock,NA,NA,NA,NA,0.0,NA,0.0,GasA,TA,N,SBrkr,7.417580402414544,0.0,4,1.0986122886681098,TA,Typ,0,NA,NA,NA,0,NA,NA,Y,0.0,0.0,0.0,5,2010,WD,Normal,100000,9.02653771890043,2.0,0.0,45,45,0
1421,4.110873864173311,RL,4.51085950651685,9.367429587218957,Pave,Reg,Lvl,AllPub,Corner,Gtl,NWAmes,Norm,Norm,1Fam,2Story,6,6,1968,1968,Gable,CompShg,HdBoard,HdBoard,6.042632833682381,TA,TA,CBlock,TA,TA,No,ALQ,6.003887067106539,Unf,5.720311776607412,GasA,Gd,Y,SBrkr,6.5638555265321274,6.5638555265321274,3,0.6931471805599453,TA,Typ,1,TA,Attchd,RFn,2,TA,TA,Y,0.0,0.0,0.0,5,2006,WD,Normal,179900,9.047468439003541,2.5,5.666426688112432,38,38,0
94,5.25227342804663,C (all),4.110873864173311,8.881975184248867,Pave,Reg,Lvl,AllPub,Corner,Gtl,OldTown,Norm,Norm,2fmCon,2.5Unf,6,6,1910,1998,Hip,CompShg,MetalSd,MetalSd,0.0,TA,TA,BrkTil,TA,Fa,Mn,Rec,6.953684210870537,Unf,5.1298987149230735,GasW,Ex,N,SBrkr,7.13966033596492,6.939253946041508,4,1.0986122886681098,TA,Typ,1,Gd,Detchd,Unf,2,TA,TA,Y,0.0,0.0,0.0,11,2007,WD,Normal,133900,9.52857589747142,2.5,4.605170185988092,97,9,1
1009,3.044522437723423,RL,3.784189633918261,9.402529747968487,Pave,IR1,Lvl,AllPub,CulDSac,Gtl,Mitchel,Norm,Norm,1Fam,1Story,7,5,2004,2005,Hip,CompShg,VinylSd,VinylSd,4.6913478822291435,Gd,TA,PConc,Ex,TA,Mn,Unf,0.0,Unf,7.444833273892193,GasA,Ex,Y,SBrkr,7.444833273892193,0.0,3,0.6931471805599453,Gd,Typ,1,Gd,Attchd,Fin,2,TA,TA,Y,4.61512051684126,0.0,0.0,4,2009,WD,Normal,240000,9.39024233725137,2.0,5.43372200355424,5,4,1
697,3.4339872044851463,RM,3.9318256327243257,8.699681400989514,Pave,Reg,Lvl,AllPub,Inside,Gtl,BrkSide,Norm,Norm,1Fam,1Story,5,7,1921,1950,Gable,CompShg,Wd Sdng,Wd Shng,0.0,TA,TA,CBlock,TA,TA,No,LwQ,6.424869023905388,Unf,0.0,GasA,Gd,Y,SBrkr,6.424869023905388,0.0,2,0.6931471805599453,TA,Typ,0,NA,Detchd,Unf,1,TA,TA,Y,0.0,0.0,0.0,6,2006,WD,Normal,89000,8.033009498596668,1.0,4.867534450455582,85,56,1
997,3.044522437723423,RL,4.324132656254979,9.274253697719836,Pave,IR1,Lvl,AllPub,Inside,Gtl,NAmes,Norm,Norm,1Fam,1Story,5,6,1961,1961,Hip,CompShg,Wd Sdng,Wd Sdng,0.0,TA,TA,CBlock,TA,TA,No,Rec,6.82001636467413,Unf,4.912654885736052,GasA,TA,Y,SBrkr,6.957497370876951,0.0,3,0.6931471805599453,TA,Typ,0,NA,Attchd,Unf,1,TA,TA,Y,0.0,0.0,0.0,1,2006,COD,Normal,136500,8.566173813637858,2.0,5.768320995793772,45,45,0
154,3.044522437723423,RL,4.394449154672439,9.510519035757246,Pave,Reg,Lvl,AllPub,Inside,Gtl,ClearCr,Norm,Norm,1Fam,1Story,6,7,1960,1975,Flat,CompShg,BrkFace,Plywood,0.0,TA,TA,CBlock,Gd,TA,Gd,BLQ,6.063785208687608,ALQ,4.543294782270004,GasA,Gd,Y,SBrkr,7.133295954896068,0.0,1,0.6931471805599453,TA,Typ,1,Gd,Attchd,RFn,2,TA,TA,Y,6.016157159698354,0.0,0.0,3,2008,WD,Normal,235000,8.92439013236916,2.0,0.0,48,33,1
1308,3.044522437723423,RL,4.110873864173311,8.996280439395015,Pave,Reg,Lvl,AllPub,Inside,Gtl,CollgCr,Norm,Norm,1Fam,1Story,5,5,1994,1995,Gable,CompShg,VinylSd,VinylSd,0.0,TA,Gd,PConc,Gd,Gd,No,ALQ,6.616065185132817,Unf,5.501258210544727,GasA,Ex,Y,SBrkr,6.898714534329988,0.0,3,0.6931471805599453,TA,Typ,0,NA,Detchd,Unf,2,TA,TA,Y,0.0,0.0,0.0,5,2009,WD,Normal,138000,8.507344855361422,2.0,4.174387269895637,15,14,1
1459,3.044522437723423,RL,4.23410650459726,9.181735114965848,Pave,Reg,Lvl,AllPub,Inside,Gtl,NAmes,Norm,Norm,1Fam,1Story,5,6,1950,1996,Hip,CompShg,MetalSd,MetalSd,0.0,TA,TA,CBlock,TA,TA,Mn,GLQ,3.912023005428146,Rec,0.0,GasA,Gd,Y,FuseA,6.983789965258135,0.0,2,0.6931471805599453,Gd,Typ,0,NA,Attchd,Unf,1,TA,TA,Y,5.905361848054571,0.0,0.0,4,2010,WD,Normal,142125,8.592486175451668,2.0,4.727387818712341,60,14,1
790,4.110873864173311,RL,4.394449154672439,9.40968291310444,Pave,IR1,Low,AllPub,Inside,Gtl,ClearCr,Norm,Norm,1Fam,2Story,6,8,1966,2007,Gable,CompShg,HdBoard,HdBoard,5.062595033026967,TA,TA,CBlock,TA,Fa,Gd,LwQ,6.343880434126331,Unf,5.579729825986222,GasA,Gd,Y,SBrkr,6.884486652042782,7.013915474810528,5,0.6931471805599453,Gd,Typ,0,NA,Attchd,Fin,2,TA,TA,Y,4.897839799950911,0.0,0.0,7,2007,WD,Normal,187500,9.435322232564033,2.5,5.1298987149230735,41,0,1
581,3.044522437723423,RL,4.324132656254979,9.587817443544179,Pave,IR1,Lvl,AllPub,CulDSac,Gtl,NAmes,Norm,Norm,1Fam,1Story,6,6,1960,1987,Gable,CompShg,Wd Sdng,Wd Sdng,4.454347296253507,TA,TA,CBlock,TA,TA,No,BLQ,6.38856140554563,Rec,5.805134968916488,GasA,Ex,Y,SBrkr,7.265429723253953,0.0,3,0.6931471805599453,Gd,Typ,2,Gd,Attchd,Unf,2,TA,TA,Y,5.37989735354046,0.0,0.0,6,2007,WD,Normal,181900,9.056606272034141,1.5,4.709530201312334,47,20,1
704,5.25227342804663,RM,4.343805421853684,8.939974177289633,Pave,Reg,Lvl,AllPub,Inside,Gtl,OldTown,Feedr,Norm,2fmCon,2Story,5,9,1900,1996,Gable,CompShg,Wd Sdng,Wd Sdng,0.0,TA,Gd,BrkTil,Gd,TA,No,Unf,0.0,Unf,5.8888779583328805,GasA,Gd,Y,SBrkr,6.940222469119639,6.660575149839686,4,1.0986122886681098,Gd,Typ,1,Po,Detchd,Unf,2,TA,TA,N,5.84354441703136,0.0,0.0,5,2010,WD,Normal,140000,9.11173476822206,2.0,3.713572066704308,110,14,1
1226,4.394449154672439,RL,4.189654742026425,9.257510176452573,Pave,Reg,Lvl,AllPub,Inside,Gtl,NAmes,Norm,Norm,1Fam,SLvl,6,8,1958,1958,Hip,CompShg,VinylSd,VinylSd,4.1588830833596715,TA,Gd,CBlock,TA,TA,Av,GLQ,6.230481447578482,Unf,4.406719247264253,GasA,Ex,Y,SBrkr,7.037905963447182,0.0,3,0.6931471805599453,TA,Typ,0,NA,Attchd,RFn,1,TA,TA,Y,5.41610040220442,0.0,0.0,6,2007,WD,Normal,145000,8.82893352896109,1.5,0.0,49,49,0
488,3.044522437723423,RL,4.2626798770413155,9.412791300065303,Pave,IR1,Lvl,AllPub,Inside,Gtl,NWAmes,Norm,Norm,1Fam,1Story,5,6,1971,1971,Gable,CompShg,Plywood,Plywood,0.0,TA,TA,CBlock,Gd,TA,Av,ALQ,6.906754778648554,Unf,6.18826412308259,GasA,Gd,Y,SBrkr,7.3031700512368,0.0,3,0.6931471805599453,TA,Typ,1,TA,Attchd,Unf,2,TA,TA,Y,5.41610040220442,0.0,0.0,2,2007,WD,Normal,175000,8.912069097970134,2.0,5.198497031265826,36,36,0
560,4.795790545596741,RL,3.784189633918261,8.069968149059841,Pave,Reg,Lvl,AllPub,Inside,Gtl,Blmngtn,Norm,Norm,TwnhsE,1Story,7,5,2003,2004,Gable,CompShg,VinylSd,VinylSd,2.9444389791664403,Gd,TA,PConc,Gd,TA,Gd,Unf,0.0,Unf,7.226209010100671,GasA,Ex,Y,SBrkr,7.351158226430694,0.0,2,0.6931471805599453,Gd,Typ,1,TA,Attchd,Fin,2,TA,TA,Y,4.969813299576001,0.0,0.0,10,2006,WD,Normal,234000,9.296518068217235,2.0,3.044522437723423,3,2,1
802,3.4339872044851463,RM,3.713572066704308,8.476579508530941,Pave,Reg,Lvl,AllPub,Inside,Gtl,IDOTRR,Norm,Norm,1Fam,1Story,4,7,1916,1990,Gable,CompShg,MetalSd,MetalSd,0.0,TA,TA,CBlock,TA,TA,No,LwQ,5.288267030694535,Unf,6.907755278982137,GasA,Ex,Y,FuseA,7.087573705557973,0.0,2,0.6931471805599453,TA,Typ,0,NA,Detchd,Unf,2,TA,TA,Y,0.0,0.0,0.0,7,2007,WD,Normal,109900,8.473241303887054,2.0,0.0,91,17,1
513,3.044522437723423,RL,4.2626798770413155,9.116139576577355,Pave,Reg,Lvl,AllPub,Corner,Gtl,NAmes,Feedr,Norm,1Fam,1Story,5,5,1958,1958,Gable,CompShg,VinylSd,VinylSd,0.0,TA,TA,CBlock,TA,TA,No,BLQ,6.257667587882639,LwQ,5.135798437050262,GasA,TA,Y,SBrkr,6.762729506931879,0.0,3,0.6931471805599453,TA,Typ,0,NA,Detchd,Unf,2,TA,TA,Y,0.0,0.0,0.0,7,2006,WD,Normal,129900,8.371242135931933,2.0,0.0,48,48,0
634,3.044522437723423,RL,4.394449154672439,9.132486932771318,Pave,Reg,Lvl,AllPub,Corner,Gtl,NAmes,Norm,Norm,1Fam,1Story,5,7,1954,2005,Gable,CompShg,Wd Sdng,Wd Sdng,0.0,TA,TA,CBlock,TA,TA,No,BLQ,6.175867270105761,LwQ,4.6913478822291435,GasA,TA,Y,SBrkr,6.963189985870238,0.0,3,0.6931471805599453,TA,Typ,0,NA,Attchd,Unf,1,TA,TA,Y,5.968707559985366,0.0,0.0,7,2007,WD,Normal,139400,8.571870752706934,1.5,0.0,53,2,1
1303,4.110873864173311,RL,4.532599493153256,9.222367752188902,Pave,Reg,Lvl,AllPub,Inside,Gtl,NoRidge,Norm,Norm,1Fam,2Story,8,5,1994,1994,Hip,CompShg,VinylSd,VinylSd,5.971261839790462,Gd,TA,PConc,Gd,TA,No,GLQ,6.608000625296087,Unf,6.054439346269371,GasA,Ex,Y,SBrkr,7.093404625868766,7.188412736496954,4,0.6931471805599453,Gd,Typ,1,TA,Attchd,RFn,3,TA,TA,Y,5.736572297479192,0.0,0.0,12,2006,WD,Normal,290000,9.913883328718248,3.5,4.3694478524670215,12,12,0
791,4.795790545596741,RL,3.784189633918261,8.065579427282092,Pave,Reg,Lvl,AllPub,Inside,Gtl,Blmngtn,Norm,Norm,TwnhsE,1Story,7,5,2005,2006,Gable,CompShg,VinylSd,VinylSd,2.4849066497880004,Gd,TA,PConc,Gd,TA,No,GLQ,2.833213344056216,Unf,7.029972911706386,GasA,Ex,Y,SBrkr,7.044032897274685,0.0,2,0.6931471805599453,Gd,Typ,1,Gd,Attchd,Fin,2,TA,TA,Y,4.61512051684126,0.0,0.0,9,2009,WD,Normal,160200,8.989194823324645,2.0,2.833213344056216,4,3,1
117,3.044522437723423,RL,4.269697449699962,9.360224821513475,Pave,Reg,Lvl,AllPub,Inside,Gtl,Sawyer,Norm,Norm,1Fam,1Story,5,5,1962,1962,Gable,CompShg,Wd Sdng,Wd Sdng,4.762173934797756,TA,TA,CBlock,TA,TA,No,LwQ,5.14166355650266,BLQ,5.53338948872752,GasA,TA,Y,SBrkr,6.996681488176539,0.0,3,0.6931471805599453,TA,Typ,1,Po,Attchd,Unf,1,TA,TA,Y,0.0,0.0,0.0,9,2009,WD,Normal,139000,8.605387202152153,1.5,5.10594547390058,47,47,0
741,4.2626798770413155,RM,4.110873864173311,9.169622538697624,Pave,Reg,Lvl,AllPub,Inside,Gtl,OldTown,Norm,Norm,1Fam,2Story,5,7,1910,2002,Gable,CompShg,Wd Sdng,Wd Shng,0.0,TA,Gd,BrkTil,Fa,Fa,No,Unf,0.0,Unf,5.579729825986222,GasA,Ex,Y,SBrkr,6.645090969505644,6.499787040655854,2,0.6931471805599453,TA,Typ,0,NA,Detchd,Unf,2,TA,Gd,Y,5.602118820879701,0.0,0.0,5,2007,WD,Abnorml,132000,8.87640491500694,2.0,4.727387818712341,97,5,1
831,3.044522437723423,RL,4.394449154672439,9.38437770918244,Pave,IR1,Lvl,AllPub,Corner,Gtl,NAmes,Norm,Norm,1Fam,1Story,6,5,1957,1957,Gable,CompShg,HdBoard,HdBoard,5.961005339623274,TA,TA,CBlock,TA,TA,No,Rec,6.947937068614969,Unf,5.8664680569332965,GasA,TA,Y,FuseA,7.239214973779806,0.0,3,0.6931471805599453,TA,Typ,2,Gd,Attchd,RFn,2,TA,TA,Y,0.0,0.0,0.0,6,2008,WD,Normal,166000,9.030376034755907,2.5,5.262690188904886,51,51,0
120,4.110873864173311,RL,4.189654742026425,9.043340831280013,Pave,Reg,Lvl,AllPub,Inside,Gtl,CollgCr,Norm,Norm,1Fam,2Story,6,5,2005,2006,Gable,CompShg,VinylSd,VinylSd,0.0,Gd,TA,PConc,Gd,TA,No,Unf,0.0,Unf,6.591673732008658,GasA,Ex,Y,SBrkr,6.591673732008658,6.591673732008658,3,0.6931471805599453,Gd,Typ,1,Gd,Attchd,Fin,2,TA,TA,Y,0.0,0.0,0.0,7,2006,New,Partial,163990,9.075322160298095,2.5,3.2188758248682006,1,0,1
657,3.044522437723423,RL,4.290459441148391,9.211140052146748,Pave,IR1,Lvl,AllPub,Inside,Gtl,NAmes,Norm,Norm,1Fam,1Story,5,7,1959,2006,Gable,CompShg,HdBoard,HdBoard,4.007333185232471,Gd,TA,CBlock,TA,TA,No,ALQ,6.693323668269949,Unf,5.5134287461649825,GasA,Ex,Y,SBrkr,6.960347729101308,0.0,3,0.6931471805599453,Gd,Typ,0,NA,Attchd,RFn,1,TA,TA,Y,0.0,0.0,0.0,8,2008,WD,Normal,145500,8.569026340056254,2.5,0.0,49,2,1
636,5.25227342804663,RH,4.110873864173311,9.296242800976886,Pave,Reg,Bnk,AllPub,Inside,Gtl,SWISU,Feedr,Norm,2fmCon,2.5Fin,6,7,1914,1995,Hip,CompShg,VinylSd,VinylSd,0.0,Fa,TA,CBlock,TA,Fa,No,LwQ,5.54907608489522,Unf,7.077498053569231,GasA,Ex,Y,FuseA,7.273092595999522,7.273092595999522,8,1.0986122886681098,Fa,Typ,0,NA,NA,NA,0,NA,NA,N,0.0,0.0,0.0,3,2007,WD,Abnorml,200000,9.921867599817558,2.0,4.709530201312334,93,12,1
370,3.044522437723423,RL,4.324132656254979,9.193295937366925,Pave,IR1,Lvl,AllPub,Corner,Gtl,NAmes,Norm,Norm,1Fam,1Story,5,7,1959,2006,Gable,CompShg,Wd Sdng,Wd Sdng,0.0,TA,Gd,CBlock,TA,TA,No,ALQ,4.290459441148391,Rec,6.598509028614515,GasA,Ex,Y,SBrkr,7.160845906664299,0.0,3,0.6931471805599453,Gd,Typ,1,Gd,Detchd,Fin,2,TA,TA,Y,5.8998973535824915,0.0,0.0,3,2010,WD,Normal,162000,8.769662508112274,2.0,5.298317366548036,51,4,1
269,3.4339872044851463,RM,4.276666119016055,8.839421607620602,Pave,Reg,Lvl,AllPub,Inside,Gtl,IDOTRR,Norm,Norm,1Fam,1Story,5,6,1940,1955,Gable,CompShg,VinylSd,VinylSd,0.0,TA,TA,CBlock,TA,TA,No,ALQ,6.0014148779611505,Rec,5.3612921657094255,GasA,Ex,Y,SBrkr,6.658011045870748,0.0,2,0.6931471805599453,TA,Typ,1,Gd,Detchd,Fin,1,Ex,Ex,Y,0.0,0.0,0.0,2,2008,WD,Normal,120500,8.266421472984554,1.0,3.258096538021482,68,53,1
656,5.081404364984463,RM,3.091042453358316,7.427144133408616,Pave,Reg,Lvl,AllPub,Inside,Gtl,BrDale,Norm,Norm,Twnhs,2Story,6,5,1971,1971,Gable,CompShg,HdBoard,ImStucc,5.945420608606575,TA,TA,CBlock,TA,TA,No,Unf,0.0,Unf,6.26530121273771,GasA,TA,Y,SBrkr,6.26530121273771,6.342121418721152,3,0.6931471805599453,TA,Typ,0,NA,Detchd,Unf,1,TA,TA,Y,0.0,0.0,0.0,3,2010,WD,Family,88000,8.787678239039497,1.5,0.0,39,39,0
936,3.4339872044851463,RL,3.970291913552122,8.67008593751938,Pave,IR1,Lvl,AllPub,Inside,Gtl,BrkSide,Norm,Norm,1Fam,1Story,4,5,1926,1953,Gable,CompShg,MetalSd,MetalSd,4.6913478822291435,TA,Gd,PConc,Fa,TA,Mn,Unf,0.0,Unf,6.398594934535208,GasA,Gd,Y,SBrkr,6.617402977974478,0.0,1,0.6931471805599453,TA,Typ,0,NA,Detchd,Unf,2,TA,TA,Y,0.0,0.0,0.0,6,2006,WD,Normal,79900,8.002694162283937,1.0,3.4965075614664802,80,53,1
823,4.110873864173311,RL,4.189654742026425,9.42504844446929,Pave,IR1,Lvl,AllPub,Corner,Gtl,Gilbert,Norm,Norm,1Fam,2Story,7,5,2003,2003,Gable,CompShg,VinylSd,VinylSd,0.0,Gd,TA,PConc,Gd,TA,Gd,Unf,0.0,Unf,6.742880635791903,GasA,Ex,Y,SBrkr,6.742880635791903,6.787844982309579,3,0.6931471805599453,Gd,Typ,1,Gd,BuiltIn,Fin,2,TA,TA,Y,4.61512051684126,0.0,0.0,10,2007,WD,Family,225000,9.403601868808472,2.5,3.8918202981106265,4,4,0
867,3.044522437723423,RL,4.219507705176107,9.273972232220956,Pave,IR1,HLS,AllPub,Inside,Gtl,Timber,Norm,Norm,1Fam,1Story,8,5,2006,2007,Gable,CompShg,VinylSd,VinylSd,5.616771097666572,Gd,TA,PConc,Gd,TA,Av,Unf,0.0,Unf,7.40184157874383,GasA,Ex,Y,SBrkr,7.4067107301776405,0.0,3,0.6931471805599453,Gd,Typ,1,Gd,Attchd,RFn,3,TA,TA,Y,5.262690188904886,0.0,0.0,11,2007,New,Partial,248900,9.48562086171022,2.0,4.394449154672439,1,0,1
47,3.9318256327243257,RL,3.8918202981106265,9.458995712459116,Pave,IR1,Lvl,AllPub,CulDSac,Gtl,Mitchel,Norm,Norm,1Fam,1.5Fin,7,5,2003,2003,Gable,CompShg,VinylSd,VinylSd,0.0,Gd,TA,PConc,Ex,TA,No,GLQ,7.20934025660291,Unf,4.430816798843313,GasA,Ex,Y,SBrkr,7.325807502595773,6.448889394146858,1,0.6931471805599453,Gd,Typ,1,Ex,Attchd,RFn,2,TA,TA,Y,5.1298987149230735,0.0,0.0,8,2009,WD,Abnorml,239686,9.618734519590227,2.5,5.488937726156687,6,6,0
1288,3.044522437723423,RL,4.394449154672439,10.505094936455558,Pave,IR1,Low,AllPub,Inside,Mod,ClearCr,Norm,Norm,1Fam,1Story,5,5,1964,1964,Gable,CompShg,Wd Sdng,Wd Sdng,6.432940092739179,TA,Gd,CBlock,TA,TA,Av,Rec,6.70073110954781,Unf,6.70073110954781,GasA,Fa,Y,SBrkr,7.367077059881012,0.0,4,0.6931471805599453,TA,Typ,0,NA,Attchd,Unf,2,TA,TA,N,5.1298987149230735,0.0,0.0,6,2006,WD,Normal,190000,8.976009475021396,2.5,5.293304824724492,42,42,0
992,4.2626798770413155,RM,4.804021044733257,9.779736745099953,Pave,Reg,Lvl,AllPub,Corner,Gtl,OldTown,Artery,Norm,1Fam,2Story,8,9,1882,1986,Gable,CompShg,Wd Sdng,Wd Sdng,0.0,Gd,Gd,BrkTil,TA,TA,No,BLQ,5.37989735354046,Unf,6.55250788703459,GasA,Gd,Y,SBrkr,6.821107472256465,6.717804695023691,4,0.6931471805599453,Gd,Typ,1,Gd,Attchd,Unf,2,TA,TA,P,0.0,0.0,0.0,11,2009,WD,Normal,168000,9.54230245311951,1.5,5.135798437050262,127,23,1
877,3.044522437723423,RL,4.553876891600541,10.138045708665592,Pave,Reg,HLS,AllPub,Inside,Mod,Mitchel,Norm,Norm,1Fam,1Story,4,5,1963,1963,Gable,CompShg,HdBoard,Plywood,0.0,TA,TA,PConc,TA,TA,Gd,ALQ,6.452048954437226,Unf,6.068425588244111,GasA,Gd,Y,SBrkr,6.947937068614969,0.0,3,0.6931471805599453,TA,Typ,0,NA,Attchd,Unf,2,TA,TA,Y,0.0,0.0,0.0,1,2007,WD,Normal,132250,8.333510708982942,2.0,0.0,44,44,0
774,3.044522437723423,RL,4.2626798770413155,9.225327501784431,Pave,Reg,Lvl,AllPub,Inside,Gtl,NAmes,Feedr,Norm,1Fam,1Story,5,5,1958,1958,Gable,CompShg,Wd Sdng,Wd Sdng,0.6931471805599453,TA,TA,CBlock,TA,TA,No,Rec,6.124683390894205,Unf,6.124683390894205,GasA,Ex,Y,FuseA,6.816735880594968,0.0,2,0.6931471805599453,TA,Typ,0,NA,Attchd,RFn,1,TA,TA,Y,0.0,0.0,0.0,7,2007,COD,Normal,114500,8.4252971767117,1.0,0.0,49,49,0
5,4.110873864173311,RL,4.442651256490317,9.565283817736766,Pave,IR1,Lvl,AllPub,FR2,Gtl,NoRidge,Norm,Norm,1Fam,2Story,8,5,2000,2000,Gable,CompShg,VinylSd,VinylSd,5.860786223465865,Gd,TA,PConc,Gd,TA,Av,GLQ,6.486160788944089,Unf,6.19644412779452,GasA,Ex,Y,SBrkr,7.044032897274685,6.960347729101308,4,0.6931471805599453,Gd,Typ,1,TA,Attchd,RFn,3,TA,TA,Y,5.262690188904886,0.0,0.0,12,2008,WD,Normal,250000,9.774801544908083,3.5,4.442651256490317,8,8,0
1004,4.51085950651685,RL,4.394449154672439,9.350189267092581,Pave,IR1,Lvl,AllPub,Corner,Gtl,NWAmes,Feedr,RRAn,Duplex,1Story,5,6,1976,1976,Gable,CompShg,VinylSd,VinylSd,5.10594547390058,TA,TA,CBlock,TA,TA,No,Unf,0.0,Unf,7.427144133408616,GasA,Fa,Y,SBrkr,7.427144133408616,0.0,4,1.0986122886681098,TA,Typ,0,NA,Detchd,Unf,2,TA,TA,Y,0.0,0.0,0.0,6,2007,WD,Normal,136905,9.036106025364846,2.0,0.0,31,31,0
1269,3.9318256327243257,RL,4.23410650459726,9.55400099583723,Pave,IR1,Lvl,AllPub,Inside,Mod,Crawfor,Norm,Norm,1Fam,1.5Fin,8,9,1935,1997,Gable,CompShg,Stucco,Stucco,6.450470422144176,TA,Gd,CBlock,TA,TA,Mn,Rec,5.262690188904886,Unf,6.285998094508865,GasA,Ex,Y,SBrkr,7.585281078639126,7.299797366758161,4,0.6931471805599453,Gd,Typ,2,Gd,BuiltIn,Unf,3,TA,TA,Y,5.752572638825633,0.0,0.0,5,2008,WD,Normal,381000,10.224737370956664,3.5,2.5649493574615367,73,11,1
264,3.9318256327243257,RM,3.9318256327243257,8.612685172875459,Pave,Reg,Lvl,AllPub,Corner,Gtl,OldTown,Norm,Norm,1Fam,1.5Fin,5,7,1929,2001,Gable,CompShg,Wd Sdng,Wd Sdng,0.0,TA,TA,BrkTil,TA,TA,No,LwQ,5.459585514144159,ALQ,0.0,GasA,TA,Y,SBrkr,6.831953565565855,0.0,3,0.6931471805599453,TA,Typ,0,NA,Detchd,Unf,2,TA,TA,Y,0.0,0.0,0.0,4,2010,WD,Normal,130000,8.791941988456118,2.0,0.0,81,9,1
1361,4.2626798770413155,RL,3.9512437185814275,9.194515821629212,Pave,Reg,Lvl,AllPub,Inside,Gtl,SWISU,Feedr,Norm,1Fam,2Story,5,6,1921,1998,Gable,CompShg,MetalSd,Wd Sdng,0.0,TA,TA,BrkTil,TA,Fa,No,Unf,0.0,Unf,6.418364935936212,GasA,Ex,Y,SBrkr,6.898714534329988,7.385230923066573,4,0.6931471805599453,TA,Typ,0,NA,BuiltIn,RFn,2,TA,TA,Y,5.214935757608986,0.0,0.0,5,2008,WD,Normal,189000,9.473166068429098,3.5,5.71042701737487,87,10,1
1335,5.081404364984463,RM,3.2188758248682006,7.7702232041587855,Pave,Reg,Lvl,AllPub,Inside,Gtl,BrDale,Norm,Norm,TwnhsE,2Story,5,6,1970,1970,Gable,CompShg,HdBoard,HdBoard,5.746203190540153,TA,TA,CBlock,TA,TA,No,LwQ,6.641182169740591,Unf,0.0,GasA,TA,Y,SBrkr,6.641182169740591,6.398594934535208,3,0.6931471805599453,TA,Min1,0,NA,Attchd,Unf,2,TA,TA,Y,0.0,0.0,0.0,5,2009,WD,Normal,125000,8.828494129466652,1.5,3.6109179126442243,39,39,0
444,4.795790545596741,RL,3.9889840465642745,8.274611946209552,Pave,Reg,Lvl,AllPub,Inside,Gtl,Blmngtn,Norm,Norm,TwnhsE,1Story,7,5,2006,2007,Gable,CompShg,WdShing,Wd Shng,4.290459441148391,Gd,TA,PConc,Ex,TA,Av,Unf,0.0,Unf,7.138073034044347,GasA,Ex,Y,SBrkr,7.138073034044347,0.0,2,0.6931471805599453,Gd,Typ,1,Gd,Attchd,Fin,3,TA,TA,Y,4.976733742420574,0.0,0.0,6,2007,New,Partial,172500,9.08330213880546,2.0,2.833213344056216,1,0,1
1003,3.044522437723423,RL,4.330733340286331,9.38915578944085,Pave,IR1,Lvl,AllPub,Inside,Gtl,Somerst,RRAn,Norm,1Fam,1Story,8,5,2006,2006,Gable,CompShg,VinylSd,VinylSd,3.9889840465642745,Gd,TA,PConc,Gd,TA,No,GLQ,3.2188758248682006,Unf,7.346655163176539,GasA,Ex,Y,SBrkr,7.362010551259734,0.0,3,0.6931471805599453,Gd,Typ,1,Gd,Attchd,RFn,3,TA,TA,Y,4.976733742420574,0.0,0.0,7,2008,WD,Normal,232000,9.440896383005846,2.0,4.653960350157523,2,2,0
1078,3.044522437723423,RL,4.324132656254979,9.672248823507559,Pave,IR1,Lvl,AllPub,Corner,Gtl,NAmes,Norm,Norm,1Fam,1Story,5,5,1969,1969,Gable,CompShg,VinylSd,Plywood,0.0,TA,TA,CBlock,TA,TA,Mn,BLQ,4.330733340286331,Rec,5.442417710521793,GasA,Ex,Y,SBrkr,7.00033446027523,0.0,3,0.6931471805599453,TA,Typ,0,NA,Attchd,Fin,1,TA,TA,Y,5.484796933490655,0.0,0.0,3,2006,WD,Abnorml,138800,8.609042845046117,2.0,3.4965075614664802,37,37,0
838,5.081404364984463,RM,3.091042453358316,7.427144133408616,Pave,Reg,Lvl,AllPub,Inside,Gtl,BrDale,Norm,Norm,Twnhs,2Story,6,5,1973,1973,Gable,CompShg,HdBoard,HdBoard,5.0689042022202315,TA,TA,CBlock,TA,TA,No,BLQ,5.802118375377063,Unf,5.0369526024136295,GasA,TA,Y,SBrkr,6.182084906716632,6.22455842927536,2,0.6931471805599453,TA,Typ,0,NA,Detchd,Unf,1,TA,TA,Y,0.0,0.0,0.0,11,2008,WD,Normal,100000,8.686598356276965,2.5,0.0,35,35,0
1305,5.081404364984463,RM,3.4965075614664802,8.120886021092838,Pave,Reg,Lvl,AllPub,Inside,Gtl,Edwards,Norm,Norm,TwnhsE,2Story,7,5,2004,2004,Gable,CompShg,VinylSd,VinylSd,4.770684624465665,Gd,TA,PConc,Gd,TA,No,Unf,0.0,Unf,6.884486652042782,GasA,Ex,Y,SBrkr,6.884486652042782,6.597145701886651,3,0.6931471805599453,Gd,Maj1,0,NA,Detchd,Unf,2,TA,TA,Y,0.0,0.0,0.0,4,2006,WD,Normal,130000,9.38907215991958,2.0,3.713572066704308,2,2,0
305,4.330733340286331,RM,4.477336814478207,9.819399172153842,Pave,Reg,Lvl,AllPub,Inside,Gtl,OldTown,Norm,Norm,1Fam,2.5Fin,7,9,1880,2002,Gable,CompShg,CemntBd,CmentBd,0.0,TA,TA,BrkTil,TA,TA,No,Unf,0.0,Unf,7.293697720601438,GasA,Ex,Y,SBrkr,7.424165281042028,7.506042178518122,3,0.6931471805599453,Gd,Typ,1,Ex,Attchd,Unf,3,TA,TA,Y,5.713732805509369,0.0,0.0,5,2008,WD,Normal,295000,10.104467291148616,3.0,0.0,128,6,1
1212,3.9318256327243257,RL,5.030437921392435,9.403849118160702,Pave,IR1,Bnk,AllPub,Inside,Mod,Gilbert,Norm,Norm,1Fam,1.5Fin,8,7,1988,2005,Gable,CompShg,Wd Sdng,Wd Sdng,0.0,Gd,TA,Wood,Gd,TA,Av,GLQ,6.059123195581797,Unf,4.890349128221754,GasA,Gd,Y,SBrkr,6.985641817639208,6.511745329644728,4,0.6931471805599453,TA,Typ,0,NA,Basment,RFn,2,TA,TA,Y,5.786897381366708,0.0,0.0,6,2010,WD,Normal,164000,9.548026157663058,2.0,2.5649493574615367,22,5,1
314,3.044522437723423,RL,5.017279836814924,12.279536839074337,Pave,IR3,Low,AllPub,Inside,Sev,Timber,Norm,Norm,1Fam,1Story,7,5,1965,1965,Hip,CompShg,BrkFace,BrkFace,0.0,TA,TA,CBlock,Gd,TA,Gd,ALQ,7.1204443723924875,Rec,4.394449154672439,GasW,TA,Y,SBrkr,7.619233416226805,0.0,3,0.6931471805599453,TA,Typ,2,Gd,Attchd,RFn,2,TA,TA,Y,0.0,0.0,0.0,6,2009,WD,Normal,375000,9.564722689855031,4.0,0.0,44,44,0
150,3.9318256327243257,RM,3.970291913552122,8.738895704934043,Pave,Reg,Lvl,AllPub,Inside,Gtl,BrkSide,Norm,Norm,1Fam,1.5Fin,5,4,1936,1950,Gable,CompShg,MetalSd,MetalSd,0.0,TA,TA,BrkTil,Gd,TA,No,Unf,0.0,Unf,6.799055862058796,GasA,Gd,Y,FuseA,6.799055862058796,6.1070228877422545,3,0.6931471805599453,TA,Typ,0,NA,Detchd,Unf,1,Fa,TA,Y,5.303304908059076,0.0,0.0,4,2006,WD,Normal,115000,8.812992231969966,1.0,4.74493212836325,70,56,1
575,4.394449154672439,RL,4.2626798770413155,9.259225769705994,Pave,Reg,Lvl,AllPub,FR2,Gtl,NAmes,Norm,Norm,1Fam,SLvl,5,7,1971,2005,Gambrel,CompShg,MetalSd,AsphShn,4.418840607796598,TA,TA,CBlock,TA,TA,Av,ALQ,5.857933154483459,Unf,3.1780538303479458,GasA,TA,Y,SBrkr,6.3578422665081,6.280395838960195,3,0.6931471805599453,TA,Typ,0,NA,BuiltIn,Unf,1,TA,TA,Y,3.58351893845611,0.0,0.0,12,2007,WD,Normal,139000,8.620832226175724,1.5,0.0,36,2,1
51,4.110873864173311,RL,4.189654742026425,9.537483513308878,Pave,IR2,Lvl,AllPub,Corner,Gtl,Gilbert,Norm,Norm,1Fam,2Story,6,6,1997,1997,Gable,CompShg,VinylSd,VinylSd,0.0,TA,TA,PConc,Gd,TA,Av,GLQ,5.209486152841421,Unf,6.418364935936212,GasA,Gd,Y,SBrkr,6.678342114654332,6.517671272912275,3,0.6931471805599453,TA,Typ,0,NA,Attchd,Fin,2,TA,TA,Y,0.0,0.0,0.0,7,2007,WD,Normal,177000,9.084890521258767,2.5,4.330733340286331,10,10,0
1141,3.044522437723423,RL,4.110873864173311,8.902591637374087,Pave,Reg,Lvl,AllPub,Corner,Gtl,NAmes,Norm,Norm,1Fam,1Story,5,7,1951,1951,Gable,CompShg,HdBoard,HdBoard,0.0,TA,TA,CBlock,TA,TA,Mn,ALQ,6.748759547491679,Unf,4.61512051684126,GasA,TA,Y,SBrkr,6.859614903654202,0.0,2,0.6931471805599453,TA,Typ,0,NA,Detchd,Unf,2,TA,TA,Y,0.0,0.0,0.0,6,2008,COD,Abnorml,139000,8.46821300919452,2.0,0.0,57,57,0
727,3.044522437723423,RL,4.23410650459726,9.984883190740122,Pave,IR1,Lvl,AllPub,Corner,Gtl,Crawfor,Norm,Norm,1Fam,1Story,6,9,1988,2007,Hip,CompShg,Wd Sdng,Plywood,5.564520407322694,Gd,Gd,CBlock,Gd,TA,No,GLQ,6.695798917058491,Unf,4.290459441148391,GasA,Ex,Y,SBrkr,7.427144133408616,0.0,3,0.6931471805599453,Gd,Typ,1,Gd,Attchd,Fin,2,TA,TA,Y,5.680172609017068,0.0,0.0,12,2009,WD,Normal,222000,9.218407743053941,3.0,5.424950017481403,21,2,1
834,3.044522437723423,RL,4.61512051684126,9.210840247017833,Pave,Reg,Lvl,AllPub,Inside,Gtl,NAmes,Norm,Norm,1Fam,1Story,6,6,1964,1964,Gable,CompShg,HdBoard,Plywood,5.198497031265826,TA,TA,CBlock,TA,TA,No,Rec,5.2832037287379885,BLQ,6.883462586413092,GasA,TA,Y,SBrkr,7.324489979348532,0.0,3,0.6931471805599453,TA,Typ,0,NA,Attchd,RFn,2,TA,TA,Y,0.0,0.0,0.0,2,2009,WD,Normal,167000,9.115699967822062,1.5,5.030437921392435,45,45,0
1116,3.044522437723423,RL,4.543294782270004,9.399803036921504,Pave,Reg,Lvl,AllPub,Inside,Gtl,NridgHt,Norm,Norm,1Fam,1Story,8,5,2007,2007,Hip,CompShg,VinylSd,VinylSd,5.796057750765372,Gd,TA,PConc,Ex,TA,No,GLQ,6.912742820493176,Unf,6.594413459749778,GasA,Ex,Y,SBrkr,7.45876269238096,0.0,3,0.6931471805599453,Ex,Typ,1,Gd,Attchd,RFn,3,TA,TA,Y,0.0,0.0,0.0,11,2007,New,Partial,318000,9.537699784080726,3.0,0.0,0,0,0
471,4.795790545596741,RL,3.9982007016691985,8.82776136765472,Pave,IR1,Lvl,AllPub,Corner,Gtl,StoneBr,Norm,Norm,TwnhsE,1Story,8,5,1985,1985,Gable,CompShg,HdBoard,HdBoard,0.0,Gd,TA,PConc,Gd,TA,Av,GLQ,5.910796644040527,BLQ,0.0,GasA,TA,Y,SBrkr,7.315218389752975,0.0,1,0.6931471805599453,Gd,Typ,0,NA,Attchd,RFn,2,TA,TA,Y,0.0,0.0,0.0,6,2010,WD,Normal,212000,9.3940775929113,2.5,5.272999558563747,25,25,0
972,5.081404364984463,RL,3.6109179126442243,7.727094484779841,Pave,Reg,Lvl,AllPub,Inside,Gtl,NridgHt,Norm,Norm,Twnhs,2Story,7,5,2003,2004,Gable,CompShg,VinylSd,Wd Shng,4.672828834461906,Gd,TA,PConc,Gd,TA,No,GLQ,6.342121418721152,Unf,5.288267030694535,GasA,Ex,Y,SBrkr,6.639875833826536,6.760414691083428,2,0.6931471805599453,Gd,Typ,0,NA,BuiltIn,RFn,2,TA,TA,Y,0.0,0.0,0.0,7,2009,WD,Normal,173000,9.339876293325217,2.0,3.332204510175204,6,5,1
654,3.9318256327243257,RM,4.110873864173311,9.241935933565934,Pave,Reg,Lvl,AllPub,Inside,Gtl,IDOTRR,Norm,Norm,1Fam,1.5Fin,6,7,1906,1995,Gable,CompShg,MetalSd,MetalSd,0.0,TA,TA,CBlock,TA,TA,No,Unf,0.0,Unf,6.6293632534374485,GasA,Ex,Y,SBrkr,6.6293632534374485,6.570882962339584,3,0.6931471805599453,TA,Typ,0,NA,Detchd,Unf,1,TA,TA,Y,4.060443010546419,0.0,0.0,6,2008,WD,Normal,135000,9.08421009483197,1.0,5.480638923341991,102,13,1
400,4.110873864173311,FV,4.189654742026425,9.002824076547672,Pave,Reg,Lvl,AllPub,Inside,Gtl,Somerst,Norm,Norm,1Fam,2Story,7,5,2006,2007,Gable,CompShg,CemntBd,CmentBd,4.61512051684126,Gd,TA,PConc,Gd,TA,No,GLQ,6.70073110954781,Unf,5.638354669333745,GasA,Ex,Y,SBrkr,7.014814351275545,6.0844994130751715,2,0.6931471805599453,Gd,Typ,0,NA,Attchd,Fin,2,TA,TA,Y,0.0,0.0,0.0,10,2009,WD,Normal,241000,9.292012520620208,3.0,5.1298987149230735,3,2,1
512,4.795790545596741,RL,3.713572066704308,8.823647949191303,Pave,IR1,Lvl,AllPub,Inside,Gtl,NridgHt,Norm,Norm,TwnhsE,1Story,7,5,2005,2006,Gable,CompShg,VinylSd,VinylSd,4.553876891600541,Gd,TA,PConc,Gd,TA,No,Unf,0.0,Unf,7.221835825288449,GasA,Ex,Y,SBrkr,7.221835825288449,0.0,2,0.6931471805599453,Gd,Typ,1,Gd,Attchd,RFn,2,TA,TA,Y,4.890349128221754,0.0,0.0,3,2006,New,Partial,202665,9.16711966952162,2.0,3.58351893845611,1,0,1
321,4.110873864173311,RL,4.718498871295094,9.696463383101802,Pave,Reg,Lvl,AllPub,Corner,Gtl,NridgHt,Norm,Norm,1Fam,2Story,9,5,2006,2006,Gable,CompShg,VinylSd,VinylSd,5.916202062607435,TA,TA,PConc,Ex,Gd,Av,Unf,0.0,Unf,7.1308988302963465,GasA,Ex,Y,SBrkr,7.1308988302963465,7.206377291472252,4,0.6931471805599453,Gd,Typ,0,NA,Attchd,RFn,3,TA,TA,Y,5.484796933490655,0.0,0.0,9,2006,New,Partial,342643,10.058994455134526,3.5,5.043425116919247,0,0,0
20,3.044522437723423,RL,4.2626798770413155,8.93075873555827,Pave,Reg,Lvl,AllPub,Inside,Gtl,NAmes,Norm,Norm,1Fam,1Story,5,6,1958,1965,Hip,CompShg,BrkFace,Plywood,0.0,TA,TA,CBlock,TA,TA,No,LwQ,6.22455842927536,Unf,6.26530121273771,GasA,TA,Y,SBrkr,7.200424892944957,0.0,3,0.6931471805599453,TA,Min1,0,NA,Attchd,Unf,1,TA,TA,Y,0.0,0.0,0.0,5,2009,COD,Abnorml,139000,8.80926561216931,1.0,0.0,51,44,1
685,4.110873864173311,RL,4.07753744390572,9.727406483331627,Pave,IR2,Lvl,AllPub,CulDSac,Gtl,NoRidge,Norm,Norm,1Fam,2Story,7,5,1998,1998,Gable,CompShg,VinylSd,VinylSd,3.4339872044851463,Gd,TA,PConc,Gd,TA,No,Unf,0.0,Unf,7.086737934510577,GasA,Gd,Y,SBrkr,7.086737934510577,6.4692503167957724,4,0.6931471805599453,TA,Typ,0,NA,Attchd,Fin,2,TA,TA,Y,0.0,0.0,0.0,6,2010,WD,Normal,221000,9.462965052612562,2.5,4.406719247264253,12,12,0
36,4.110873864173311,RL,4.6913478822291435,9.504426892100957,Pave,Reg,Lvl,AllPub,Inside,Gtl,NridgHt,Norm,Norm,1Fam,2Story,8,5,2004,2005,Gable,CompShg,VinylSd,VinylSd,4.890349128221754,Gd,TA,PConc,Ex,TA,Av,Unf,0.0,Unf,7.0192966537150445,GasA,Ex,Y,SBrkr,7.0326242610280065,7.186144304522325,4,0.6931471805599453,Gd,Typ,1,Gd,BuiltIn,Fin,3,TA,TA,Y,4.736198448394496,0.0,0.0,9,2006,WD,Normal,309000,9.884151816229386,3.5,3.4965075614664802,2,1,1
903,4.110873864173311,RL,4.1588830833596715,8.971575439759016,Pave,Reg,Lvl,AllPub,Inside,Gtl,Gilbert,Norm,Norm,1Fam,2Story,7,5,2003,2003,Gable,CompShg,VinylSd,VinylSd,0.0,Gd,TA,PConc,Gd,TA,No,Unf,0.0,Unf,6.664409020350408,GasA,Ex,Y,SBrkr,6.694562058521095,6.555356891810665,3,0.6931471805599453,Gd,Typ,1,Gd,Attchd,Fin,2,TA,TA,Y,0.0,0.0,0.0,7,2006,WD,Normal,180000,9.265207273417023,2.5,4.330733340286331,3,3,0
828,3.044522437723423,RL,4.189654742026425,9.051344640485725,Pave,IR1,Lvl,AllPub,Inside,Gtl,SawyerW,Norm,Norm,1Fam,1Story,7,5,2001,2001,Gable,CompShg,VinylSd,VinylSd,0.0,Gd,TA,PConc,Gd,TA,No,GLQ,3.044522437723423,Unf,7.268920128193722,GasA,Ex,Y,SBrkr,7.268920128193722,0.0,3,0.6931471805599453,Gd,Typ,1,TA,Attchd,RFn,2,TA,TA,Y,5.673323267171493,0.0,0.0,4,2009,WD,Normal,189000,9.214232786691527,2.0,3.6888794541139363,8,8,0
1310,3.044522437723423,RL,4.204692619390966,8.875426919818963,Pave,Reg,Lvl,AllPub,Inside,Gtl,SawyerW,Norm,Norm,1Fam,1Story,6,5,1991,1991,Gable,CompShg,HdBoard,HdBoard,4.48863636973214,TA,TA,CBlock,Gd,TA,No,GLQ,7.0909098220799835,Unf,4.3694478524670215,GasA,Gd,Y,SBrkr,7.166265974133638,0.0,3,0.6931471805599453,Gd,Typ,0,NA,Attchd,RFn,2,TA,TA,Y,4.727387818712341,0.0,0.0,6,2008,WD,Normal,179200,8.957381735582787,3.0,3.9512437185814275,17,17,0
408,4.2626798770413155,RL,4.1588830833596715,9.653550746326605,Pave,Reg,Lvl,AllPub,Inside,Gtl,Crawfor,Norm,Norm,1Fam,2Story,6,7,1915,1976,Gable,CompShg,Wd Sdng,Plywood,0.0,TA,TA,BrkTil,Gd,TA,No,Unf,0.0,Unf,6.734591659972948,GasA,Ex,Y,SBrkr,6.734591659972948,6.734591659972948,4,0.6931471805599453,TA,Typ,0,NA,Attchd,Unf,1,TA,TA,Y,0.0,0.0,0.0,3,2008,WD,Normal,177000,9.218407743053941,2.0,5.081404364984463,93,32,1
921,4.110873864173311,RL,4.2626798770413155,9.043458999670106,Pave,IR1,Lvl,AllPub,Inside,Gtl,SawyerW,Norm,Norm,1Fam,2Story,6,5,1994,1994,Gable,CompShg,HdBoard,HdBoard,4.663439094112067,Gd,Gd,PConc,Gd,Gd,No,GLQ,6.703188113240863,Unf,4.74493212836325,GasA,Ex,Y,SBrkr,6.842683282238422,6.666956792429207,3,0.6931471805599453,Gd,Typ,0,NA,Attchd,RFn,2,TA,TA,Y,5.707110264748875,0.0,0.0,7,2007,WD,Normal,201000,9.242517103671403,3.0,4.477336814478207,13,13,0
538,3.044522437723423,RL,4.324132656254979,9.452187908084165,Pave,IR1,Lvl,AllPub,FR2,Gtl,NAmes,Norm,Norm,1Fam,1Story,4,5,1972,1972,Hip,CompShg,MetalSd,MetalSd,0.0,TA,TA,CBlock,TA,TA,No,BLQ,6.398594934535208,Unf,5.579729825986222,GasA,TA,Y,SBrkr,6.762729506931879,0.0,3,0.6931471805599453,TA,Typ,0,NA,Detchd,Unf,2,TA,TA,Y,5.37989735354046,0.0,0.0,4,2008,COD,Normal,111250,8.148156439921625,1.0,0.0,36,36,0
759,5.081404364984463,FV,3.2188758248682006,7.732369222284388,Pave,Reg,Lvl,AllPub,Inside,Gtl,Somerst,Norm,Norm,Twnhs,2Story,7,5,1999,1999,Gable,CompShg,MetalSd,MetalSd,5.8888779583328805,TA,TA,PConc,Gd,TA,No,ALQ,6.309918278226516,Unf,5.278114659230517,GasA,Gd,Y,SBrkr,6.630683385642372,6.61338421837956,3,0.6931471805599453,TA,Typ,0,NA,Detchd,Unf,2,TA,TA,Y,0.0,0.0,0.0,8,2008,WD,Normal,179400,9.259892150805431,2.5,0.0,9,9,0
1063,5.25227342804663,RM,4.454347296253507,9.517898598432753,Pave,Reg,Lvl,AllPub,Inside,Gtl,OldTown,Norm,Norm,2fmCon,2Story,5,5,1900,1950,Gable,CompShg,Wd Sdng,Wd Sdng,0.0,TA,TA,BrkTil,TA,TA,No,Unf,0.0,Unf,6.4967749901858625,GasA,TA,N,SBrkr,7.260522598089852,6.82001636467413,5,1.0986122886681098,TA,Min2,0,NA,Detchd,Unf,2,TA,TA,Y,0.0,0.0,0.0,9,2007,WD,Normal,90000,9.366146823114383,2.0,4.060443010546419,107,57,1
246,3.044522437723423,RL,4.394449154672439,9.249657234353133,Pave,Reg,Lvl,AllPub,Inside,Gtl,NWAmes,Norm,Norm,1Fam,1Story,7,5,1988,1988,Gable,CompShg,Wd Sdng,Wd Sdng,4.634728988229636,TA,TA,CBlock,Gd,TA,Av,GLQ,6.835184586147301,Unf,6.821107472256465,GasA,Gd,Y,SBrkr,7.5352967024440884,0.0,3,0.6931471805599453,TA,Typ,1,TA,Attchd,Fin,2,TA,TA,Y,5.288267030694535,0.0,0.0,6,2006,WD,Normal,241500,9.480749115757506,2.5,3.6888794541139363,18,18,0
1128,3.044522437723423,RL,5.209486152841421,9.586925780533697,Pave,IR3,Lvl,AllPub,Corner,Gtl,Gilbert,Norm,Norm,1Fam,1Story,7,5,2004,2004,Hip,CompShg,VinylSd,VinylSd,0.0,Gd,TA,PConc,Gd,TA,Av,GLQ,7.170888478512505,Unf,5.442417710521793,GasA,Ex,Y,SBrkr,7.333676395657684,0.0,3,0.6931471805599453,Gd,Typ,1,Gd,Attchd,Fin,3,TA,TA,Y,4.976733742420574,0.0,0.0,11,2007,WD,Family,259000,9.27902652976463,3.0,3.6109179126442243,3,3,0
785,4.330733340286331,RM,3.58351893845611,8.748463629942055,Pave,Reg,Lvl,AllPub,Inside,Gtl,OldTown,Norm,Norm,1Fam,2.5Unf,6,6,1914,2001,Gable,CompShg,Wd Sdng,Wd Shng,0.0,TA,TA,CBlock,TA,TA,No,Unf,0.0,Unf,6.610696044717759,GasA,Ex,Y,SBrkr,6.610696044717759,6.610696044717759,3,0.6931471805599453,TA,Typ,1,Gd,NA,NA,0,NA,NA,Y,0.0,0.0,0.0,6,2008,WD,Normal,128000,9.094368195723762,2.0,6.054439346269371,94,7,1
490,5.198497031265826,RM,3.091042453358316,7.3310603052186325,Pave,Reg,Lvl,AllPub,Inside,Gtl,MeadowV,Norm,Norm,Twnhs,SFoyer,4,8,1970,2002,Gable,CompShg,CemntBd,CmentBd,0.0,TA,Gd,CBlock,Gd,TA,Av,GLQ,6.246106765481563,Unf,4.7535901911063645,GasA,TA,Y,SBrkr,6.447305862541213,0.0,1,0.6931471805599453,Gd,Typ,0,NA,Attchd,Unf,1,TA,TA,Y,0.0,0.0,0.0,5,2009,WD,Normal,86000,7.83241092718792,2.0,0.0,39,7,1
155,3.4339872044851463,RM,4.442651256490317,9.33617975681533,Pave,Reg,Lvl,AllPub,Corner,Gtl,OldTown,Norm,Norm,1Fam,1Story,6,5,1923,1950,Gable,CompShg,Wd Sdng,Wd Sdng,0.0,TA,TA,BrkTil,TA,TA,No,Unf,0.0,Unf,7.0909098220799835,GasA,TA,Y,FuseA,7.0909098220799835,0.0,4,0.6931471805599453,TA,Typ,0,NA,Detchd,Unf,1,Fa,Fa,Y,0.0,0.0,0.0,3,2006,WD,Family,125000,8.881975184248867,1.0,5.43372200355424,83,56,1
962,4.110873864173311,RL,4.394449154672439,9.411483683010726,Pave,IR1,Lvl,AllPub,Corner,Gtl,NWAmes,PosN,Norm,1Fam,2Story,6,7,1977,1995,Gable,CompShg,HdBoard,HdBoard,6.052089168924417,TA,Gd,CBlock,Gd,Gd,No,ALQ,6.799055862058796,Unf,6.075346031088684,GasA,TA,Y,SBrkr,7.341483852363161,7.193685818395112,4,0.6931471805599453,TA,Typ,1,TA,Attchd,Fin,2,TA,TA,Y,6.311734809152915,0.0,0.0,7,2008,WD,Normal,272000,9.754581429281577,3.5,5.645446897643238,31,13,1
854,4.394449154672439,RL,4.324132656254979,9.400630098419315,Pave,IR1,Lvl,AllPub,Corner,Gtl,NAmes,Norm,Norm,1Fam,SLvl,6,6,1964,1964,Gable,CompShg,MetalSd,HdBoard,4.7535901911063645,TA,Gd,CBlock,TA,TA,Gd,Rec,6.336825731146441,Unf,6.335054251498059,GasA,TA,Y,SBrkr,7.27655640271871,0.0,3,0.6931471805599453,TA,Typ,1,Fa,Attchd,RFn,2,TA,TA,Y,5.198497031265826,0.0,0.0,8,2009,WD,Normal,158000,9.06773940337716,1.5,0.0,45,45,0
626,3.044522437723423,RL,4.477336814478207,9.210440366976517,Pave,IR1,Lvl,AllPub,Corner,Gtl,NAmes,Norm,Norm,1Fam,1Story,6,6,1962,1962,Hip,CompShg,Wd Sdng,Wd Sdng,5.568344503761097,TA,TA,CBlock,TA,TA,No,Unf,0.0,Unf,7.018401799069201,GasA,TA,Y,SBrkr,7.018401799069201,0.0,3,0.6931471805599453,TA,Typ,0,NA,Attchd,Unf,2,TA,TA,Y,0.0,0.0,0.0,2,2010,WD,Normal,160000,8.80941494391005,1.5,5.955837369464831,48,48,0
686,5.081404364984463,RL,3.9982007016691985,8.529714471969909,Pave,IR1,Lvl,AllPub,CulDSac,Gtl,StoneBr,Norm,Norm,TwnhsE,2Story,7,5,1984,1984,Gable,CompShg,HdBoard,HdBoard,0.0,Gd,TA,CBlock,Gd,TA,Mn,GLQ,6.720220155135295,LwQ,5.198497031265826,GasA,Gd,Y,SBrkr,7.0825485693553,6.803505257608338,3,0.6931471805599453,Gd,Min1,1,TA,Attchd,Fin,2,TA,TA,Y,5.393627546352362,0.0,0.0,9,2007,WD,Normal,207500,9.590897844378162,3.0,0.0,23,23,0
570,4.51085950651685,RL,4.324132656254979,8.858368636308018,Pave,IR1,Lvl,AllPub,Corner,Gtl,NAmes,Norm,Norm,Duplex,SFoyer,5,5,1979,1979,Gable,CompShg,MetalSd,MetalSd,0.0,TA,TA,CBlock,Gd,TA,Gd,GLQ,6.8501261661455,Unf,0.0,GasA,TA,Y,SBrkr,6.8501261661455,0.0,2,0.6931471805599453,TA,Typ,2,TA,Detchd,Unf,2,TA,TA,Y,3.7612001156935624,0.0,0.0,12,2006,WD,Normal,135960,8.458716261657262,2.0,0.0,27,27,0
1400,3.9318256327243257,RL,3.9512437185814275,8.72777821348305,Pave,Reg,Lvl,AllPub,Inside,Gtl,SWISU,Norm,Norm,1Fam,1.5Fin,6,6,1925,1990,Gable,CompShg,WdShing,Wd Shng,0.0,TA,TA,BrkTil,TA,TA,No,BLQ,5.579729825986222,Unf,6.569481420414296,GasA,Ex,Y,SBrkr,7.057036981697891,6.1070228877422545,3,0.6931471805599453,Gd,Typ,1,Gd,Detchd,Unf,1,Fa,TA,Y,4.997212273764115,0.0,0.0,10,2009,WD,Normal,137450,9.174609562020384,2.5,2.833213344056216,84,19,1
18,4.51085950651685,RL,4.290459441148391,9.286560397887591,Pave,Reg,Lvl,AllPub,Inside,Gtl,Sawyer,Norm,Norm,Duplex,1Story,4,5,1967,1967,Gable,CompShg,MetalSd,MetalSd,0.0,TA,TA,Slab,NA,NA,NA,NA,0.0,NA,0.0,GasA,TA,Y,SBrkr,7.167809184316444,0.0,2,1.0986122886681098,TA,Typ,0,NA,CarPort,Unf,2,TA,TA,Y,0.0,0.0,6.2166061010848646,10,2006,WD,Normal,90000,8.553525120663627,2.0,0.0,39,39,0
128,3.828641396489095,RM,4.02535169073515,8.386856689688234,Pave,IR1,Bnk,AllPub,Inside,Gtl,OldTown,Feedr,Norm,1Fam,1.5Unf,5,7,1930,1950,Gable,CompShg,WdShing,Wd Sdng,0.0,TA,Gd,BrkTil,TA,TA,No,LwQ,4.762173934797756,Unf,6.322565239927284,GasA,Ex,Y,SBrkr,6.734591659972948,0.0,3,0.6931471805599453,TA,Typ,1,TA,NA,NA,0,NA,NA,N,0.0,0.0,0.0,6,2007,WD,Normal,87000,8.343077871169383,1.0,0.0,77,57,1
928,4.110873864173311,RL,4.394449154672439,9.200391041122515,Pave,Reg,Lvl,AllPub,Inside,Gtl,NWAmes,Feedr,Norm,1Fam,2Story,7,5,1968,1968,Gable,CompShg,MetalSd,MetalSd,5.8377304471659395,TA,TA,CBlock,TA,TA,No,BLQ,6.315358001522335,Unf,5.638354669333745,GasA,Gd,Y,SBrkr,7.002155954403621,6.78105762593618,4,0.6931471805599453,TA,Typ,1,Gd,Attchd,RFn,2,TA,TA,Y,0.0,0.0,0.0,4,2008,WD,Normal,176000,9.535823881654714,2.5,3.784189633918261,40,40,0
981,4.454347296253507,RL,4.324132656254979,9.402859753746583,Pave,IR1,Lvl,AllPub,Corner,Gtl,NAmes,Norm,Norm,1Fam,SFoyer,7,9,1961,2007,Gable,CompShg,CemntBd,CmentBd,5.351858133476067,Ex,TA,CBlock,TA,TA,Av,ALQ,6.7661917146603505,Unf,4.356708826689592,GasA,Gd,Y,SBrkr,6.907755278982137,0.0,3,0.6931471805599453,Ex,Typ,0,NA,Attchd,RFn,2,TA,TA,Y,4.976733742420574,0.0,0.0,7,2008,WD,Normal,178400,8.852807917623322,2.0,4.343805421853684,47,1,1
1432,4.795790545596741,RL,3.2188758248682006,8.502891406705377,Pave,IR1,Lvl,AllPub,Inside,Gtl,NPkVill,Norm,Norm,TwnhsE,1Story,6,6,1976,1976,Gable,CompShg,Plywood,Plywood,0.0,TA,TA,CBlock,Gd,TA,No,LwQ,6.8658910748834385,Unf,0.0,GasA,TA,Y,SBrkr,6.8658910748834385,0.0,2,0.6931471805599453,TA,Typ,0,NA,Attchd,RFn,2,TA,TA,Y,0.0,0.0,0.0,10,2009,WD,Normal,143750,8.656781205623291,2.0,4.110873864173311,33,33,0
191,4.2626798770413155,RL,4.2626798770413155,9.265869681768663,Pave,Reg,Bnk,AllPub,Inside,Mod,Crawfor,Norm,Norm,1Fam,2Story,8,8,1932,1994,Hip,CompShg,BrkFace,BrkFace,0.0,Gd,TA,CBlock,Gd,Gd,No,Rec,5.697093486505405,Unf,6.322565239927284,GasA,TA,Y,SBrkr,7.346010209913293,7.072421900537371,3,0.6931471805599453,Gd,Maj1,2,TA,Detchd,Unf,2,TA,TA,Y,0.0,0.0,0.0,12,2007,WD,Normal,315000,9.990444761392025,2.5,4.31748811353631,75,13,1
1140,3.4339872044851463,RL,4.59511985013459,9.074749717669835,Pave,IR1,Lvl,AllPub,Inside,Gtl,BrkSide,Norm,Norm,1Fam,1Story,5,5,1920,1950,Gable,CompShg,Stucco,Stucco,0.0,TA,Fa,BrkTil,TA,TA,No,BLQ,6.470799503782602,Unf,5.602118820879701,GasA,TA,Y,SBrkr,7.0630481633881725,0.0,3,0.6931471805599453,TA,Maj1,1,Gd,Detchd,Unf,2,TA,TA,Y,0.0,0.0,0.0,5,2007,WD,Normal,144000,8.671800909642677,1.0,5.8377304471659395,87,57,1
993,4.110873864173311,RL,4.394449154672439,9.186150133174966,Pave,Reg,Lvl,AllPub,Inside,Mod,NAmes,Norm,Norm,1Fam,2Story,6,8,1964,1993,Hip,CompShg,Wd Sdng,Wd Sdng,5.831882477283517,TA,TA,CBlock,TA,TA,Gd,BLQ,6.285998094508865,Rec,5.135798437050262,GasA,Gd,Y,SBrkr,6.928537818164665,6.723832440821209,3,0.6931471805599453,Gd,Typ,1,Fa,Attchd,RFn,2,TA,TA,Y,5.480638923341991,0.0,0.0,7,2007,WD,Normal,187000,9.31533081916712,2.5,3.7612001156935624,43,14,1
1426,3.044522437723423,RL,4.394449154672439,9.280052984387483,Pave,IR1,Lvl,AllPub,Inside,Gtl,NAmes,Norm,Norm,1Fam,1Story,6,6,1959,1959,Hip,CompShg,HdBoard,HdBoard,5.497168225293202,Gd,TA,CBlock,TA,TA,No,Unf,0.0,Unf,7.133295954896068,GasA,Ex,Y,SBrkr,7.133295954896068,0.0,3,0.6931471805599453,Gd,Typ,0,NA,Detchd,Unf,2,TA,TA,Y,0.0,0.0,0.0,10,2008,WD,Normal,142000,8.92439013236916,1.0,3.6888794541139363,49,49,0
1219,3.9318256327243257,RM,3.970291913552122,8.738895704934043,Pave,Reg,Lvl,AllPub,Inside,Gtl,BrkSide,Norm,Norm,1Fam,1.5Fin,4,5,1947,1950,Gable,CompShg,AsbShng,AsbShng,0.0,TA,TA,Slab,NA,NA,NA,NA,0.0,NA,0.0,GasA,Gd,N,SBrkr,6.511745329644728,5.484796933490655,2,0.6931471805599453,TA,Typ,0,NA,NA,NA,0,NA,NA,N,0.0,0.0,0.0,7,2006,WD,Normal,80500,8.202208436436448,1.0,0.0,59,56,1
607,3.044522437723423,RL,4.418840607796598,9.430679995957659,Pave,IR2,Low,AllPub,Corner,Mod,CollgCr,Norm,Norm,1Fam,1Story,5,5,1996,1996,Gable,CompShg,VinylSd,VinylSd,0.0,TA,Gd,PConc,Gd,TA,No,GLQ,6.597145701886651,Unf,5.733341276897746,GasA,Gd,Y,SBrkr,6.947937068614969,0.0,3,0.6931471805599453,Gd,Typ,0,NA,Detchd,Unf,2,TA,TA,Y,5.1298987149230735,0.0,0.0,11,2009,WD,Normal,152000,8.556606193773073,2.0,0.0,13,13,0
181,5.081404364984463,FV,4.310799125385514,7.658227526161352,Pave,Reg,Lvl,AllPub,Inside,Gtl,Somerst,Norm,Norm,Twnhs,2Story,6,5,2000,2000,Gable,CompShg,MetalSd,MetalSd,6.124683390894205,Gd,TA,PConc,Gd,TA,No,GLQ,6.07993319509559,Unf,5.771441123130016,GasA,Ex,Y,SBrkr,6.646390514847729,6.6293632534374485,3,0.6931471805599453,Gd,Typ,1,TA,Detchd,Unf,2,TA,TA,Y,0.0,0.0,0.0,6,2007,WD,Normal,177000,9.121618441915379,2.5,0.0,7,7,0
302,4.110873864173311,RL,4.204692619390966,9.694431800539537,Pave,IR3,Lvl,AllPub,Inside,Gtl,CollgCr,Norm,Norm,1Fam,2Story,8,5,1998,1999,Gable,CompShg,VinylSd,VinylSd,0.0,Gd,TA,PConc,Gd,TA,No,GLQ,5.641907070938114,Unf,6.617402977974478,GasA,Ex,Y,SBrkr,7.099201743553092,7.1252830915107115,4,0.6931471805599453,Gd,Typ,1,TA,BuiltIn,Fin,2,TA,TA,Y,5.342334251964811,0.0,0.0,5,2007,WD,Normal,267000,9.884151816229386,2.5,3.9318256327243257,9,8,1
497,3.044522437723423,RL,4.516338972281476,9.448805939388178,Pave,IR1,Lvl,AllPub,Inside,Gtl,NoRidge,Norm,Norm,1Fam,1Story,8,5,1992,1993,Hip,CompShg,BrkFace,BrkFace,0.0,Gd,TA,PConc,Gd,TA,No,GLQ,7.116394144093465,Unf,7.585788821732034,GasA,Ex,Y,SBrkr,8.079927770758275,0.0,4,0.6931471805599453,Gd,Typ,1,Gd,Attchd,RFn,2,TA,TA,Y,5.579729825986222,0.0,0.0,5,2007,WD,Normal,430000,10.159098293987839,4.0,5.905361848054571,15,14,1
1259,4.394449154672439,RL,4.0943445622221,9.168267595554275,Pave,IR1,Lvl,AllPub,Inside,Gtl,Gilbert,Norm,Norm,1Fam,SLvl,7,5,2005,2005,Gable,CompShg,VinylSd,VinylSd,5.209486152841421,Gd,TA,PConc,Gd,TA,Gd,GLQ,6.486160788944089,Unf,5.308267697401205,GasA,Ex,Y,SBrkr,7.062191632286556,0.0,2,0.6931471805599453,Gd,Typ,0,NA,Attchd,Fin,2,TA,TA,Y,5.3612921657094255,0.0,0.0,7,2008,WD,Normal,190000,9.007367027451355,3.0,0.0,3,3,0
1223,3.9318256327243257,RL,4.3694478524670215,9.258844781035798,Pave,Reg,Lvl,AllPub,Inside,Gtl,NAmes,Artery,Norm,1Fam,1.5Fin,6,6,1949,1950,Gable,CompShg,Wd Sdng,Wd Sdng,5.771441123130016,TA,TA,CBlock,TA,TA,Mn,Rec,5.2832037287379885,Unf,6.739336627357174,GasA,Ex,Y,SBrkr,7.063903961472068,6.520621127558696,3,0.6931471805599453,TA,Typ,1,Gd,Attchd,Unf,1,TA,TA,Y,0.0,0.0,0.0,1,2007,WD,Normal,143000,9.312626165516933,2.0,0.0,58,57,1
1205,3.044522437723423,RL,4.3694478524670215,9.224341891611996,Pave,Reg,Lvl,AllPub,Inside,Gtl,NWAmes,Norm,Norm,1Fam,1Story,5,6,1975,1975,Gable,CompShg,HdBoard,HdBoard,0.0,TA,TA,CBlock,Gd,TA,No,ALQ,6.670766320845874,Unf,5.594711379601839,GasA,Ex,Y,SBrkr,6.980075940561763,0.0,3,0.6931471805599453,TA,Typ,0,NA,Attchd,RFn,2,TA,TA,Y,0.0,0.0,0.0,7,2006,WD,Normal,153500,8.58876938990546,2.5,4.48863636973214,31,31,0
518,4.110873864173311,RL,4.382026634673881,9.231024963169016,Pave,IR1,Lvl,AllPub,Inside,Gtl,NoRidge,Norm,Norm,1Fam,2Story,7,5,1996,1997,Gable,CompShg,VinylSd,VinylSd,6.826545223556594,Gd,TA,PConc,Gd,TA,No,Unf,0.0,Unf,7.142827401161621,GasA,Ex,Y,SBrkr,7.15305163493748,6.97354301952014,3,0.6931471805599453,Gd,Typ,1,TA,Attchd,RFn,3,TA,TA,Y,5.3981627015177525,0.0,0.0,7,2009,WD,Normal,265000,9.70558524377515,2.5,0.0,13,12,1
1070,3.828641396489095,RL,4.110873864173311,9.169622538697624,Pave,Reg,Lvl,AllPub,Inside,Gtl,NAmes,Norm,Norm,1Fam,1.5Unf,5,7,1949,2003,Gable,CompShg,MetalSd,MetalSd,0.0,TA,TA,CBlock,TA,TA,No,ALQ,5.3981627015177525,Unf,6.439350371100098,GasA,TA,Y,SBrkr,6.795705775173514,0.0,2,0.6931471805599453,Gd,Typ,0,NA,Detchd,Unf,2,TA,TA,Y,0.0,0.0,0.0,5,2007,WD,Normal,135000,8.404248432400102,1.5,0.0,58,4,1
477,3.044522437723423,RL,4.330733340286331,9.482350275033667,Pave,Reg,Lvl,AllPub,Inside,Mod,CollgCr,Norm,Norm,1Fam,1Story,6,5,1997,1998,Gable,CompShg,VinylSd,VinylSd,5.375278407684165,TA,TA,PConc,Gd,TA,Gd,GLQ,6.902742737158593,Unf,6.184148890937483,GasA,Ex,Y,SBrkr,7.309212365692763,0.0,3,0.6931471805599453,Gd,Typ,1,TA,Attchd,Fin,2,TA,TA,Y,4.948759890378168,0.0,0.0,4,2008,WD,Normal,208900,9.100413892597578,3.0,3.6888794541139363,11,10,1
158,4.110873864173311,RL,4.532599493153256,9.392995206560258,Pave,Reg,Lvl,AllPub,Corner,Gtl,Timber,Norm,Norm,1Fam,2Story,8,5,2009,2010,Gable,CompShg,VinylSd,VinylSd,4.442651256490317,Gd,TA,PConc,Ex,TA,No,Unf,0.0,Unf,6.652863029353347,GasA,Ex,Y,SBrkr,6.652863029353347,7.085901464365611,4,0.6931471805599453,Ex,Typ,1,Gd,BuiltIn,Fin,3,TA,TA,Y,0.0,0.0,0.0,5,2010,New,Partial,269500,9.664278133535126,2.5,4.330733340286331,1,0,1
17,3.044522437723423,RL,4.324132656254979,9.32741204356202,Pave,IR1,Lvl,AllPub,CulDSac,Gtl,NAmes,Norm,Norm,1Fam,1Story,6,7,1970,1970,Gable,CompShg,Wd Sdng,Wd Sdng,5.198497031265826,TA,TA,CBlock,TA,TA,No,ALQ,6.361302477572996,Unf,6.056784013228625,GasA,Ex,Y,SBrkr,6.912742820493176,0.0,2,0.6931471805599453,TA,Typ,1,TA,Attchd,Fin,2,TA,TA,Y,0.0,0.0,6.55250788703459,3,2010,WD,Normal,149000,8.703672758358856,2.0,0.0,40,40,0
1073,3.9318256327243257,RL,3.9318256327243257,8.934059722248843,Pave,Reg,Lvl,AllPub,Inside,Gtl,Edwards,Artery,Norm,1Fam,1.5Fin,5,3,1948,1950,Gable,CompShg,MetalSd,MetalSd,0.0,TA,TA,CBlock,Fa,Fa,Mn,Unf,0.0,Unf,6.698268054115413,GasA,Fa,Y,FuseA,6.910750787961936,6.12029741895095,4,0.6931471805599453,TA,Typ,1,TA,Detchd,Unf,1,TA,TA,P,0.0,0.0,0.0,8,2006,WD,Normal,91500,8.893023494394711,2.5,0.0,58,56,1
547,3.9318256327243257,RL,4.2626798770413155,9.075436609511382,Pave,IR1,Bnk,AllPub,Inside,Gtl,BrkSide,Norm,Norm,1Fam,1.5Fin,6,7,1923,1950,Gable,CompShg,BrkFace,Wd Sdng,0.0,TA,TA,BrkTil,Gd,TA,No,Rec,5.707110264748875,Unf,6.641182169740591,GasA,Ex,Y,FuseA,6.82001636467413,6.580639137284949,3,0.6931471805599453,TA,Typ,1,Gd,Detchd,Unf,2,TA,TA,Y,0.0,0.0,0.0,5,2007,WD,Normal,210000,9.19125948416339,1.5,5.209486152841421,84,57,1
659,3.9318256327243257,RL,4.3694478524670215,9.770184705221707,Pave,Reg,Lvl,AllPub,Inside,Gtl,NAmes,Artery,Norm,1Fam,1.5Fin,6,5,1948,1950,Gable,CompShg,VinylSd,VinylSd,0.0,TA,TA,CBlock,TA,TA,No,Unf,0.0,Unf,6.816735880594968,GasA,TA,Y,SBrkr,6.816735880594968,6.304448802421981,3,0.6931471805599453,TA,Typ,1,Gd,Attchd,Unf,1,TA,TA,Y,5.262690188904886,0.0,0.0,1,2010,WD,Abnorml,97500,9.076694687106265,1.5,0.0,62,60,1
1194,4.795790545596741,RM,4.276666119016055,8.412054873292933,Pave,Reg,Lvl,AllPub,FR2,Gtl,Mitchel,Norm,Norm,TwnhsE,1Story,6,5,1999,1999,Hip,CompShg,VinylSd,VinylSd,6.054439346269371,TA,TA,PConc,Ex,TA,No,GLQ,6.784457062637643,Unf,5.834810737062605,GasA,Ex,Y,SBrkr,7.110696122978827,0.0,2,0.6931471805599453,TA,Typ,0,NA,Attchd,Fin,2,TA,TA,Y,0.0,0.0,0.0,6,2009,WD,Normal,165000,8.901775088607979,3.0,5.720311776607412,10,10,0
1020,4.795790545596741,RL,3.784189633918261,8.01102337918644,Pave,Reg,Lvl,AllPub,Inside,Gtl,Blmngtn,Norm,Norm,TwnhsE,1Story,7,5,2005,2005,Gable,CompShg,VinylSd,VinylSd,4.983606621708336,Gd,TA,PConc,Gd,TA,Gd,GLQ,2.833213344056216,Unf,7.205635176410364,GasA,Ex,Y,SBrkr,7.317876198626496,0.0,2,0.6931471805599453,Gd,Typ,1,Gd,Attchd,Fin,2,TA,TA,Y,4.962844630259907,0.0,0.0,4,2006,WD,Normal,213490,9.26321741157695,2.0,3.044522437723423,1,1,0
1224,3.044522437723423,RL,4.499809670330265,9.276221741089696,Pave,Reg,Lvl,AllPub,Inside,Gtl,NAmes,Norm,Norm,1Fam,1Story,5,3,1951,1951,Hip,CompShg,Wd Sdng,Wd Sdng,3.8066624897703196,TA,TA,CBlock,TA,Fa,No,LwQ,6.6293632534374485,Unf,7.2305631534092925,GasA,TA,N,FuseA,7.667158255319148,0.0,4,0.6931471805599453,TA,Mod,0,NA,Detchd,Unf,2,TA,TA,Y,0.0,0.0,0.0,10,2006,WD,Normal,137900,9.276221741089696,2.0,3.4339872044851463,55,55,0
960,5.081404364984463,FV,3.2188758248682006,7.8528278122817445,Pave,Reg,Lvl,AllPub,FR2,Gtl,Somerst,Norm,Norm,Twnhs,2Story,7,5,1999,1999,Hip,CompShg,MetalSd,MetalSd,0.0,Gd,TA,PConc,Gd,TA,No,ALQ,6.405228458030842,Unf,4.532599493153256,GasA,Ex,Y,SBrkr,6.546785410760524,6.580639137284949,3,0.6931471805599453,Gd,Typ,0,NA,Detchd,Unf,2,TA,TA,Y,0.0,0.0,0.0,5,2010,WD,Normal,155000,9.201602306032898,3.5,3.8066624897703196,11,11,0
1374,3.044522437723423,RL,4.516338972281476,9.34145634983372,Pave,Reg,Lvl,AllPub,Inside,Gtl,NoRidge,Norm,Norm,1Fam,1Story,10,5,2001,2002,Hip,CompShg,VinylSd,VinylSd,6.559615237493242,Ex,TA,PConc,Ex,TA,Gd,GLQ,7.1569563646156364,Unf,7.20934025660291,GasA,Ex,Y,SBrkr,7.876258882303226,0.0,2,0.6931471805599453,Ex,Typ,2,Gd,Attchd,RFn,3,TA,TA,Y,5.752572638825633,0.0,0.0,3,2007,WD,Normal,466500,10.178502231260227,3.5,4.948759890378168,6,5,1
284,3.044522437723423,RL,4.31748811353631,9.170871628065816,Pave,Reg,Lvl,AllPub,Inside,Gtl,Somerst,Feedr,Norm,1Fam,1Story,8,5,2008,2009,Gable,CompShg,VinylSd,VinylSd,4.290459441148391,Gd,TA,PConc,Gd,TA,No,Unf,0.0,Unf,7.292337176173877,GasA,Ex,Y,SBrkr,7.292337176173877,0.0,3,0.6931471805599453,Gd,Typ,1,Gd,Attchd,Fin,3,TA,TA,Y,5.351858133476067,0.0,0.0,12,2009,New,Partial,244600,9.371182897093012,2.0,5.017279836814924,1,0,1
798,3.044522437723423,RL,4.060443010546419,8.946114375560743,Pave,Reg,Lvl,AllPub,Inside,Gtl,NAmes,Norm,Norm,1Fam,1Story,5,5,1953,1953,Gable,CompShg,VinylSd,VinylSd,0.0,TA,TA,CBlock,TA,TA,No,BLQ,6.3473892096560105,Unf,5.318119993844216,GasA,Gd,Y,SBrkr,6.651571873589727,0.0,2,0.6931471805599453,TA,Typ,0,NA,Attchd,Unf,1,TA,TA,Y,0.0,0.0,0.0,4,2008,WD,Abnorml,110000,8.259975659768276,1.0,0.0,55,55,0
226,5.081404364984463,RM,3.091042453358316,7.427144133408616,Pave,Reg,Lvl,AllPub,Inside,Gtl,BrDale,Norm,Norm,Twnhs,2Story,5,5,1971,1971,Gable,CompShg,HdBoard,HdBoard,4.962844630259907,TA,TA,CBlock,TA,TA,No,Unf,0.0,Unf,6.447305862541213,GasA,TA,Y,SBrkr,6.447305862541213,6.511745329644728,3,0.6931471805599453,TA,Typ,0,NA,Detchd,Unf,1,TA,TA,Y,0.0,0.0,0.0,5,2009,COD,Abnorml,112000,8.781248333236862,2.5,0.0,38,38,0
27,3.044522437723423,RL,4.110873864173311,8.881975184248867,Pave,Reg,Lvl,AllPub,Corner,Gtl,NAmes,Norm,Norm,1Fam,1Story,5,7,1951,2000,Gable,CompShg,Wd Sdng,Wd Sdng,0.0,TA,TA,CBlock,TA,TA,Mn,BLQ,5.459585514144159,Rec,5.198497031265826,GasA,TA,Y,SBrkr,6.803505257608338,0.0,3,0.6931471805599453,Gd,Typ,0,NA,Detchd,Unf,2,TA,TA,Y,5.407171771460119,0.0,0.0,5,2010,WD,Normal,134800,8.412054873292933,1.5,3.4965075614664802,59,10,1
438,3.828641396489095,RM,3.9318256327243257,8.699681400989514,Pave,Reg,Lvl,AllPub,Inside,Gtl,BrkSide,Norm,Norm,1Fam,1.5Unf,6,7,1926,2004,Gable,CompShg,Wd Sdng,Wd Sdng,0.0,Gd,TA,PConc,TA,TA,No,Unf,0.0,Unf,6.785587645007929,GasA,Gd,Y,SBrkr,6.807934943699926,0.0,2,0.6931471805599453,TA,Typ,0,NA,Detchd,Unf,1,TA,TA,Y,0.0,0.0,0.0,1,2009,WD,Normal,119000,8.59877317840866,1.0,4.663439094112067,83,5,1
1420,3.044522437723423,RL,4.23410650459726,9.703938450075547,Pave,IR1,Lvl,AllPub,Inside,Gtl,Crawfor,Norm,Norm,1Fam,1Story,6,5,1969,1969,Gable,CompShg,Plywood,Plywood,5.746203190540153,Gd,Gd,CBlock,TA,TA,Av,Rec,7.01301578963963,Unf,6.5998704992128365,GasA,Gd,Y,SBrkr,7.520234556474628,0.0,3,0.6931471805599453,Gd,Typ,1,TA,Attchd,RFn,2,TA,TA,Y,0.0,0.0,0.0,12,2006,WD,Normal,223000,9.31154225248515,3.0,5.66988092298052,37,37,0
230,4.795790545596741,RL,3.784189633918261,8.065579427282092,Pave,Reg,Lvl,AllPub,Inside,Gtl,Blmngtn,Norm,Norm,TwnhsE,1Story,7,5,2005,2006,Gable,CompShg,VinylSd,VinylSd,2.833213344056216,Gd,TA,PConc,Gd,TA,Av,GLQ,2.833213344056216,Unf,7.213768308118642,GasA,Ex,Y,SBrkr,7.349873704738337,0.0,2,0.6931471805599453,Gd,Typ,1,TA,Attchd,Fin,2,TA,TA,Y,4.969813299576001,0.0,0.0,5,2009,WD,Normal,192500,9.295232838994146,2.0,3.044522437723423,4,3,1
38,3.044522437723423,RL,4.31748811353631,9.051696278536586,Pave,Reg,Lvl,AllPub,Inside,Gtl,NAmes,Norm,Norm,1Fam,1Story,5,6,1954,1990,Hip,CompShg,Wd Sdng,Wd Sdng,6.478509642208569,TA,TA,CBlock,TA,TA,No,Rec,7.101675971619444,Unf,4.442651256490317,GasA,Gd,Y,SBrkr,7.168579897264035,0.0,3,0.6931471805599453,TA,Typ,1,TA,Attchd,Fin,2,TA,TA,Y,0.0,0.0,0.0,10,2009,WD,Normal,153000,8.777401286867264,1.5,0.0,55,19,1
750,3.9318256327243257,RL,3.9318256327243257,9.036701015565063,Pave,Reg,Lvl,AllPub,Inside,Gtl,Edwards,Norm,Norm,1Fam,1.5Fin,4,3,1945,1950,Gable,CompShg,WdShing,Wd Shng,0.0,TA,TA,Slab,NA,NA,NA,NA,0.0,NA,0.0,Wall,TA,N,FuseF,6.9930151229329605,6.091309882077698,4,0.6931471805599453,TA,Mod,0,NA,Detchd,Unf,1,TA,TA,N,4.532599493153256,0.0,0.0,4,2009,WD,Normal,98000,8.718827059242566,2.0,5.225746673713202,64,59,1
1046,3.044522437723423,RL,4.212127597878484,9.523763287920113,Pave,IR1,Lvl,AllPub,CulDSac,Gtl,Edwards,Norm,Norm,1Fam,1Story,3,5,1955,1955,Hip,CompShg,BrkFace,Wd Sdng,0.0,TA,TA,Slab,NA,NA,NA,NA,0.0,NA,0.0,GasA,Ex,Y,FuseA,7.458186157340487,0.0,4,0.6931471805599453,TA,Min2,1,Gd,Attchd,Unf,2,TA,TA,Y,0.0,0.0,0.0,6,2009,WD,Normal,139600,8.556413904569519,2.0,0.0,54,54,0
470,4.110873864173311,RL,4.343805421853684,9.1369090938903,Pave,IR1,Lvl,AllPub,Corner,Gtl,SawyerW,RRNe,Norm,1Fam,2Story,6,5,1993,1993,Gable,CompShg,HdBoard,HdBoard,4.795790545596741,Gd,TA,PConc,Gd,TA,No,GLQ,6.056784013228625,Unf,6.008813185442595,GasA,Ex,Y,SBrkr,6.725033642166843,6.778784897685177,3,0.6931471805599453,Gd,Typ,0,NA,Attchd,RFn,2,TA,TA,Y,4.976733742420574,0.0,0.0,6,2008,WD,Normal,187000,9.236105579862208,2.5,4.2626798770413155,15,15,0
1246,4.394449154672439,RL,4.3694478524670215,9.400216653174247,Pave,Reg,Lvl,AllPub,Inside,Gtl,NWAmes,Norm,Norm,1Fam,SLvl,6,7,1984,2003,Hip,CompShg,VinylSd,VinylSd,4.31748811353631,TA,TA,CBlock,Gd,TA,No,Unf,0.0,Unf,6.373319789577012,GasA,Ex,Y,SBrkr,7.039660349862076,6.591673732008658,3,0.6931471805599453,TA,Typ,1,TA,BuiltIn,Fin,2,TA,TA,Y,5.594711379601839,0.0,0.0,1,2007,WD,Abnorml,178000,9.324472306021095,3.5,5.560681631015528,23,4,1
1435,3.044522437723423,RL,4.394449154672439,9.76428295481558,Pave,Reg,Low,AllPub,Inside,Mod,Mitchel,Norm,Norm,1Fam,1Story,5,5,1977,1977,Gable,CompShg,BrkFace,BrkFace,0.0,TA,TA,CBlock,TA,TA,No,ALQ,6.842683282238422,Unf,5.25227342804663,GasA,Fa,Y,SBrkr,7.027314514039777,0.0,3,0.6931471805599453,TA,Typ,1,Gd,Attchd,RFn,2,TA,TA,P,5.69035945432406,0.0,0.0,5,2006,WD,Normal,160000,8.636042325254618,3.0,3.7376696182833684,29,29,0
688,5.081404364984463,FV,4.310799125385514,8.53817159780143,Pave,IR2,Lvl,AllPub,FR2,Gtl,Somerst,Norm,Norm,TwnhsE,2Story,7,5,2004,2004,Gable,CompShg,MetalSd,MetalSd,0.0,Gd,TA,PConc,Gd,TA,No,GLQ,5.480638923341991,Unf,5.746203190540153,GasA,Ex,Y,SBrkr,6.313548046277095,6.313548046277095,2,0.6931471805599453,Gd,Typ,0,NA,Detchd,Unf,2,TA,TA,Y,0.0,0.0,0.0,3,2007,WD,Normal,148800,8.950921764797261,2.5,4.110873864173311,3,3,0
1344,3.9318256327243257,RL,4.060443010546419,8.930494185292178,Pave,Reg,Bnk,AllPub,Inside,Gtl,Crawfor,Norm,Norm,1Fam,1.5Fin,6,6,1928,1950,Gable,CompShg,BrkFace,Stone,0.0,TA,TA,BrkTil,TA,TA,No,Unf,0.0,Unf,6.799055862058796,GasA,Gd,Y,SBrkr,7.067319848653476,6.60934924316738,3,0.6931471805599453,TA,Typ,1,TA,Detchd,Unf,2,Fa,Fa,Y,0.0,0.0,0.0,3,2009,WD,Normal,177000,9.348274558065496,1.5,0.0,81,59,1
640,4.795790545596741,RL,3.9889840465642745,8.289790583181643,Pave,Reg,Lvl,AllPub,Inside,Gtl,Blmngtn,Norm,Norm,TwnhsE,1Story,8,5,2006,2006,Hip,CompShg,VinylSd,VinylSd,0.0,Gd,TA,PConc,Gd,Gd,Av,GLQ,7.051855622955894,Unf,5.905361848054571,GasA,Ex,Y,SBrkr,7.357556200910353,0.0,1,0.6931471805599453,Ex,Typ,1,Gd,Attchd,Fin,3,TA,TA,Y,5.746203190540153,0.0,0.0,10,2006,New,Partial,264561,9.436439551116026,3.0,0.0,0,0,0
1262,3.044522437723423,RL,4.394449154672439,9.169622538697624,Pave,Reg,Lvl,AllPub,Inside,Gtl,NAmes,Norm,Norm,1Fam,1Story,5,6,1956,1956,Hip,CompShg,MetalSd,MetalSd,0.0,TA,TA,CBlock,TA,TA,No,Rec,6.22455842927536,Unf,6.304448802421981,GasA,Gd,Y,SBrkr,6.957497370876951,0.0,2,0.6931471805599453,TA,Typ,0,NA,Attchd,Unf,1,TA,TA,Y,0.0,0.0,0.0,6,2009,WD,Normal,128900,8.566173813637858,1.0,0.0,53,53,0
1159,3.044522437723423,RL,4.532599493153256,9.387062950369655,Pave,Reg,Lvl,AllPub,FR2,Gtl,Somerst,Feedr,Norm,1Fam,1Story,8,5,2007,2008,Gable,CompShg,VinylSd,VinylSd,5.231108616854587,Gd,TA,PConc,Gd,TA,No,Unf,0.0,Unf,7.365812837209472,GasA,Ex,Y,SBrkr,7.365812837209472,0.0,3,0.6931471805599453,Gd,Typ,0,NA,Attchd,RFn,3,TA,TA,Y,0.0,0.0,0.0,6,2008,ConLD,Partial,235128,9.444700778495557,2.0,3.2188758248682006,1,0,1
1218,3.044522437723423,FV,4.290459441148391,9.0642735958414,Pave,Reg,Lvl,AllPub,Inside,Gtl,Somerst,Norm,Norm,1Fam,1Story,8,5,2009,2009,Gable,CompShg,CemntBd,CmentBd,4.290459441148391,Gd,TA,PConc,Gd,TA,Mn,GLQ,6.842683282238422,Unf,5.8998973535824915,GasA,Ex,Y,SBrkr,7.181591944611865,0.0,3,0.6931471805599453,Gd,Typ,0,NA,Attchd,RFn,2,TA,TA,Y,4.912654885736052,0.0,0.0,9,2009,New,Partial,229456,9.26036786557583,3.0,4.727387818712341,0,0,0
1329,3.9318256327243257,RM,4.110873864173311,9.25349564229011,Pave,Reg,Lvl,AllPub,Corner,Gtl,OldTown,Norm,Norm,1Fam,1.5Fin,6,7,1920,1950,Gable,CompShg,BrkFace,Wd Sdng,0.0,Gd,Gd,BrkTil,Gd,TA,No,LwQ,6.202535517187923,Unf,6.925595197110468,GasW,Ex,Y,SBrkr,7.368339686311381,7.097548850614793,5,0.6931471805599453,TA,Mod,2,TA,Detchd,Unf,2,Fa,TA,Y,0.0,0.0,7.048386408721883,6,2008,WD,Normal,256000,9.726332625693532,2.0,6.93537044601511,88,58,1
801,4.110873864173311,RL,4.382026634673881,9.457122321855792,Pave,IR1,HLS,AllPub,Inside,Mod,ClearCr,Feedr,Norm,1Fam,2Story,6,5,1997,1997,Gable,CompShg,VinylSd,VinylSd,0.0,TA,TA,PConc,Gd,TA,Gd,GLQ,6.137727054086234,Unf,5.043425116919247,GasA,Gd,Y,SBrkr,6.424869023905388,6.9782137426306985,4,0.6931471805599453,Gd,Typ,0,NA,Attchd,RFn,2,TA,TA,Y,6.0014148779611505,0.0,5.993961427306569,5,2008,WD,Normal,200000,9.223157875686796,3.5,5.703782474656201,11,11,0
161,3.044522437723423,RL,4.23410650459726,9.316590491818841,Pave,IR1,Lvl,AllPub,CulDSac,Gtl,Veenker,Norm,Norm,1Fam,1Story,6,6,1984,1984,Gable,CompShg,Plywood,Plywood,0.0,TA,TA,PConc,Gd,TA,No,BLQ,6.493753839851686,Unf,6.35088571671474,GasA,TA,Y,SBrkr,7.117205503164344,0.0,3,0.6931471805599453,TA,Typ,0,NA,Attchd,Unf,2,TA,TA,Y,0.0,0.0,0.0,6,2008,WD,Normal,162500,8.9082888855571,2.0,0.0,24,24,0
957,5.081404364984463,RM,3.2188758248682006,7.170888478512505,Pave,Reg,Lvl,AllPub,Inside,Gtl,Blueste,Norm,Norm,TwnhsE,2Story,6,6,1980,1980,Gable,CompShg,MetalSd,MetalSd,0.0,TA,TA,CBlock,Gd,TA,No,ALQ,5.655991810819852,Unf,5.6240175061873385,GasA,TA,Y,SBrkr,6.331501849893691,6.505784060128229,2,0.6931471805599453,TA,Typ,1,TA,Attchd,Fin,2,TA,TA,Y,5.017279836814924,0.0,0.0,5,2009,WD,Normal,124000,8.905851181208021,1.5,0.0,29,29,0
1187,5.25227342804663,RL,4.68213122712422,9.270117576012044,Pave,IR1,Bnk,AllPub,Corner,Mod,OldTown,Artery,Artery,2fmCon,2Story,3,5,1900,1970,Gable,CompShg,HdBoard,HdBoard,0.0,TA,TA,CBlock,Fa,TA,Mn,BLQ,6.089044875446846,Unf,6.289715570908998,GasA,TA,Y,SBrkr,6.922643891475888,6.530877627725885,3,1.0986122886681098,TA,Typ,0,NA,CarPort,Unf,2,Fa,Fa,Y,0.0,0.0,0.0,8,2009,WD,Abnorml,95000,8.53660358493606,3.0,4.31748811353631,109,39,1
822,3.044522437723423,RM,4.110873864173311,8.699681400989514,Pave,Reg,Bnk,AllPub,Inside,Mod,OldTown,Norm,Norm,2fmCon,1Story,4,4,1953,1953,Gable,CompShg,MetalSd,MetalSd,0.0,Fa,TA,CBlock,Fa,TA,No,Unf,0.0,Unf,6.842683282238422,GasA,TA,N,SBrkr,6.842683282238422,0.0,2,0.6931471805599453,TA,Min2,0,NA,Detchd,Unf,2,TA,TA,Y,0.0,0.0,0.0,2,2009,WD,Normal,93000,8.22817689595132,1.0,4.976733742420574,56,56,0
1238,4.110873864173311,RL,3.7376696182833684,9.424967763522053,Pave,IR2,Lvl,AllPub,FR2,Gtl,CollgCr,Norm,Norm,1Fam,2Story,7,5,2004,2005,Gable,CompShg,VinylSd,VinylSd,0.0,Gd,TA,PConc,Gd,TA,No,Unf,0.0,Unf,6.742880635791903,GasA,Ex,Y,SBrkr,6.742880635791903,7.004881989712859,4,0.6931471805599453,Gd,Typ,1,Gd,BuiltIn,Fin,2,TA,TA,Y,4.61512051684126,0.0,0.0,9,2006,WD,Normal,195000,9.520541965857834,2.5,3.8918202981106265,2,1,1
878,4.110873864173311,RL,4.31748811353631,9.086476384753796,Pave,Reg,Lvl,AllPub,Inside,Gtl,NridgHt,Norm,Norm,1Fam,2Story,9,5,2004,2005,Hip,CompShg,VinylSd,VinylSd,5.37989735354046,Gd,TA,PConc,Ex,TA,No,GLQ,7.065613363597717,Unf,5.680172609017068,GasA,Ex,Y,SBrkr,7.288244401020124,6.637258031284457,4,0.6931471805599453,Ex,Typ,1,Gd,Attchd,Fin,3,TA,TA,Y,5.220355825078324,0.0,0.0,6,2009,WD,Normal,350000,9.904337191490706,3.5,0.0,5,4,1
914,4.51085950651685,RH,4.418840607796598,8.74369111054302,Pave,Reg,HLS,AllPub,Inside,Gtl,Crawfor,Norm,Norm,Duplex,2Story,5,6,1949,1950,Gable,CompShg,MetalSd,MetalSd,0.0,TA,TA,CBlock,TA,TA,No,BLQ,5.652489180268651,Unf,6.576469569048224,GasA,TA,N,FuseA,6.90975328164481,6.90975328164481,4,1.0986122886681098,TA,Typ,0,NA,2Types,Unf,3,TA,TA,Y,0.0,0.0,0.0,8,2007,WD,Normal,145000,9.211439767419483,2.0,0.0,58,57,1
153,4.110873864173311,RL,4.394449154672439,9.602652693506046,Pave,IR1,Lvl,AllPub,CulDSac,Gtl,NWAmes,Norm,Norm,1Fam,2Story,6,5,1971,1971,Gable,CompShg,HdBoard,HdBoard,5.53338948872752,TA,TA,CBlock,TA,TA,No,Rec,6.0330862217988015,Unf,6.016157159698354,GasA,Gd,Y,SBrkr,7.001245622069476,6.799055862058796,4,0.6931471805599453,TA,Typ,1,Gd,Attchd,RFn,2,TA,TA,Y,0.0,0.0,0.0,6,2006,WD,Normal,190000,9.389239411968807,2.5,4.204692619390966,35,35,0
1339,4.110873864173311,RL,4.564348191467836,9.506808731708581,Pave,IR1,Lvl,AllPub,Corner,Gtl,CollgCr,Norm,Norm,1Fam,2Story,7,5,2002,2002,Gable,CompShg,VinylSd,VinylSd,0.0,Gd,TA,PConc,Gd,TA,No,GLQ,6.55250788703459,Unf,5.37989735354046,GasA,Ex,Y,SBrkr,6.825460036255307,6.848005274576363,3,0.6931471805599453,Gd,Typ,0,NA,BuiltIn,RFn,2,TA,TA,Y,4.990432586778736,0.0,0.0,6,2006,WD,Normal,200000,9.474856166396124,3.5,4.5217885770490405,4,4,0
510,3.044522437723423,RL,4.394449154672439,9.169622538697624,Pave,Reg,Lvl,AllPub,Corner,Gtl,NAmes,Norm,Norm,1Fam,1Story,5,6,1959,1959,Gable,CompShg,MetalSd,MetalSd,4.890349128221754,TA,TA,CBlock,TA,TA,No,ALQ,6.899723107284872,Unf,3.9318256327243257,GasA,Ex,Y,SBrkr,6.948897222313312,0.0,3,0.6931471805599453,TA,Typ,0,NA,Attchd,RFn,1,TA,TA,Y,5.41610040220442,0.0,0.0,7,2009,WD,Normal,124500,8.55756708555451,2.0,4.48863636973214,50,50,0
1136,3.4339872044851463,RM,4.110873864173311,8.729235349659273,Pave,Reg,Lvl,AllPub,Corner,Gtl,BrkSide,Norm,Norm,1Fam,1Story,6,5,1926,1950,Gable,CompShg,Wd Sdng,Wd Sdng,0.0,TA,TA,BrkTil,TA,TA,No,Unf,0.0,Unf,6.8679744089702925,GasA,TA,N,SBrkr,6.894670039433482,0.0,2,0.6931471805599453,TA,Typ,1,Gd,Detchd,Unf,1,TA,TA,Y,0.0,0.0,0.0,5,2007,WD,Normal,102000,8.685584842676693,1.0,4.859812404361672,81,57,1
1252,4.795790545596741,RL,4.52720864451838,8.051022208190679,Pave,IR1,Lvl,AllPub,Corner,Gtl,NridgHt,Norm,Norm,TwnhsE,1Story,7,5,2003,2003,Gable,CompShg,VinylSd,Wd Shng,5.099866427824199,Gd,TA,PConc,Gd,TA,No,Unf,0.0,Unf,7.2485040723706105,GasA,Ex,Y,SBrkr,7.2485040723706105,0.0,2,0.6931471805599453,Gd,Typ,1,Gd,Attchd,RFn,2,TA,TA,Y,5.003946305945459,0.0,0.0,3,2006,WD,Normal,171750,9.193804403336083,2.0,3.6109179126442243,3,3,0
104,3.044522437723423,RL,4.553876891600541,9.249849505070895,Pave,IR1,Lvl,AllPub,Corner,Gtl,CollgCr,Norm,Norm,1Fam,1Story,7,5,2009,2009,Gable,CompShg,VinylSd,VinylSd,0.0,TA,TA,PConc,Gd,TA,No,Unf,0.0,Unf,7.112327444710911,GasA,Ex,Y,SBrkr,7.112327444710911,0.0,3,0.6931471805599453,Gd,Typ,0,NA,Attchd,RFn,3,TA,TA,Y,0.0,0.0,0.0,5,2010,WD,Normal,198900,9.05753878171822,2.0,3.6109179126442243,1,1,0
587,3.4339872044851463,RL,4.02535169073515,9.236787541991031,Pave,Reg,Lvl,AllPub,Inside,Gtl,BrkSide,RRAn,Norm,1Fam,1Story,6,7,1918,2000,Gable,CompShg,Stucco,Wd Shng,0.0,TA,Gd,BrkTil,TA,Gd,Mn,Rec,5.351858133476067,ALQ,0.0,GasA,Ex,Y,SBrkr,6.732210706467206,0.0,2,0.6931471805599453,Fa,Typ,0,NA,Detchd,Fin,1,TA,TA,N,0.0,0.0,0.0,5,2008,WD,Normal,130000,8.522976436171964,2.0,4.727387818712341,90,8,1
1381,3.4339872044851463,RL,3.828641396489095,9.013473543740192,Pave,Reg,Lvl,AllPub,Inside,Gtl,Edwards,Norm,Norm,1Fam,1Story,3,3,1914,1950,Gable,CompShg,Stucco,Stucco,0.0,TA,Fa,BrkTil,TA,Fa,No,Rec,5.318119993844216,Unf,6.495265555937008,GasA,TA,N,FuseF,6.762729506931879,0.0,2,0.6931471805599453,TA,Typ,0,NA,Detchd,Unf,1,TA,Fa,Y,0.0,0.0,0.0,6,2010,WD,Normal,58500,7.860570785538664,2.0,4.574710978503383,96,60,1
1144,3.044522437723423,RL,4.269697449699962,9.105090961257085,Pave,Reg,Lvl,AllPub,Inside,Gtl,Sawyer,Norm,Norm,1Fam,1Story,5,3,1959,1959,Gable,CompShg,Wd Sdng,Plywood,0.0,TA,TA,CBlock,TA,TA,No,GLQ,5.666426688112432,Unf,6.577861357721047,GasA,TA,Y,SBrkr,6.914730892718563,0.0,3,0.6931471805599453,TA,Typ,0,NA,NA,NA,0,NA,NA,Y,0.0,0.0,0.0,7,2008,WD,Normal,80000,8.523374050491318,1.0,3.2188758248682006,49,49,0
54,3.044522437723423,RL,4.23410650459726,10.825203541055348,Pave,IR1,Low,AllPub,Inside,Gtl,Veenker,Norm,Norm,1Fam,1Story,9,5,1981,1987,Gable,WdShngl,WdShing,Wd Shng,0.0,Gd,TA,CBlock,Ex,TA,Gd,GLQ,7.501634457883413,Unf,3.4965075614664802,GasA,Gd,Y,SBrkr,7.519149957669823,0.0,0,0.6931471805599453,Gd,Typ,1,Gd,Attchd,Fin,3,TA,TA,Y,6.754604099487962,0.0,0.0,11,2006,WD,Normal,385000,9.715892113239466,2.5,4.290459441148391,25,19,1
152,3.044522437723423,RL,4.68213122712422,9.539068413863964,Pave,Reg,Lvl,AllPub,Inside,Gtl,NridgHt,Norm,Norm,1Fam,1Story,8,5,2007,2008,Hip,CompShg,VinylSd,VinylSd,6.07993319509559,Gd,TA,PConc,Ex,TA,Gd,GLQ,7.244941546337007,Unf,5.739792912179234,GasA,Ex,Y,SBrkr,7.444833273892193,0.0,2,0.6931471805599453,Gd,Typ,1,Gd,Attchd,RFn,3,TA,TA,Y,0.0,0.0,0.0,1,2008,New,Partial,372402,9.523763287920113,3.0,4.634728988229636,1,0,1
404,4.110873864173311,RL,4.543294782270004,9.400216653174247,Pave,Reg,Lvl,AllPub,Corner,Gtl,NoRidge,Norm,Norm,1Fam,2Story,8,5,1998,1998,Hip,CompShg,VinylSd,VinylSd,6.478509642208569,Gd,TA,PConc,Gd,TA,No,Unf,0.0,Unf,7.040536390215956,GasA,Gd,Y,SBrkr,7.061334366910438,7.002155954403621,4,0.6931471805599453,Gd,Typ,1,TA,BuiltIn,Fin,2,TA,TA,Y,4.976733742420574,0.0,0.0,7,2006,WD,Abnorml,258000,9.803943422199742,2.5,4.820281565605037,8,8,0
1417,5.25227342804663,RM,4.110873864173311,9.33617975681533,Pave,Reg,Lvl,AllPub,Inside,Gtl,OldTown,Norm,Norm,2fmCon,2Story,4,6,1885,1950,Gable,CompShg,VinylSd,AsbShng,0.0,TA,TA,PConc,TA,TA,No,Unf,0.0,Unf,6.656726524178391,GasA,Gd,Y,SBrkr,7.1284959456800365,6.951772164398911,4,1.0986122886681098,TA,Typ,0,NA,Detchd,Unf,2,TA,TA,N,0.0,0.0,0.0,4,2010,WD,Normal,122500,9.122710622015209,2.0,4.74493212836325,125,60,1
208,3.044522437723423,RL,4.324132656254979,9.433003808053515,Pave,IR1,Lvl,AllPub,Inside,Gtl,NAmes,Norm,Norm,1Fam,1Story,4,5,1960,1960,Gable,CompShg,Wd Sdng,Wd Sdng,0.0,TA,TA,PConc,TA,TA,No,ALQ,6.040254711277414,Rec,5.929589143389895,GasA,TA,Y,SBrkr,7.00397413672268,0.0,3,0.6931471805599453,TA,Typ,1,Po,Attchd,RFn,1,TA,TA,Y,5.87493073085203,0.0,0.0,4,2008,WD,Normal,141000,8.38958706681109,2.0,0.0,48,48,0
1382,3.044522437723423,RL,4.324132656254979,9.46699606582284,Pave,IR1,Lvl,AllPub,Corner,Gtl,NAmes,Norm,Norm,1Fam,1Story,6,7,1970,1970,Gable,CompShg,BrkFace,Plywood,0.0,TA,TA,CBlock,TA,TA,Mn,BLQ,6.763884908562435,Unf,5.831882477283517,GasA,Ex,Y,SBrkr,7.658227526161352,0.0,4,0.6931471805599453,TA,Typ,2,Gd,Attchd,Fin,2,TA,TA,Y,0.0,0.0,0.0,5,2008,WD,Normal,237500,9.44959346502346,2.5,3.7612001156935624,38,38,0
1123,3.044522437723423,RL,4.212127597878484,9.096835671179361,Pave,IR1,Lvl,AllPub,Corner,Gtl,Edwards,Norm,Norm,1Fam,1Story,4,3,1956,1956,Gable,CompShg,AsbShng,AsbShng,0.0,TA,TA,CBlock,TA,TA,No,Unf,0.0,Unf,6.511745329644728,GasA,Ex,Y,FuseA,6.8679744089702925,0.0,3,0.6931471805599453,TA,Typ,0,NA,Basment,Unf,1,TA,TA,Y,4.174387269895637,0.0,0.0,10,2009,COD,Abnorml,112000,8.253488028345904,1.0,5.081404364984463,53,53,0
9,3.9318256327243257,RM,3.9512437185814275,8.71948076085107,Pave,Reg,Lvl,AllPub,Inside,Gtl,OldTown,Artery,Norm,1Fam,1.5Fin,7,5,1931,1950,Gable,CompShg,BrkFace,Wd Shng,0.0,TA,TA,BrkTil,TA,TA,No,Unf,0.0,Unf,6.859614903654202,GasA,Gd,Y,FuseF,6.930494765951626,6.6240652277998935,2,1.0986122886681098,TA,Min1,2,TA,Detchd,Unf,2,Fa,TA,Y,4.51085950651685,0.0,0.0,4,2008,WD,Abnorml,129900,9.426982836948033,2.0,5.327876168789581,77,58,1
1015,3.044522437723423,RL,4.110873864173311,9.36434818445553,Pave,Reg,Lvl,AllPub,Inside,Gtl,NAmes,Artery,Norm,1Fam,1Story,6,5,1948,1950,Gable,CompShg,MetalSd,MetalSd,5.332718793265369,TA,TA,CBlock,TA,Fa,No,BLQ,5.820082930352362,Unf,6.616065185132817,GasA,TA,Y,SBrkr,6.9874902470009905,0.0,2,0.6931471805599453,TA,Typ,1,Gd,Detchd,Unf,1,TA,TA,Y,0.0,0.0,0.0,11,2007,WD,Normal,119200,8.778479952508487,1.0,4.875197323201151,59,57,1
1309,3.044522437723423,RM,4.61512051684126,9.392745258631441,Pave,Reg,Lvl,AllPub,Inside,Gtl,OldTown,Norm,Norm,1Fam,1Story,5,7,1948,2005,Gable,CompShg,MetalSd,MetalSd,0.0,TA,TA,CBlock,TA,TA,No,GLQ,4.976733742420574,ALQ,5.153291594497779,GasA,Ex,Y,SBrkr,7.023758954738443,0.0,2,0.6931471805599453,Gd,Typ,0,NA,Attchd,Unf,2,TA,TA,Y,0.0,0.0,0.0,5,2008,WD,Normal,147000,8.632484235750972,2.0,3.6109179126442243,60,3,1
1061,4.795790545596741,RL,3.7376696182833684,8.501267040865978,Pave,Reg,Lvl,AllPub,Inside,Gtl,StoneBr,Norm,Norm,TwnhsE,1Story,8,5,2001,2001,Gable,CompShg,CemntBd,CmentBd,0.0,Gd,TA,PConc,Gd,TA,Mn,GLQ,6.424869023905388,Unf,6.583409222158765,GasA,Ex,Y,SBrkr,7.199678345691172,0.0,2,0.6931471805599453,Gd,Typ,0,NA,Attchd,Fin,2,TA,TA,Y,0.0,0.0,0.0,4,2010,WD,Normal,213500,9.278466201023782,3.0,5.14166355650266,9,9,0
453,4.110873864173311,RL,4.454347296253507,9.1381996941985,Pave,IR1,Lvl,AllPub,Corner,Gtl,Timber,Norm,Norm,1Fam,2Story,6,5,1996,1997,Hip,CompShg,VinylSd,VinylSd,3.7612001156935624,Gd,TA,PConc,Ex,TA,No,ALQ,6.610696044717759,Unf,4.875197323201151,GasA,Ex,Y,SBrkr,6.790097235513905,6.767343125265392,3,0.6931471805599453,TA,Typ,0,NA,Attchd,Fin,2,TA,TA,Y,4.976733742420574,0.0,0.0,7,2007,WD,Normal,204000,9.262648151599528,3.5,4.812184355372417,11,10,1
254,4.394449154672439,RL,4.454347296253507,9.143238568435446,Pave,Reg,Lvl,AllPub,Inside,Gtl,NAmes,Norm,Norm,1Fam,SLvl,6,7,1964,1991,Hip,CompShg,HdBoard,HdBoard,4.6913478822291435,TA,TA,CBlock,Gd,TA,Gd,LwQ,5.602118820879701,ALQ,6.115892125483034,GasA,Ex,Y,SBrkr,7.172424577124845,0.0,3,0.6931471805599453,Gd,Min1,0,NA,Attchd,RFn,1,TA,TA,Y,5.811140992976701,0.0,0.0,10,2007,CWD,Normal,158000,8.963544291996744,2.5,0.0,43,16,1
897,3.4339872044851463,RM,3.9318256327243257,9.078635880978755,Pave,Reg,Lvl,AllPub,Inside,Gtl,IDOTRR,Norm,Norm,1Fam,1Story,4,6,1936,1950,Gable,CompShg,Wd Sdng,Wd Sdng,0.0,TA,TA,BrkTil,TA,TA,No,ALQ,5.655991810819852,Unf,6.502790045915623,GasA,Ex,N,SBrkr,6.858565034791365,0.0,2,0.6931471805599453,TA,Typ,0,NA,Detchd,Unf,1,TA,TA,Y,0.0,0.0,0.0,4,2006,WD,Abnorml,106500,8.244071270295786,1.0,3.367295829986474,70,56,1
1379,5.081404364984463,RM,3.091042453358316,7.577633832602728,Pave,Reg,Lvl,AllPub,Inside,Gtl,BrDale,Norm,Norm,Twnhs,2Story,6,5,1973,1973,Gable,CompShg,HdBoard,HdBoard,6.013715156042802,TA,TA,CBlock,TA,Fa,No,BLQ,5.736572297479192,Unf,5.1647859739235145,GasA,TA,Y,SBrkr,6.182084906716632,6.22455842927536,2,0.6931471805599453,TA,Typ,0,NA,Detchd,Unf,1,TA,TA,Y,4.290459441148391,0.0,0.0,6,2006,WD,Normal,83000,8.686598356276965,1.5,0.0,33,33,0
881,3.044522437723423,RL,4.110873864173311,8.857230494201946,Pave,Reg,Lvl,AllPub,Inside,Gtl,Edwards,Norm,Norm,1Fam,1Story,5,5,2005,2006,Gable,CompShg,VinylSd,VinylSd,0.0,TA,TA,PConc,Ex,Gd,No,ALQ,6.8885724595653635,Unf,4.709530201312334,GasA,Gd,Y,SBrkr,6.994849985833071,0.0,2,0.6931471805599453,TA,Typ,0,NA,Attchd,Fin,2,TA,TA,Y,0.0,0.0,0.0,6,2007,WD,Normal,157000,8.603554357064281,2.5,3.912023005428146,2,1,1
1378,3.9318256327243257,RL,4.110873864173311,9.305559638557117,Pave,Reg,Lvl,AllPub,Inside,Gtl,Edwards,Norm,Norm,1Fam,1.5Fin,5,5,1941,1960,Gable,CompShg,Wd Sdng,Wd Sdng,0.0,TA,TA,CBlock,TA,TA,No,LwQ,6.013715156042802,BLQ,5.056245805348308,GasA,Ex,Y,SBrkr,6.892641641172089,6.431331081933479,3,0.6931471805599453,TA,Min2,0,NA,Detchd,Unf,2,TA,TA,Y,0.0,0.0,0.0,7,2009,WD,Normal,117000,8.989818381366925,2.0,4.23410650459726,68,49,1
624,5.081404364984463,FV,4.310799125385514,7.658227526161352,Pave,Reg,Lvl,AllPub,Inside,Gtl,Somerst,Norm,Norm,TwnhsE,2Story,6,5,2000,2000,Gable,CompShg,MetalSd,MetalSd,6.2422232654551655,Gd,TA,PConc,Gd,TA,No,GLQ,6.042632833682381,Unf,5.820082930352362,GasA,Ex,Y,SBrkr,6.6293632534374485,6.6293632534374485,2,0.6931471805599453,Gd,Typ,1,TA,Detchd,Unf,2,TA,TA,Y,0.0,0.0,0.0,6,2007,WD,Normal,168500,9.11305824916963,2.5,3.4965075614664802,7,7,0
346,3.9318256327243257,RL,4.189654742026425,8.769662508112274,Pave,Reg,Lvl,AllPub,Inside,Gtl,BrkSide,RRAn,Norm,1Fam,1.5Fin,6,5,1939,1950,Gable,CompShg,MetalSd,MetalSd,0.0,TA,TA,BrkTil,TA,TA,No,Unf,0.0,Unf,6.880384082186005,GasA,Gd,Y,SBrkr,6.880384082186005,6.406879986069314,3,0.6931471805599453,Fa,Typ,1,Gd,Detchd,Unf,1,TA,TA,Y,0.0,0.0,0.0,10,2006,WD,Normal,140200,9.155144736508232,1.0,0.0,67,56,1
1254,4.110873864173311,RL,4.23410650459726,9.772410288929185,Pave,IR1,Lvl,AllPub,Inside,Gtl,Veenker,Norm,Norm,1Fam,2Story,7,7,1974,2003,Gable,CompShg,Wd Sdng,Wd Sdng,0.0,Gd,TA,CBlock,TA,TA,Gd,LwQ,4.836281906951478,ALQ,3.6109179126442243,GasA,TA,Y,SBrkr,7.324489979348532,6.480044561926653,3,0.6931471805599453,Gd,Typ,2,Gd,Attchd,RFn,2,TA,TA,Y,5.3981627015177525,0.0,0.0,7,2007,WD,Normal,294000,9.627075072342578,3.5,3.871201010907891,33,4,1
263,4.394449154672439,RL,4.48863636973214,9.044521887281242,Pave,IR1,Lvl,AllPub,Corner,Gtl,Sawyer,Norm,Norm,1Fam,SLvl,6,7,1977,1995,Gable,CompShg,HdBoard,Plywood,3.8501476017100584,TA,TA,CBlock,Gd,Gd,Av,ALQ,6.2285110035911835,Unf,0.0,GasA,TA,Y,SBrkr,7.10085190894405,0.0,3,0.6931471805599453,TA,Typ,1,TA,Attchd,Unf,2,TA,TA,Y,5.680172609017068,0.0,0.0,7,2006,WD,Normal,151000,8.89192414015454,2.0,2.5649493574615367,29,11,1
151,3.044522437723423,RL,4.795790545596741,9.24541789858888,Pave,Reg,Lvl,AllPub,Corner,Gtl,CollgCr,Norm,Norm,1Fam,1Story,5,6,1975,1975,Gable,CompShg,HdBoard,HdBoard,0.0,TA,TA,CBlock,TA,TA,Av,BLQ,6.57507584059962,Unf,5.537334267018537,GasA,TA,Y,SBrkr,6.877296071497429,0.0,3,0.6931471805599453,TA,Typ,0,NA,Attchd,Unf,2,TA,TA,Y,0.0,0.0,0.0,1,2007,WD,Normal,122000,8.48590890137647,1.5,0.0,32,32,0
473,5.198497031265826,RM,3.58351893845611,8.209580483475577,Pave,Reg,Lvl,AllPub,Inside,Gtl,Edwards,Norm,Norm,TwnhsE,SLvl,6,5,2005,2005,Gable,CompShg,VinylSd,VinylSd,4.394449154672439,TA,TA,PConc,Gd,TA,Gd,GLQ,6.131226489483141,Unf,4.48863636973214,GasA,Ex,Y,SBrkr,6.9782137426306985,0.0,2,0.6931471805599453,TA,Typ,0,NA,Basment,RFn,2,TA,TA,Y,0.0,0.0,0.0,6,2008,WD,Normal,148000,8.769196271411001,2.0,3.367295829986474,3,3,0
641,4.795790545596741,RL,4.143134726391533,9.447623486844112,Pave,IR1,Lvl,AllPub,Inside,Gtl,NridgHt,Norm,Norm,TwnhsE,1Story,8,5,2003,2004,Hip,CompShg,MetalSd,MetalSd,6.159095388491933,Ex,TA,PConc,Ex,TA,Gd,GLQ,7.105786129481271,Unf,5.707110264748875,GasA,Ex,Y,SBrkr,7.325807502595773,0.0,1,0.6931471805599453,Ex,Typ,1,Gd,Attchd,RFn,2,TA,TA,Y,5.225746673713202,0.0,0.0,4,2008,WD,Normal,274000,9.404672841436273,1.5,4.948759890378168,5,4,1
1447,3.044522437723423,RL,4.276666119016055,10.17133674723419,Pave,IR1,Lvl,AllPub,CulDSac,Gtl,Mitchel,Norm,Norm,1Fam,1Story,5,7,1962,1962,Gable,CompShg,HdBoard,HdBoard,5.247024072160486,TA,TA,CBlock,TA,TA,No,Rec,6.386879319362645,Unf,6.39024066706535,GasA,TA,Y,SBrkr,7.080867896690782,0.0,3,0.6931471805599453,TA,Typ,0,NA,Attchd,Unf,1,TA,TA,P,5.568344503761097,0.0,0.0,4,2010,WD,Normal,157900,8.689632748355741,1.0,3.6888794541139363,48,48,0
1375,4.110873864173311,FV,4.454347296253507,9.271059107010888,Pave,Reg,Lvl,AllPub,Inside,Gtl,Somerst,Norm,Norm,1Fam,2Story,7,5,2005,2005,Gable,CompShg,CemntBd,CmentBd,0.0,Gd,TA,PConc,Gd,TA,No,Unf,0.0,Unf,6.934397209928558,GasA,Ex,Y,SBrkr,6.934397209928558,6.838405200847344,3,0.6931471805599453,Gd,Typ,1,Gd,Attchd,Fin,3,TA,TA,Y,5.043425116919247,0.0,0.0,7,2008,WD,Normal,250000,9.525661930231381,2.5,5.351858133476067,3,3,0
551,4.795790545596741,RL,3.9889840465642745,8.304989580140361,Pave,Reg,Lvl,AllPub,Inside,Gtl,NPkVill,Norm,Norm,TwnhsE,1Story,6,6,1977,1977,Gable,CompShg,Plywood,Plywood,0.0,TA,TA,CBlock,Gd,TA,No,ALQ,6.327936783729195,Unf,6.236369590203704,GasA,TA,Y,SBrkr,6.975413927455952,0.0,2,0.6931471805599453,TA,Typ,0,NA,Attchd,RFn,2,TA,TA,Y,0.0,0.0,0.0,10,2008,COD,Abnorml,140000,8.766394277049736,2.0,5.545177444479562,31,31,0
929,3.044522437723423,RL,4.2626798770413155,9.379154445411636,Pave,Reg,Lvl,AllPub,Inside,Gtl,CollgCr,Norm,Norm,1Fam,1Story,8,5,2001,2001,Hip,CompShg,VinylSd,VinylSd,0.0,Gd,TA,PConc,Gd,TA,Av,Unf,0.0,Unf,7.469654172932128,GasA,Ex,Y,SBrkr,7.489412083508719,0.0,3,0.6931471805599453,Ex,Typ,1,TA,Attchd,RFn,2,TA,TA,Y,5.313205979041787,0.0,0.0,6,2009,WD,Normal,236500,9.56836440548421,2.0,5.0238805208462765,8,8,0
489,5.25227342804663,RL,4.110873864173311,9.287394001418473,Pave,Reg,Lvl,AllPub,Corner,Gtl,OldTown,Norm,Norm,2fmCon,1.5Fin,5,4,1900,1970,Gable,CompShg,Wd Sdng,Wd Sdng,0.0,TA,Fa,CBlock,TA,Fa,No,BLQ,6.499787040655854,Unf,5.673323267171493,GasA,TA,N,FuseA,7.4770384723196965,6.47543271670409,3,1.0986122886681098,TA,Mod,1,Gd,Attchd,Unf,2,TA,Fa,N,4.962844630259907,0.0,0.0,5,2006,ConLD,Normal,160000,9.398561160701128,2.0,0.0,106,36,1
1322,3.044522437723423,RL,3.970291913552122,8.799058378546453,Pave,IR1,Lvl,AllPub,Corner,Gtl,BrkSide,Feedr,Norm,1Fam,1Story,3,6,1949,1950,Hip,CompShg,VinylSd,VinylSd,0.0,TA,TA,CBlock,NA,NA,NA,NA,0.0,NA,0.0,Floor,TA,N,SBrkr,6.580639137284949,0.0,2,0.6931471805599453,TA,Typ,0,NA,Detchd,Unf,1,TA,Fa,Y,0.0,0.0,0.0,7,2008,WD,Normal,72500,7.6783263565068856,1.0,0.0,59,58,1
1172,3.044522437723423,RL,4.343805421853684,9.118334726180159,Pave,Reg,Lvl,AllPub,Inside,Gtl,NAmes,Norm,Norm,1Fam,1Story,6,6,1958,1958,Hip,CompShg,MetalSd,MetalSd,0.0,TA,TA,CBlock,TA,TA,No,ALQ,6.4967749901858625,Unf,6.396929655216146,GasA,Ex,Y,SBrkr,7.140453043101158,0.0,3,0.6931471805599453,TA,Typ,1,TA,Attchd,RFn,2,TA,TA,Y,0.0,0.0,7.244941546337007,11,2008,WD,Normal,163000,8.931551966694522,2.0,5.666426688112432,50,50,0
147,3.4339872044851463,RM,3.9512437185814275,8.71948076085107,Pave,Reg,Lvl,AllPub,Corner,Gtl,BrkSide,Norm,Norm,1Fam,1Story,5,7,1931,1993,Gable,CompShg,Wd Sdng,Wd Sdng,0.0,TA,TA,BrkTil,TA,TA,No,BLQ,5.3471075307174685,Unf,6.2285110035911835,GasA,TA,Y,FuseA,6.775366090936392,0.0,2,0.6931471805599453,TA,Typ,0,NA,Detchd,Unf,1,Fa,TA,Y,3.8918202981106265,0.0,0.0,11,2009,WD,Normal,105000,8.383890344101816,2.0,0.0,78,16,1
403,3.4339872044851463,RL,4.110873864173311,9.23024103368252,Pave,Reg,Lvl,AllPub,Inside,Gtl,Sawyer,Norm,Norm,1Fam,1Story,5,8,1940,1997,Gable,CompShg,Wd Sdng,Wd Sdng,0.0,TA,TA,PConc,TA,TA,No,Unf,0.0,Unf,6.511745329644728,GasA,Ex,Y,SBrkr,6.511745329644728,0.0,2,0.6931471805599453,TA,Typ,0,NA,Detchd,Unf,1,TA,TA,N,5.1298987149230735,0.0,0.0,8,2008,WD,Normal,108000,8.119993827725105,1.0,0.0,68,11,1
955,4.51085950651685,RL,3.58351893845611,9.148571345578551,Pave,IR1,Lvl,AllPub,CulDSac,Gtl,Edwards,Norm,Norm,Duplex,SFoyer,6,5,1975,1975,Flat,Tar&Grv,WdShing,Plywood,5.5254529391317835,TA,TA,CBlock,Gd,Gd,Gd,GLQ,6.852242569051878,Unf,0.0,GasA,TA,Y,SBrkr,6.8885724595653635,0.0,4,0.0,TA,Typ,0,NA,NA,NA,0,NA,NA,Y,0.0,0.0,0.0,10,2006,WD,AdjLand,127500,8.679482094459956,3.0,0.0,31,31,0
1405,3.9318256327243257,RL,4.110873864173311,9.250618218474752,Pave,Reg,Lvl,AllPub,Corner,Gtl,OldTown,Artery,Norm,1Fam,1.5Fin,3,4,1915,1950,Gable,CompShg,Wd Sdng,Wd Sdng,0.0,TA,TA,PConc,TA,TA,No,Unf,0.0,Unf,6.511745329644728,GasA,TA,Y,SBrkr,6.543911845564792,6.255750041753367,3,0.6931471805599453,TA,Typ,0,NA,Detchd,Unf,3,TA,TA,Y,5.37989735354046,0.0,0.0,1,2006,WD,Family,105000,8.200562797008564,1.0,5.081404364984463,91,56,1
660,3.044522437723423,RL,4.330733340286331,9.204121072162266,Pave,Reg,Lvl,AllPub,Corner,Gtl,Edwards,Norm,Norm,1Fam,1Story,5,7,1964,1999,Hip,CompShg,MetalSd,MetalSd,0.0,TA,Gd,PConc,TA,TA,No,BLQ,6.45833828334479,Unf,6.745236349484363,GasA,Ex,Y,SBrkr,7.304515946460155,0.0,3,0.6931471805599453,TA,Typ,0,NA,Detchd,Fin,2,TA,TA,Y,0.0,0.0,0.0,3,2009,WD,Normal,167000,8.91341571815747,2.0,0.0,45,10,1
464,4.2626798770413155,RL,4.31748811353631,9.391744841707654,Pave,IR1,HLS,AllPub,Inside,Mod,Crawfor,Norm,Norm,1Fam,2Story,6,7,1934,1995,Hip,CompShg,Stucco,Stucco,0.0,TA,TA,CBlock,TA,TA,No,LwQ,5.7899601708972535,Unf,5.966146739123692,GasA,Fa,Y,FuseA,6.745236349484363,6.699500340161678,3,0.6931471805599453,TA,Typ,1,Gd,Detchd,Unf,1,TA,TA,Y,0.0,0.0,0.0,8,2008,WD,Normal,188700,9.206432747145165,1.5,0.0,74,13,1
187,4.394449154672439,RL,4.276666119016055,9.205126804923296,Pave,IR1,Lvl,AllPub,CulDSac,Gtl,Mitchel,Norm,Norm,1Fam,SLvl,7,5,1990,1991,Gable,CompShg,HdBoard,HdBoard,0.0,TA,TA,PConc,Gd,TA,Av,GLQ,6.416732282512326,Unf,6.359573868672378,GasA,Ex,Y,SBrkr,7.1049654482698426,0.0,3,0.6931471805599453,Gd,Typ,0,NA,Attchd,Unf,2,TA,TA,Y,5.1298987149230735,0.0,0.0,6,2009,WD,Normal,173000,9.050171619823361,3.0,3.332204510175204,19,18,1
1148,4.2626798770413155,RL,4.330733340286331,9.392745258631441,Pave,Reg,Bnk,AllPub,Inside,Gtl,Crawfor,Norm,Norm,1Fam,2Story,7,7,1941,1950,Gable,CompShg,MetalSd,MetalSd,0.0,TA,TA,CBlock,TA,TA,No,Rec,5.62040086571715,Unf,6.063785208687608,GasA,Ex,Y,SBrkr,6.7580945044277305,6.558197802812269,3,0.6931471805599453,Fa,Typ,1,Gd,Attchd,Unf,1,TA,TA,Y,0.0,0.0,0.0,7,2009,WD,Normal,174500,9.301003406873425,1.5,0.0,68,59,1
1225,4.110873864173311,RL,4.110873864173311,9.641148287756142,Pave,IR1,Lvl,AllPub,Inside,Gtl,Gilbert,RRAn,Norm,1Fam,2Story,7,5,2004,2005,Gable,CompShg,VinylSd,VinylSd,0.0,Gd,TA,PConc,Gd,TA,Av,GLQ,6.586171654854675,Unf,4.174387269895637,GasA,Ex,Y,SBrkr,6.670766320845874,6.555356891810665,3,0.6931471805599453,Gd,Typ,1,Gd,Attchd,Fin,2,TA,TA,Y,4.61512051684126,0.0,0.0,2,2008,WD,Normal,184000,9.25253742067597,3.5,4.330733340286331,4,3,1
609,4.2626798770413155,RL,4.3694478524670215,9.4066470133368,Pave,Reg,HLS,AllPub,Inside,Mod,Crawfor,Norm,Norm,1Fam,2Story,8,6,1934,1998,Gable,CompShg,BrkFace,Wd Sdng,0.0,TA,TA,PConc,Gd,TA,Mn,BLQ,6.061456918928017,Unf,6.2878585601617845,GasA,TA,Y,SBrkr,7.57095858316901,7.134890851565884,4,0.6931471805599453,TA,Typ,2,Gd,Basment,Unf,2,TA,TA,Y,0.0,0.0,0.0,9,2007,WD,Alloca,359100,10.14851000556878,2.5,0.0,73,9,1
144,3.044522437723423,RL,4.3694478524670215,9.243388226022383,Pave,IR1,Lvl,AllPub,Inside,Gtl,CollgCr,Norm,Norm,1Fam,1Story,7,5,1999,1999,Gable,CompShg,VinylSd,VinylSd,5.214935757608986,Gd,TA,PConc,Gd,TA,Gd,GLQ,6.522092798170152,Unf,6.699500340161678,GasA,Ex,Y,SBrkr,7.31455283232408,0.0,3,0.6931471805599453,Gd,Typ,0,NA,Attchd,RFn,2,TA,TA,Y,4.976733742420574,0.0,0.0,6,2009,WD,Normal,204000,9.259892150805431,3.0,3.4011973816621555,10,10,0
752,4.110873864173311,RL,4.189654742026425,8.955577146281511,Pave,Reg,Lvl,AllPub,Inside,Gtl,Gilbert,RRAn,Norm,1Fam,2Story,7,5,2003,2003,Gable,CompShg,VinylSd,VinylSd,0.0,Gd,TA,PConc,Gd,TA,No,Unf,0.0,Unf,6.493753839851686,GasA,Ex,Y,SBrkr,6.493753839851686,6.493753839851686,3,0.6931471805599453,Gd,Typ,0,NA,Attchd,Fin,2,TA,TA,Y,0.0,0.0,0.0,8,2007,WD,Normal,162000,9.13140538388804,2.5,3.8918202981106265,4,4,0
982,4.110873864173311,RL,4.59511985013459,9.40951904583656,Pave,IR1,Lvl,AllPub,Corner,Gtl,NoRidge,Norm,Norm,1Fam,2Story,8,5,1998,1999,Hip,CompShg,VinylSd,VinylSd,6.883462586413092,Gd,TA,PConc,Gd,TA,No,GLQ,6.75110146893676,Unf,5.918893854273146,GasA,Ex,Y,SBrkr,7.152268856032539,7.198183577101943,4,0.6931471805599453,Gd,Typ,1,TA,Attchd,Fin,3,TA,TA,Y,5.5254529391317835,0.0,0.0,7,2009,WD,Normal,336000,9.947360886980098,3.5,0.0,11,10,1
198,4.330733340286331,RL,5.1647859739235145,10.143291544743445,Pave,Reg,Lvl,AllPub,Corner,Gtl,NAmes,Artery,Norm,1Fam,2Story,8,4,1918,1990,Gable,CompShg,Stucco,Stucco,0.0,Gd,Gd,PConc,TA,TA,No,GLQ,6.9440872082295275,LwQ,4.948759890378168,GasA,Gd,Y,SBrkr,7.215975002651466,7.215975002651466,4,0.6931471805599453,Gd,Typ,1,Ex,Detchd,Unf,2,TA,TA,Y,0.0,6.240275845170769,0.0,3,2006,WD,Abnorml,235000,10.122502593266558,3.5,6.343880434126331,88,16,1
884,4.330733340286331,RL,4.110873864173311,8.733110697638708,Pave,Reg,Bnk,AllPub,Inside,Gtl,SWISU,Norm,Norm,1Fam,2.5Fin,4,5,1912,1950,Gable,CompShg,Wd Sdng,Wd Sdng,0.0,Gd,TA,PConc,TA,Fa,No,Unf,0.0,Unf,6.679599185844383,GasA,TA,N,SBrkr,6.86171134048073,6.679599185844383,5,0.6931471805599453,TA,Typ,0,NA,Detchd,Unf,1,TA,Gd,Y,0.0,0.0,0.0,3,2006,WD,Normal,118500,9.096163326913784,2.0,5.241747015059643,94,56,1
280,4.110873864173311,RL,4.430816798843313,9.21094019204815,Pave,Reg,Lvl,AllPub,Inside,Gtl,ClearCr,Norm,Norm,1Fam,2Story,7,5,1977,1977,Hip,CompShg,Plywood,Plywood,5.703782474656201,TA,TA,CBlock,Gd,TA,No,BLQ,5.973809611869261,Unf,6.645090969505644,GasA,Ex,Y,SBrkr,7.053585727193677,6.7650389767805414,4,0.6931471805599453,TA,Typ,1,TA,Attchd,Fin,2,TA,TA,Y,5.666426688112432,0.0,0.0,3,2008,WD,Normal,192000,9.557823197546,2.5,4.770684624465665,31,31,0
294,4.110873864173311,RL,4.394449154672439,9.720765915720834,Pave,IR1,Lvl,AllPub,Corner,Gtl,NWAmes,PosA,Norm,1Fam,2Story,7,7,1977,1994,Gable,CompShg,Plywood,Plywood,3.5553480614894135,TA,TA,CBlock,TA,TA,No,ALQ,6.679599185844383,Unf,0.0,GasA,Fa,Y,SBrkr,7.292337176173877,6.679599185844383,3,0.6931471805599453,Gd,Typ,1,TA,Attchd,Fin,2,TA,TA,Y,0.0,0.0,0.0,3,2006,WD,Normal,235000,9.670419920024225,3.5,5.5254529391317835,29,12,1
1330,4.110873864173311,RL,4.1588830833596715,9.114379980830272,Pave,IR1,Lvl,AllPub,Inside,Gtl,Gilbert,Norm,Norm,1Fam,2Story,7,5,1998,1998,Hip,CompShg,VinylSd,VinylSd,0.0,TA,TA,PConc,Gd,TA,No,Unf,0.0,Unf,6.841615476477592,GasA,Gd,Y,SBrkr,6.862757913051401,6.519147287940395,3,0.6931471805599453,TA,Typ,1,TA,Attchd,Fin,2,TA,TA,Y,0.0,0.0,0.0,6,2006,WD,Normal,176500,9.343559215762406,2.5,3.367295829986474,8,8,0
401,4.795790545596741,RL,3.6635616461296463,9.613402595468036,Pave,IR2,Lvl,AllPub,Inside,Gtl,Veenker,Norm,Norm,TwnhsE,1Story,8,5,1996,1996,Gable,CompShg,BrkFace,BrkFace,0.0,Gd,TA,PConc,Gd,TA,No,GLQ,6.668228248417403,Unf,6.163314804034641,GasA,Ex,Y,SBrkr,7.161622002939187,0.0,1,0.6931471805599453,Ex,Typ,2,Gd,Attchd,Fin,2,TA,TA,Y,4.795790545596741,0.0,0.0,12,2008,WD,Normal,245500,9.240384493324559,2.5,5.541263545158426,12,12,0
123,3.044522437723423,RL,4.330733340286331,9.155356063643422,Pave,Reg,Lvl,AllPub,Corner,Gtl,NAmes,Norm,Norm,1Fam,1Story,6,7,1958,1958,Hip,CompShg,MetalSd,MetalSd,4.912654885736052,TA,Gd,CBlock,TA,TA,No,BLQ,6.3473892096560105,Unf,6.236369590203704,GasA,Gd,Y,SBrkr,6.985641817639208,0.0,3,0.6931471805599453,TA,Typ,0,NA,Attchd,Unf,1,TA,TA,Y,0.0,0.0,0.0,6,2008,WD,Normal,136000,8.776630098427717,1.0,4.875197323201151,50,50,0
1208,3.044522437723423,RL,4.2626798770413155,9.119977931895791,Pave,Reg,Lvl,AllPub,Inside,Gtl,CollgCr,Norm,Norm,1Fam,1Story,6,5,2003,2003,Gable,CompShg,VinylSd,VinylSd,4.795790545596741,Gd,TA,PConc,Gd,TA,Av,GLQ,5.831882477283517,Unf,7.202661196523238,GasA,Ex,Y,SBrkr,7.438971592395862,0.0,3,0.6931471805599453,Gd,Typ,0,NA,Attchd,RFn,2,TA,TA,Y,5.262690188904886,0.0,0.0,5,2006,WD,Normal,200000,9.23024103368252,3.0,3.1780538303479458,3,3,0
203,3.9318256327243257,RL,3.9318256327243257,8.853808274977197,Pave,Reg,Lvl,AllPub,Corner,Gtl,OldTown,Artery,Norm,1Fam,1.5Fin,6,6,1924,1950,Gable,CompShg,MetalSd,MetalSd,0.0,TA,Gd,BrkTil,Fa,TA,No,LwQ,6.42648845745769,Unf,0.0,GasA,Gd,Y,SBrkr,6.763884908562435,6.100318952020064,2,0.6931471805599453,TA,Min1,0,NA,Attchd,Unf,1,TA,TA,Y,0.0,0.0,0.0,5,2006,COD,Normal,112000,8.969669103793757,2.0,4.844187086458591,82,56,1
836,3.044522437723423,RL,4.110873864173311,9.169622538697624,Pave,Reg,Lvl,AllPub,Inside,Gtl,Sawyer,Norm,Norm,1Fam,1Story,4,7,1950,1995,Gable,CompShg,VinylSd,HdBoard,0.0,TA,TA,CBlock,Gd,TA,No,BLQ,6.093569770045136,Unf,6.439350371100098,GasA,TA,Y,SBrkr,6.97354301952014,0.0,2,0.6931471805599453,Gd,Min2,0,NA,Attchd,Unf,2,TA,TA,Y,5.673323267171493,0.0,0.0,2,2010,WD,Normal,128000,8.359134886757962,2.0,0.0,60,15,1
247,5.25227342804663,RM,4.248495242049359,9.120743838164426,Pave,Reg,Lvl,AllPub,Inside,Gtl,OldTown,Norm,Norm,2fmCon,2Story,6,8,1910,1950,Gable,CompShg,AsbShng,AsbShng,0.0,TA,Fa,Stone,Fa,TA,No,Unf,0.0,Unf,6.928537818164665,GasA,Gd,N,FuseP,6.812345094177479,6.928537818164665,4,1.0986122886681098,Fa,Typ,0,NA,Detchd,Unf,1,Po,Po,Y,0.0,0.0,0.0,4,2006,WD,Normal,137000,9.356084386028888,2.0,5.153291594497779,96,56,1
1387,4.110873864173311,RL,4.394449154672439,9.722744748855389,Pave,IR1,Lvl,AllPub,Inside,Gtl,NWAmes,RRAn,Norm,1Fam,2Story,7,5,1978,1978,Gable,CompShg,Plywood,Plywood,5.220355825078324,TA,TA,CBlock,Gd,TA,No,BLQ,6.673297967767654,LwQ,4.897839799950911,GasA,TA,Y,SBrkr,7.239214973779806,7.239214973779806,5,0.6931471805599453,Gd,Typ,2,TA,Attchd,RFn,2,TA,TA,Y,0.0,6.253828811575473,7.601402334583733,7,2006,WD,Normal,250000,9.877605482822025,4.5,6.315358001522335,28,28,0
1373,4.110873864173311,RL,4.330733340286331,9.18512512283512,Pave,Reg,Lvl,AllPub,Corner,Gtl,CollgCr,Norm,Norm,1Fam,2Story,7,6,1998,1998,Gable,CompShg,VinylSd,VinylSd,0.0,TA,TA,PConc,Gd,TA,Av,GLQ,6.883462586413092,Unf,4.897839799950911,GasA,Ex,Y,SBrkr,7.011213987350367,6.897704943128636,3,0.6931471805599453,Gd,Typ,1,TA,Detchd,RFn,2,TA,TA,Y,5.537334267018537,0.0,0.0,6,2006,WD,Normal,274300,9.594241302168507,3.5,5.14166355650266,8,8,0
1154,3.4339872044851463,RM,4.110873864173311,8.681181041521688,Pave,Reg,Lvl,AllPub,Corner,Gtl,IDOTRR,Norm,Norm,1Fam,1Story,6,8,1930,2007,Gable,CompShg,Wd Sdng,Wd Sdng,0.0,Gd,Gd,BrkTil,TA,TA,Av,ALQ,6.289715570908998,Unf,5.631211781821365,GasA,Ex,Y,SBrkr,6.705639094860003,0.0,2,0.6931471805599453,TA,Typ,0,NA,Detchd,Unf,1,TA,TA,Y,0.0,0.0,0.0,6,2008,WD,Normal,120500,8.496378051702317,1.0,4.574710978503383,78,1,1
385,4.110873864173311,RL,4.394449154672439,10.880082855015793,Pave,IR2,Low,AllPub,Corner,Mod,ClearCr,Feedr,Norm,1Fam,2Story,6,5,1992,1992,Gable,CompShg,HdBoard,HdBoard,0.0,Gd,TA,PConc,Gd,TA,Av,GLQ,6.893656354602635,Unf,6.39024066706535,GasA,Ex,Y,SBrkr,6.984716320118266,6.774223886357614,3,0.6931471805599453,Gd,Typ,2,Fa,Attchd,Fin,2,TA,TA,Y,5.37989735354046,0.0,0.0,6,2007,WD,Normal,240000,9.368966735258603,3.5,5.44673737166631,15,15,0
1289,4.795790545596741,RL,3.713572066704308,8.642062173462106,Pave,IR1,Lvl,AllPub,Inside,Gtl,StoneBr,Norm,Norm,TwnhsE,1Story,8,5,2000,2000,Gable,CompShg,CemntBd,CmentBd,0.0,Gd,TA,PConc,Gd,TA,No,GLQ,7.055312843339752,Unf,5.840641657373398,GasA,Ex,Y,SBrkr,7.414572881350589,0.0,2,0.6931471805599453,Ex,Typ,1,Ex,Attchd,Fin,2,TA,TA,Y,5.3612921657094255,0.0,0.0,10,2009,WD,Normal,278000,9.493487175626202,3.0,4.0943445622221,9,9,0
855,3.044522437723423,RL,4.634728988229636,9.793728488543389,Pave,Reg,Lvl,AllPub,Inside,Gtl,Sawyer,Norm,Norm,1Fam,1Story,5,4,1955,1974,Hip,CompShg,Wd Sdng,Plywood,0.0,TA,TA,CBlock,TA,TA,Mn,ALQ,5.726847747587197,Rec,5.921578419643816,GasA,TA,Y,SBrkr,7.484368643286131,0.0,3,0.6931471805599453,TA,Typ,1,Gd,Attchd,Unf,2,TA,TA,Y,0.0,0.0,0.0,7,2006,WD,Abnorml,170000,9.093357016490364,2.5,6.594413459749778,51,32,1
220,4.795790545596741,RL,3.784189633918261,8.010027528481734,Pave,Reg,Lvl,AllPub,Inside,Gtl,Blmngtn,Norm,Norm,TwnhsE,1Story,7,5,2005,2006,Gable,CompShg,VinylSd,VinylSd,2.833213344056216,Gd,TA,PConc,Gd,TA,Av,GLQ,2.833213344056216,Unf,7.117205503164344,GasA,Ex,Y,SBrkr,7.130098510125578,0.0,2,0.6931471805599453,Gd,Typ,0,NA,Attchd,Fin,2,TA,TA,Y,4.6913478822291435,0.0,0.0,3,2006,New,Partial,167240,9.075322160298095,2.0,0.0,1,0,1
642,4.110873864173311,FV,4.310799125385514,8.860924729719041,Pave,Reg,Lvl,AllPub,Inside,Gtl,Somerst,Norm,Norm,1Fam,2Story,7,5,2001,2001,Gable,CompShg,VinylSd,VinylSd,0.0,Gd,TA,PConc,Gd,TA,No,GLQ,6.6052979209482015,Unf,5.768320995793772,GasA,Ex,Y,SBrkr,6.964135612418245,6.771935555839602,3,0.6931471805599453,Gd,Typ,1,TA,Attchd,Fin,2,TA,TA,Y,0.0,0.0,0.0,5,2007,WD,Normal,226000,9.510741216835738,3.5,5.4638318050256105,6,6,0
2,3.044522437723423,RL,4.394449154672439,9.169622538697624,Pave,Reg,Lvl,AllPub,FR2,Gtl,Veenker,Feedr,Norm,1Fam,1Story,6,8,1976,1976,Gable,CompShg,MetalSd,MetalSd,0.0,TA,TA,CBlock,Gd,TA,Gd,ALQ,6.88653164253051,Unf,5.652489180268651,GasA,Ex,Y,SBrkr,7.141245122350491,0.0,3,0.6931471805599453,TA,Typ,1,TA,Attchd,RFn,2,TA,TA,Y,5.700443573390687,0.0,0.0,5,2007,WD,Normal,181500,8.932344569113823,2.5,0.0,31,31,0
113,4.110873864173311,RL,4.356708826689592,9.20693457884135,Pave,Reg,Lvl,AllPub,Inside,Gtl,CollgCr,Norm,Norm,1Fam,2Story,7,5,2007,2007,Gable,CompShg,VinylSd,VinylSd,5.3981627015177525,Gd,TA,PConc,Ex,TA,Av,GLQ,6.892641641172089,Unf,5.638354669333745,GasA,Ex,Y,SBrkr,7.1569563646156364,7.254884810077338,4,0.6931471805599453,Ex,Typ,1,Gd,BuiltIn,Fin,3,TA,TA,Y,4.795790545596741,0.0,0.0,10,2007,New,Partial,383970,9.84548760823814,3.5,5.8664680569332965,0,0,0
699,3.044522437723423,RL,4.189654742026425,9.042040056544483,Pave,Reg,Lvl,AllPub,Inside,Gtl,Sawyer,RRAe,Norm,1Fam,1Story,5,8,1965,2009,Gable,CompShg,MetalSd,MetalSd,0.0,TA,Gd,CBlock,TA,TA,No,GLQ,6.317164686747284,BLQ,5.41610040220442,GasA,Ex,Y,SBrkr,6.796823718274855,0.0,3,0.6931471805599453,TA,Typ,1,Gd,Detchd,Unf,1,TA,TA,Y,6.0330862217988015,0.0,0.0,4,2010,WD,Normal,138500,8.405367376233981,2.0,4.976733742420574,45,1,1
1394,5.25227342804663,RM,4.110873864173311,9.287394001418473,Pave,Reg,Lvl,AllPub,Inside,Gtl,OldTown,Norm,Norm,2fmCon,1.5Fin,6,7,1905,2000,Gable,CompShg,Wd Sdng,Wd Sdng,0.0,TA,TA,BrkTil,Fa,TA,No,Unf,0.0,Unf,6.180016653652572,GasA,Ex,N,SBrkr,7.108244139731541,6.539585955617669,3,1.0986122886681098,TA,Typ,1,TA,Detchd,Unf,2,Gd,TA,Y,0.0,0.0,0.0,4,2008,WD,Normal,163000,9.347751727799142,2.0,5.472270673671475,103,8,1
952,3.044522437723423,RH,4.110873864173311,8.962007209588313,Pave,Reg,Lvl,AllPub,Corner,Gtl,SawyerW,Norm,Norm,1Fam,1Story,5,5,1965,1965,Gable,CompShg,VinylSd,VinylSd,0.0,TA,TA,CBlock,TA,TA,No,BLQ,6.464588303689961,Unf,5.236441962829949,GasA,Gd,Y,SBrkr,6.873163834212518,0.0,3,0.6931471805599453,TA,Typ,0,NA,Detchd,Unf,1,TA,TA,Y,6.045005314036012,0.0,0.0,7,2006,WD,Abnorml,119900,8.481773246184977,2.0,0.0,41,41,0
1284,4.51085950651685,RL,4.553876891600541,9.148571345578551,Pave,Reg,Low,AllPub,Corner,Gtl,Mitchel,Norm,Norm,Duplex,2Story,6,5,1971,1971,Mansard,CompShg,MetalSd,Wd Shng,0.0,TA,TA,CBlock,TA,TA,Av,Unf,0.0,Unf,6.816735880594968,GasA,TA,Y,SBrkr,6.816735880594968,6.816735880594968,4,1.0986122886681098,TA,Typ,0,NA,NA,NA,0,NA,NA,Y,4.859812404361672,0.0,0.0,4,2010,WD,Normal,139000,9.300638009956963,3.0,0.0,39,39,0
1319,3.044522437723423,RL,4.2626798770413155,9.601165503344832,Pave,IR2,Lvl,AllPub,CulDSac,Gtl,CollgCr,Norm,Norm,1Fam,1Story,8,5,2001,2002,Hip,CompShg,VinylSd,VinylSd,5.187385805840755,Gd,TA,PConc,Gd,TA,Gd,Unf,0.0,Unf,7.469654172932128,GasA,Ex,Y,SBrkr,7.488852955733459,0.0,3,0.6931471805599453,Gd,Typ,1,TA,Attchd,RFn,3,TA,TA,Y,5.293304824724492,0.0,0.0,8,2006,WD,Normal,275000,9.567805004029164,2.0,5.017279836814924,5,4,1
442,4.51085950651685,RL,4.532599493153256,9.401704256754366,Pave,Reg,Lvl,AllPub,Inside,Gtl,Edwards,Norm,Norm,Duplex,1Story,4,4,1955,1955,Gable,CompShg,VinylSd,VinylSd,5.602118820879701,TA,TA,CBlock,TA,TA,No,ALQ,4.897839799950911,Unf,7.176254532017144,GasA,TA,N,FuseF,7.273092595999522,0.0,4,1.0986122886681098,Fa,Typ,0,NA,NA,NA,0,NA,NA,Y,0.0,0.0,0.0,9,2008,WD,Normal,118000,8.658866349732383,2.0,0.0,53,53,0
1137,3.9318256327243257,RL,4.394449154672439,9.169622538697624,Pave,Reg,Lvl,AllPub,Inside,Gtl,NAmes,Norm,Norm,1Fam,1.5Fin,6,5,1950,1950,Gable,CompShg,VinylSd,VinylSd,0.0,TA,TA,CBlock,TA,TA,No,BLQ,5.638354669333745,Unf,6.6240652277998935,GasA,TA,Y,FuseA,6.940222469119639,5.3981627015177525,3,0.6931471805599453,TA,Typ,0,NA,Attchd,Unf,1,TA,TA,Y,0.0,0.0,0.0,4,2008,WD,Abnorml,119000,8.92439013236916,1.0,4.574710978503383,58,58,0
1257,3.044522437723423,RL,4.5217885770490405,9.568294497413296,Pave,IR1,Lvl,AllPub,Corner,Gtl,NoRidge,Norm,Norm,1Fam,1Story,8,5,1994,1994,Hip,CompShg,HdBoard,HdBoard,6.318968113746434,Gd,TA,PConc,Gd,TA,Gd,GLQ,7.181591944611865,Unf,6.511745329644728,GasA,Ex,Y,SBrkr,7.59488438721652,0.0,2,0.6931471805599453,Gd,Typ,1,TA,Attchd,Fin,2,TA,TA,Y,5.572154032177765,0.0,0.0,8,2008,WD,Normal,301500,9.673885691160871,3.0,3.6109179126442243,14,14,0
664,4.454347296253507,RL,4.51085950651685,9.211639527707803,Pave,Reg,Lvl,AllPub,Inside,Gtl,Edwards,Norm,Norm,1Fam,SFoyer,4,5,1972,1972,Gable,CompShg,Plywood,Plywood,0.0,TA,TA,CBlock,Gd,TA,Av,BLQ,6.825460036255307,Rec,3.6635616461296463,GasA,TA,Y,SBrkr,7.074963197966044,0.0,3,0.6931471805599453,TA,Typ,0,NA,Detchd,RFn,2,TA,TA,Y,0.0,0.0,0.0,4,2008,WD,Normal,137500,8.460622839927844,3.0,5.198497031265826,36,36,0
1434,4.110873864173311,RL,4.543294782270004,9.23620303150191,Pave,IR1,Lvl,AllPub,Inside,Gtl,Gilbert,Norm,Norm,1Fam,2Story,6,5,2000,2000,Gable,CompShg,VinylSd,VinylSd,5.765191102784844,TA,TA,PConc,Gd,TA,No,Unf,0.0,Unf,6.842683282238422,GasA,Ex,Y,SBrkr,6.870053411798126,6.7226297948554485,3,0.6931471805599453,TA,Typ,1,TA,Attchd,Fin,2,TA,TA,Y,0.0,0.0,0.0,5,2008,WD,Normal,186500,9.282940064390527,3.5,0.0,8,8,0
1258,3.4339872044851463,RL,4.04305126783455,8.309184527686298,Pave,Reg,Lvl,AllPub,Corner,Gtl,Edwards,Feedr,Norm,1Fam,1Story,5,8,1922,1950,Gable,CompShg,Wd Sdng,Wd Sdng,0.0,TA,TA,PConc,Fa,TA,No,Unf,0.0,Unf,6.762729506931879,GasA,Ex,Y,SBrkr,6.762729506931879,0.0,2,0.6931471805599453,TA,Typ,0,NA,NA,NA,0,NA,NA,Y,0.0,0.0,0.0,7,2009,WD,Normal,99900,8.371242135931933,1.0,4.574710978503383,87,59,1
1297,3.044522437723423,RL,4.394449154672439,9.071193240566025,Pave,Reg,Lvl,AllPub,Inside,Gtl,NAmes,Norm,Norm,1Fam,1Story,5,6,1963,1963,Hip,CompShg,MetalSd,MetalSd,5.003946305945459,TA,Gd,CBlock,TA,TA,Mn,ALQ,6.655440350367647,Unf,5.84354441703136,GasA,Gd,Y,SBrkr,7.029087564149662,0.0,3,0.6931471805599453,TA,Typ,0,NA,Attchd,RFn,2,TA,TA,Y,5.262690188904886,0.0,0.0,12,2008,WD,Normal,155000,8.637816633739977,3.0,4.969813299576001,45,45,0
318,4.110873864173311,FV,4.330733340286331,9.105090961257085,Pave,Reg,Lvl,AllPub,Inside,Gtl,Somerst,Norm,Norm,1Fam,2Story,8,5,2006,2006,Gable,CompShg,VinylSd,VinylSd,0.0,Gd,TA,PConc,Gd,TA,Av,Unf,0.0,Unf,6.9930151229329605,GasA,Ex,Y,SBrkr,6.9930151229329605,6.77078942390898,3,0.6931471805599453,Gd,Typ,1,Gd,Attchd,RFn,3,TA,TA,Y,5.342334251964811,0.0,0.0,12,2007,WD,Normal,270000,9.659694765654068,2.5,3.8501476017100584,1,1,0
649,4.110873864173311,RL,4.2626798770413155,8.94910546953925,Pave,Reg,Lvl,AllPub,Inside,Gtl,NAmes,PosN,Norm,1Fam,2Story,6,5,1966,1966,Gable,CompShg,MetalSd,MetalSd,5.863631175598097,TA,TA,CBlock,TA,TA,No,Unf,0.0,Unf,6.6293632534374485,GasA,TA,Y,SBrkr,6.9584483932976555,6.670766320845874,4,0.6931471805599453,TA,Typ,1,TA,Attchd,Unf,2,TA,TA,Y,0.0,0.0,0.0,6,2010,WD,Normal,155000,9.308827318690836,1.5,5.831882477283517,44,44,0
710,3.044522437723423,RL,4.269697449699962,8.876684166614451,Pave,IR1,Lvl,AllPub,Inside,Gtl,Sawyer,Norm,Norm,1Fam,1Story,5,7,1966,1966,Gable,CompShg,HdBoard,HdBoard,3.7376696182833684,TA,TA,PConc,TA,TA,No,Unf,0.0,Unf,6.776506992372183,GasA,TA,Y,SBrkr,6.807934943699926,0.0,3,0.6931471805599453,TA,Typ,0,NA,Attchd,Unf,1,TA,TA,Y,0.0,0.0,0.0,12,2008,WD,Abnorml,109900,8.416488487294606,1.0,0.0,42,42,0
1283,3.044522437723423,RL,4.127134385045092,9.082620630373812,Pave,IR1,Lvl,AllPub,Inside,Gtl,CollgCr,Norm,Norm,1Fam,1Story,5,7,1977,2008,Gable,CompShg,HdBoard,HdBoard,0.0,TA,TA,CBlock,Gd,TA,Mn,LwQ,6.278521424165844,Rec,5.8998973535824915,GasA,TA,Y,SBrkr,6.947937068614969,0.0,3,0.6931471805599453,Gd,Typ,0,NA,Detchd,Unf,2,TA,TA,Y,0.0,0.0,0.0,9,2009,WD,Normal,150500,8.556606193773073,2.0,5.666426688112432,32,1,1
973,4.795790545596741,RL,4.02535169073515,8.973731569708402,Pave,Reg,Lvl,AllPub,Inside,Gtl,SawyerW,Norm,Norm,TwnhsE,1Story,6,5,1979,1979,Gable,CompShg,Plywood,Plywood,0.0,TA,TA,CBlock,Gd,TA,No,Unf,0.0,Unf,6.823286122355687,GasA,TA,Y,SBrkr,6.823286122355687,0.0,2,0.6931471805599453,TA,Typ,1,TA,Attchd,Unf,1,TA,TA,Y,3.367295829986474,0.0,0.0,4,2010,WD,Normal,99500,8.614138397472717,2.0,0.0,31,31,0
628,4.394449154672439,RL,4.394449154672439,9.169622538697624,Pave,Reg,Lvl,AllPub,Inside,Gtl,NAmes,Norm,Norm,1Fam,SLvl,6,6,1955,1972,Gable,CompShg,AsbShng,AsbShng,5.10594547390058,TA,TA,CBlock,TA,TA,Av,BLQ,6.51471269087253,LwQ,5.860786223465865,GasA,Ex,Y,SBrkr,7.327123292259293,0.0,3,0.6931471805599453,TA,Typ,2,Gd,Basment,RFn,1,TA,TA,Y,0.0,0.0,0.0,3,2010,WD,Normal,153000,9.118334726180159,2.0,5.247024072160486,55,38,1
633,3.044522437723423,RL,4.454347296253507,9.38437770918244,Pave,Reg,Lvl,AllPub,Inside,Gtl,NWAmes,Norm,Norm,1Fam,1Story,7,5,1977,1977,Hip,CompShg,Plywood,Plywood,5.3471075307174685,TA,Gd,CBlock,TA,TA,No,ALQ,6.71295620067707,Unf,6.336825731146441,GasA,TA,Y,SBrkr,7.252762418053187,0.0,3,0.6931471805599453,TA,Typ,1,TA,Attchd,Fin,2,TA,TA,Y,5.262690188904886,0.0,0.0,4,2009,WD,Family,82500,9.19806534110057,2.0,0.0,32,32,0
1249,4.330733340286331,RM,4.110873864173311,9.169622538697624,Pave,Reg,Lvl,AllPub,Inside,Gtl,OldTown,Norm,Norm,1Fam,2.5Unf,6,5,1917,1950,Gable,CompShg,AsbShng,AsbShng,0.0,TA,TA,BrkTil,Gd,TA,No,Rec,5.768320995793772,Unf,6.0330862217988015,OthW,Fa,N,SBrkr,7.034387929915503,6.829793737512425,3,0.6931471805599453,TA,Typ,1,Gd,Detchd,Unf,2,Fa,Fa,P,0.0,0.0,0.0,4,2008,WD,Normal,129500,9.421330367117822,1.5,5.560681631015528,91,58,1
1424,4.394449154672439,RL,4.212127597878484,9.88791695754517,Pave,IR1,Lvl,AllPub,CulDSac,Gtl,Edwards,Norm,Norm,1Fam,SLvl,6,7,1966,1966,Flat,Tar&Grv,Plywood,Plywood,0.0,Gd,Gd,CBlock,Gd,TA,Av,Unf,0.0,Unf,6.548219102762372,GasA,TA,Y,SBrkr,7.362645270417825,6.440946540632921,4,0.6931471805599453,Gd,Typ,1,Gd,Attchd,Unf,2,Gd,Gd,Y,6.375024819828097,6.6052979209482015,0.0,8,2006,WD,Alloca,274970,9.488502271043805,2.0,5.4680601411351315,40,40,0
1255,4.110873864173311,RL,4.110873864173311,8.843903650835497,Pave,Reg,Lvl,AllPub,Inside,Gtl,Edwards,Norm,Norm,1Fam,2Story,7,5,2003,2004,Gable,CompShg,VinylSd,VinylSd,4.532599493153256,Gd,TA,PConc,Gd,TA,No,Unf,0.0,Unf,6.616065185132817,GasA,Ex,Y,SBrkr,6.634633357861686,6.799055862058796,3,0.6931471805599453,Gd,Typ,1,Gd,BuiltIn,Fin,2,TA,TA,Y,5.187385805840755,0.0,0.0,7,2008,WD,Normal,165400,9.358156746670401,2.5,4.859812404361672,5,4,1
1349,3.044522437723423,RL,4.204692619390966,9.692581318886397,Pave,IR3,Low,AllPub,Inside,Gtl,SawyerW,Norm,Norm,1Fam,1Story,7,5,1998,1998,Gable,CompShg,VinylSd,VinylSd,0.0,Gd,TA,PConc,Gd,TA,Gd,GLQ,7.275172319452771,Unf,3.6888794541139363,GasA,Ex,Y,SBrkr,7.3098814858247865,0.0,3,0.6931471805599453,Gd,Typ,1,Fa,Attchd,RFn,2,TA,TA,Y,5.998936561946683,0.0,0.0,8,2007,WD,Normal,215000,9.255218130754269,3.0,3.258096538021482,9,9,0
796,4.110873864173311,RL,4.2626798770413155,9.036106025364846,Pave,Reg,Lvl,AllPub,Inside,Gtl,SawyerW,Norm,Norm,1Fam,2Story,6,6,1980,1981,Gable,CompShg,HdBoard,HdBoard,4.875197323201151,TA,TA,CBlock,Gd,TA,No,Unf,0.0,Unf,6.478509642208569,GasA,TA,Y,SBrkr,6.790097235513905,6.517671272912275,3,0.6931471805599453,TA,Typ,1,TA,Attchd,Unf,2,TA,TA,Y,0.0,0.0,0.0,4,2010,WD,Normal,171000,9.14686794902061,2.5,5.541263545158426,30,29,1
646,3.044522437723423,RL,4.324132656254979,9.262078567380597,Pave,IR1,Lvl,AllPub,Corner,Gtl,NAmes,Norm,Norm,1Fam,1Story,6,5,1971,1971,Hip,CompShg,Plywood,Plywood,0.0,TA,TA,CBlock,TA,TA,No,ALQ,5.645446897643238,LwQ,6.499787040655854,GasA,TA,Y,SBrkr,6.889591308354466,0.0,3,0.6931471805599453,TA,Typ,0,NA,Detchd,Unf,2,TA,TA,Y,0.0,0.0,0.0,3,2007,WD,Normal,143250,8.68050180902826,2.5,5.8664680569332965,36,36,0
1013,4.2626798770413155,RL,4.02535169073515,9.267948684596496,Pave,Reg,Lvl,AllPub,Inside,Gtl,Crawfor,Norm,Norm,1Fam,2Story,6,7,1923,1996,Hip,CompShg,Wd Sdng,Wd Sdng,0.0,TA,Gd,PConc,TA,Fa,No,Unf,0.0,Unf,6.401917196727186,GasA,TA,Y,SBrkr,6.803505257608338,6.401917196727186,3,0.6931471805599453,Gd,Typ,2,TA,Detchd,Unf,1,TA,TA,Y,4.574710978503383,0.0,0.0,8,2007,WD,Normal,165000,9.10642325855641,1.5,5.111987788356544,84,11,1
557,3.044522437723423,RL,4.248495242049359,9.605822482030945,Pave,IR1,Lvl,AllPub,Inside,Gtl,NAmes,Norm,Norm,1Fam,1Story,5,5,1957,1957,Gable,CompShg,Wd Sdng,Wd Sdng,0.0,TA,TA,CBlock,TA,TA,No,Rec,6.79794041297493,Unf,5.288267030694535,GasA,TA,Y,FuseA,6.996681488176539,0.0,2,0.6931471805599453,TA,Typ,1,TA,Attchd,Fin,1,TA,TA,Y,5.594711379601839,0.0,0.0,5,2006,WD,Normal,141000,8.605387202152153,2.0,4.812184355372417,49,49,0
682,3.9318256327243257,RH,4.02535169073515,8.412054873292933,Pave,IR2,Bnk,AllPub,Inside,Gtl,SWISU,Norm,Norm,1Fam,1.5Fin,5,5,1932,2000,Gable,CompShg,VinylSd,Stucco,0.0,TA,TA,BrkTil,TA,TA,No,Rec,5.209486152841421,Unf,6.416732282512326,GasA,Ex,Y,SBrkr,6.744059186311348,6.511745329644728,3,0.6931471805599453,TA,Typ,0,NA,Detchd,Unf,1,TA,TA,Y,0.0,0.0,0.0,7,2009,WD,Abnorml,159434,8.936035096566041,1.0,4.04305126783455,77,9,1
578,4.394449154672439,RL,4.574710978503383,9.373988663504516,Pave,IR1,Lvl,AllPub,Inside,Gtl,Sawyer,Norm,Norm,1Fam,SLvl,5,6,1966,1966,Gable,CompShg,VinylSd,VinylSd,4.584967478670572,TA,TA,CBlock,TA,TA,Av,LwQ,5.796057750765372,ALQ,5.655991810819852,GasA,Ex,Y,SBrkr,7.186144304522325,0.0,3,0.6931471805599453,TA,Typ,2,Fa,Attchd,RFn,2,TA,TA,Y,5.081404364984463,0.0,0.0,5,2006,WD,Abnorml,164500,8.79497643168877,2.0,5.733341276897746,40,40,0
1110,3.044522437723423,RL,4.68213122712422,9.338117741918008,Pave,IR1,Lvl,AllPub,Inside,Gtl,NridgHt,Norm,Norm,1Fam,1Story,8,5,2004,2005,Gable,CompShg,MetalSd,MetalSd,3.7612001156935624,Gd,TA,PConc,Ex,TA,Mn,GLQ,6.946975992135418,Unf,6.682108597449809,GasA,Ex,Y,SBrkr,7.515889085215125,0.0,3,0.6931471805599453,Gd,Typ,1,Gd,Attchd,Fin,3,TA,TA,Y,4.836281906951478,0.0,0.0,3,2009,WD,Normal,280000,9.594854193331415,3.0,5.225746673713202,5,4,1
1267,5.25227342804663,RM,4.110873864173311,9.222367752188902,Pave,IR1,Bnk,AllPub,Inside,Gtl,OldTown,Feedr,Norm,2fmCon,2.5Unf,7,4,1910,1950,Hip,CompShg,Wd Sdng,Wd Sdng,0.0,Fa,TA,CBlock,TA,TA,No,Unf,0.0,Unf,6.8308742346461795,GasA,TA,N,FuseF,6.872128101338986,6.8308742346461795,4,1.0986122886681098,TA,Typ,1,Gd,Detchd,Unf,1,TA,TA,N,0.0,0.0,0.0,1,2007,WD,Normal,122000,9.48978863950086,1.5,5.579729825986222,97,57,1
1184,3.4339872044851463,RL,4.110873864173311,9.287394001418473,Pave,Reg,Lvl,AllPub,Inside,Gtl,OldTown,Norm,Norm,1Fam,1Story,5,6,1920,1950,Hip,CompShg,Stucco,Stucco,0.0,TA,TA,BrkTil,TA,TA,No,Rec,6.71174039505618,Unf,5.703782474656201,GasA,Ex,Y,SBrkr,7.030857476116121,0.0,2,0.6931471805599453,TA,Typ,1,Gd,Detchd,Unf,2,TA,TA,Y,5.438079308923196,0.0,0.0,6,2006,WD,Normal,120000,8.639587799629844,2.0,0.0,86,56,1
525,4.110873864173311,RL,4.564348191467836,9.374837343857585,Pave,IR1,Lvl,AllPub,Inside,Gtl,NoRidge,Norm,Norm,1Fam,2Story,7,5,1996,1997,Gable,CompShg,VinylSd,VinylSd,6.38856140554563,Gd,TA,PConc,Gd,TA,No,GLQ,6.579251212010101,Unf,6.493753839851686,GasA,Ex,Y,SBrkr,7.232733136177615,6.923628628138427,3,0.6931471805599453,Gd,Typ,1,TA,Attchd,Fin,3,TA,TA,Y,5.480638923341991,0.0,0.0,8,2007,WD,Normal,315750,9.728360056322414,3.5,4.110873864173311,11,10,1
1060,3.9318256327243257,RL,4.23410650459726,9.330431852234003,Pave,IR1,HLS,AllPub,Corner,Mod,Crawfor,Norm,Norm,1Fam,1.5Fin,6,7,1932,1950,Gable,CompShg,MetalSd,MetalSd,6.175867270105761,TA,TA,CBlock,TA,TA,Mn,Rec,5.697093486505405,LwQ,0.0,GasA,TA,Y,SBrkr,7.00033446027523,6.79794041297493,3,0.6931471805599453,TA,Typ,1,Gd,Detchd,Unf,2,TA,Fa,Y,0.0,0.0,0.0,3,2007,WD,Normal,220000,9.388235479817224,1.5,2.995732273553991,75,57,1
541,3.044522437723423,RL,4.454347296253507,9.58891378461603,Pave,Reg,Lvl,AllPub,Inside,Gtl,Timber,Norm,Norm,1Fam,1Story,9,5,2006,2006,Hip,CompShg,VinylSd,VinylSd,6.371611847231857,Ex,TA,PConc,Ex,TA,Av,GLQ,7.13966033596492,Unf,6.361302477572996,GasA,Ex,Y,SBrkr,7.516977224604321,0.0,2,0.6931471805599453,Ex,Typ,1,Gd,Attchd,Fin,3,TA,TA,Y,5.602118820879701,0.0,0.0,3,2009,WD,Normal,315000,9.713718330607016,3.0,4.23410650459726,3,3,0
1195,4.110873864173311,RL,4.394449154672439,9.144734614878189,Pave,Reg,Lvl,AllPub,Corner,Gtl,Sawyer,Norm,Norm,1Fam,2Story,6,7,1969,1969,Gable,CompShg,HdBoard,HdBoard,4.969813299576001,TA,TA,CBlock,TA,TA,No,ALQ,5.918893854273146,Unf,5.680172609017068,GasA,TA,Y,SBrkr,6.498282149476434,6.536691597591305,4,0.6931471805599453,TA,Typ,0,NA,Attchd,Fin,1,TA,TA,Y,5.940171252720432,0.0,0.0,3,2010,WD,Normal,158000,9.001222992395064,1.5,3.6109179126442243,41,41,0
749,3.044522437723423,RL,4.0943445622221,9.268043082104471,Pave,IR1,Lvl,AllPub,Inside,Gtl,NoRidge,Norm,Norm,1Fam,1Story,7,5,1996,1996,Hip,CompShg,VinylSd,VinylSd,5.82600010738045,Gd,TA,PConc,Gd,TA,No,GLQ,6.824373670043086,Unf,6.687108607866515,GasA,Ex,Y,SBrkr,7.450660796211539,0.0,3,0.6931471805599453,Gd,Typ,1,TA,Attchd,Fin,2,TA,TA,Y,5.484796933490655,0.0,0.0,3,2010,WD,Normal,260400,9.39607277189222,3.0,5.351858133476067,14,14,0
1352,4.110873864173311,RL,4.2626798770413155,9.13216259091216,Pave,IR1,Lvl,AllPub,Inside,Gtl,NAmes,Norm,Norm,1Fam,2Story,6,6,1962,1962,Gable,CompShg,HdBoard,HdBoard,5.765191102784844,TA,TA,CBlock,TA,TA,No,Rec,5.768320995793772,Unf,6.29156913955832,GasA,Ex,Y,SBrkr,6.755768921984255,6.755768921984255,4,0.6931471805599453,TA,Typ,1,Gd,Attchd,Fin,2,TA,TA,Y,0.0,0.0,0.0,3,2008,WD,Normal,171000,9.239607869656751,1.5,5.3230099791384085,46,46,0
485,3.044522437723423,RL,4.269697449699962,8.95660873889395,Pave,IR1,Lvl,AllPub,Corner,Gtl,Sawyer,Norm,Norm,1Fam,1Story,5,7,1962,2001,Gable,CompShg,HdBoard,Plywood,0.0,TA,Gd,CBlock,TA,TA,No,ALQ,6.3784261836515865,Unf,6.021023349349527,GasA,Gd,Y,SBrkr,6.907755278982137,0.0,3,0.6931471805599453,Gd,Typ,0,NA,Detchd,Unf,1,TA,TA,Y,0.0,0.0,0.0,3,2007,WD,Normal,132500,8.516392871245468,2.0,4.890349128221754,45,6,1
96,4.110873864173311,RL,4.189654742026425,9.186662244621605,Pave,IR2,Lvl,AllPub,Corner,Gtl,Gilbert,Norm,Norm,1Fam,2Story,6,8,1993,1993,Gable,CompShg,VinylSd,VinylSd,4.23410650459726,Ex,Gd,PConc,Gd,Gd,No,ALQ,5.739792912179234,Unf,5.916202062607435,GasA,Gd,Y,SBrkr,6.523562306149512,6.673297967767654,3,0.6931471805599453,TA,Typ,1,TA,BuiltIn,Fin,2,TA,TA,Y,5.4510384535657,0.0,6.175867270105761,4,2009,WD,Normal,185000,9.084890521258767,2.5,4.1588830833596715,16,16,0
1021,3.044522437723423,RL,4.110873864173311,8.857230494201946,Pave,Reg,Lvl,AllPub,Inside,Gtl,Edwards,Norm,Norm,1Fam,1Story,4,5,2005,2005,Gable,CompShg,VinylSd,VinylSd,0.0,TA,TA,PConc,Gd,TA,No,GLQ,6.932447891572509,Unf,4.6913478822291435,GasA,Ex,Y,SBrkr,7.0326242610280065,0.0,2,0.6931471805599453,Gd,Typ,0,NA,Attchd,Fin,2,TA,TA,Y,5.53338948872752,0.0,0.0,6,2008,WD,Normal,176000,8.418256443556213,2.5,4.174387269895637,3,3,0
564,3.9318256327243257,RL,4.204692619390966,9.988793309115229,Pave,Reg,Lvl,AllPub,Inside,Gtl,Edwards,Norm,Norm,1Fam,1.5Fin,6,7,1918,1950,Gable,CompShg,Wd Sdng,Wd Sdng,0.0,TA,TA,BrkTil,Gd,TA,Mn,Unf,0.0,Unf,7.059617628291383,GasA,Ex,Y,SBrkr,7.059617628291383,6.238324625039508,4,0.6931471805599453,TA,Typ,1,Gd,Detchd,Fin,2,TA,TA,N,4.290459441148391,0.0,0.0,7,2008,WD,Normal,185000,9.214830277249035,2.0,5.198497031265826,90,58,1
1265,4.795790545596741,RH,3.5553480614894135,8.309184527686298,Pave,Reg,Lvl,AllPub,Inside,Gtl,NAmes,Norm,Norm,TwnhsE,1Story,6,5,1998,1999,Gable,CompShg,MetalSd,MetalSd,0.0,Gd,TA,PConc,Gd,TA,No,GLQ,5.58724865840025,Unf,7.038783541388542,GasA,Ex,Y,SBrkr,7.198931240688173,0.0,2,0.6931471805599453,Gd,Typ,0,NA,Attchd,Fin,2,TA,TA,Y,4.976733742420574,0.0,0.0,8,2008,COD,Abnorml,181000,8.990067695753655,3.0,4.23410650459726,10,9,1
743,3.044522437723423,RL,4.189654742026425,9.042040056544483,Pave,Reg,Lvl,AllPub,Inside,Gtl,SawyerW,Norm,Norm,1Fam,1Story,7,5,2000,2001,Gable,CompShg,VinylSd,VinylSd,4.6913478822291435,TA,TA,PConc,Gd,TA,No,Unf,0.0,Unf,7.2078598714324755,GasA,Ex,Y,SBrkr,7.2078598714324755,0.0,3,0.6931471805599453,TA,Typ,0,NA,Attchd,Unf,2,TA,TA,Y,4.795790545596741,0.0,0.0,12,2007,WD,Normal,179000,9.153134898205403,2.0,4.02535169073515,7,6,1
864,3.044522437723423,RL,4.2626798770413155,8.978660489639687,Pave,Reg,Lvl,AllPub,Inside,Gtl,NAmes,Norm,Norm,1Fam,1Story,5,5,1959,1959,Hip,CompShg,BrkFace,Plywood,0.0,TA,TA,CBlock,TA,TA,No,BLQ,7.046647277848756,Unf,0.0,GasA,TA,Y,SBrkr,7.046647277848756,0.0,3,0.6931471805599453,TA,Typ,0,NA,Attchd,Unf,1,TA,TA,Y,0.0,0.0,0.0,7,2009,WD,Normal,132500,8.655388690167637,2.0,0.0,50,50,0
892,4.110873864173311,RL,4.2626798770413155,9.32232887392423,Pave,Reg,Lvl,AllPub,Inside,Gtl,Sawyer,Norm,Norm,1Fam,2Story,6,5,1978,1978,Hip,CompShg,HdBoard,HdBoard,4.532599493153256,TA,TA,CBlock,TA,TA,No,LwQ,5.424950017481403,Rec,5.262690188904886,GasA,Gd,Y,SBrkr,6.823286122355687,6.641182169740591,3,0.6931471805599453,TA,Typ,1,TA,Attchd,RFn,2,TA,TA,Y,5.497168225293202,0.0,0.0,7,2009,WD,Normal,172500,9.220191688026556,2.5,0.0,31,31,0
1039,5.081404364984463,RM,3.091042453358316,7.335633981927201,Pave,Reg,Lvl,AllPub,Inside,Gtl,MeadowV,Norm,Norm,Twnhs,2Story,4,6,1970,2008,Gable,CompShg,CemntBd,CmentBd,0.0,TA,TA,CBlock,TA,TA,No,Unf,0.0,Unf,6.304448802421981,GasA,TA,Y,SBrkr,6.683360945766275,6.304448802421981,3,0.6931471805599453,TA,Typ,1,TA,NA,NA,0,NA,NA,Y,0.0,0.0,0.0,5,2009,WD,Normal,97000,8.589885876809678,1.5,0.0,39,1,1
207,3.044522437723423,RL,3.713572066704308,9.523251498473739,Pave,IR1,Lvl,AllPub,CulDSac,Gtl,Sawyer,RRAe,Norm,1Fam,1Story,5,5,1962,1962,Gable,CompShg,HdBoard,HdBoard,0.0,TA,Gd,CBlock,TA,TA,No,Unf,0.0,Unf,7.039660349862076,GasA,TA,Y,SBrkr,7.436617265234227,0.0,3,0.6931471805599453,TA,Min2,1,TA,Attchd,RFn,1,TA,TA,Y,0.0,0.0,0.0,3,2007,WD,Normal,143900,9.0455836463617,1.5,3.4339872044851463,45,45,0
393,3.044522437723423,RL,4.324132656254979,9.028818495352793,Pave,IR1,Lvl,AllPub,Inside,Gtl,NAmes,Norm,Norm,1Fam,1Story,5,7,1959,1959,Gable,CompShg,MetalSd,MetalSd,0.0,TA,TA,Slab,NA,NA,NA,NA,0.0,NA,0.0,GasA,TA,Y,SBrkr,6.78332520060396,0.0,3,0.6931471805599453,TA,Typ,0,NA,Attchd,RFn,1,TA,TA,Y,0.0,0.0,7.0909098220799835,7,2007,WD,Normal,106500,8.39185670010494,1.0,0.0,48,48,0
795,4.110873864173311,RL,4.189654742026425,9.290352309945568,Pave,IR1,Lvl,AllPub,Corner,Gtl,Gilbert,Norm,Norm,1Fam,2Story,7,5,1994,1996,Gable,CompShg,MetalSd,MetalSd,0.0,Gd,TA,PConc,Gd,TA,No,Unf,0.0,Unf,6.569481420414296,GasA,Ex,Y,SBrkr,6.99117688712121,6.697034247666484,3,0.6931471805599453,Gd,Typ,1,TA,Attchd,Fin,2,TA,TA,Y,4.969813299576001,0.0,6.2166061010848646,10,2008,WD,Normal,194500,9.492959650085501,2.5,3.8501476017100584,14,12,1
871,3.044522437723423,RL,4.110873864173311,8.79497643168877,Pave,Reg,Lvl,AllPub,Inside,Gtl,NAmes,PosN,Norm,1Fam,1Story,5,5,1962,1962,Hip,CompShg,MetalSd,MetalSd,0.0,TA,TA,CBlock,TA,TA,No,Unf,0.0,Unf,6.796823718274855,GasA,Gd,N,SBrkr,6.796823718274855,0.0,2,0.6931471805599453,TA,Typ,0,NA,Detchd,Unf,1,TA,TA,Y,0.0,0.0,0.0,8,2009,WD,Normal,109500,8.405367376233981,1.0,0.0,47,47,0
398,4.110873864173311,RL,4.248495242049359,8.934718614016768,Pave,Reg,Lvl,AllPub,Inside,Gtl,NAmes,PosN,Norm,1Fam,2Story,5,5,1962,1962,Gable,CompShg,VinylSd,VinylSd,5.666426688112432,TA,TA,CBlock,TA,TA,No,ALQ,6.293419278846481,Unf,5.783825182329737,GasA,TA,Y,SBrkr,6.776506992372183,6.842683282238422,4,0.6931471805599453,TA,Typ,1,TA,Attchd,RFn,1,TA,TA,Y,0.0,0.0,0.0,7,2007,WD,Normal,169500,9.11173476822206,2.0,5.1298987149230735,45,45,0
767,4.110873864173311,RL,4.394449154672439,9.25167423546916,Pave,Reg,Lvl,AllPub,Inside,Gtl,NWAmes,Norm,Norm,1Fam,2Story,7,5,1988,1988,Gable,CompShg,HdBoard,HdBoard,3.7612001156935624,TA,TA,CBlock,Gd,TA,No,GLQ,5.978885764901122,Unf,6.375024819828097,GasA,TA,Y,SBrkr,6.8885724595653635,6.5998704992128365,3,0.6931471805599453,TA,Typ,1,TA,Attchd,Unf,2,TA,TA,Y,5.43372200355424,0.0,6.2166061010848646,3,2010,WD,Normal,196500,9.392578591964389,2.5,5.407171771460119,22,22,0
1342,3.044522437723423,RL,4.204692619390966,9.524859098381523,Pave,Reg,Lvl,AllPub,Inside,Gtl,SawyerW,RRAe,Norm,1Fam,1Story,6,5,2003,2004,Gable,CompShg,VinylSd,VinylSd,0.0,TA,TA,PConc,Gd,TA,No,GLQ,6.703188113240863,Unf,5.707110264748875,GasA,Ex,Y,SBrkr,7.016609683894219,0.0,3,0.6931471805599453,Gd,Typ,0,NA,Detchd,Unf,2,TA,TA,Y,0.0,0.0,0.0,7,2008,WD,Normal,155000,8.807621489536043,2.0,4.3694478524670215,5,4,1
1242,3.044522437723423,RL,4.430816798843313,9.195226734166134,Pave,Reg,Lvl,AllPub,Inside,Gtl,Somerst,Norm,Norm,1Fam,1Story,7,6,2007,2007,Hip,CompShg,VinylSd,VinylSd,0.0,Gd,TA,PConc,Gd,TA,Av,Unf,0.0,Unf,7.432483807917119,GasA,Ex,Y,SBrkr,7.432483807917119,0.0,3,0.6931471805599453,Gd,Typ,0,NA,Attchd,RFn,3,TA,TA,Y,0.0,0.0,0.0,6,2007,New,Partial,248328,9.377886643187983,2.0,4.04305126783455,0,0,0
1029,3.9318256327243257,RL,4.382026634673881,9.158309963881798,Pave,Reg,Lvl,AllPub,Inside,Gtl,NAmes,Artery,Norm,1Fam,1.5Fin,5,5,1941,1950,Gable,CompShg,WdShing,Wd Shng,0.0,TA,TA,CBlock,TA,TA,No,Rec,5.910796644040527,BLQ,5.886104031450156,GasA,TA,Y,SBrkr,6.876264611890766,6.013715156042802,3,0.6931471805599453,TA,Typ,1,Gd,Attchd,Unf,1,TA,TA,Y,0.0,0.0,0.0,4,2007,WD,Normal,105000,8.83651926920248,2.0,0.0,66,57,1
643,4.394449154672439,RL,4.330733340286331,9.536834420213353,Pave,Reg,Lvl,AllPub,Inside,Gtl,NAmes,Norm,Norm,1Fam,SLvl,8,7,1972,1995,Gable,CompShg,Plywood,Wd Sdng,0.0,Gd,TA,CBlock,Gd,TA,Gd,GLQ,7.252053951852814,Unf,6.297109319933935,GasA,Gd,Y,SBrkr,7.601402334583733,6.558197802812269,4,0.6931471805599453,Ex,Typ,3,TA,Attchd,Fin,2,TA,TA,Y,5.598421958998375,0.0,0.0,7,2009,WD,Normal,345000,9.981975205584869,3.5,4.718498871295094,37,14,1
613,4.110873864173311,RL,4.2626798770413155,9.383116515926606,Pave,Reg,Lvl,AllPub,Inside,Gtl,CollgCr,Norm,Norm,1Fam,2Story,8,5,2001,2001,Gable,CompShg,VinylSd,VinylSd,4.6913478822291435,Gd,TA,PConc,Gd,TA,Av,GLQ,6.898714534329988,Unf,5.736572297479192,GasA,Ex,Y,SBrkr,7.170119543449628,6.352629396319567,3,0.6931471805599453,Ex,Typ,1,TA,BuiltIn,RFn,2,TA,TA,Y,5.081404364984463,0.0,0.0,11,2009,WD,Normal,261500,9.614270969992395,3.5,4.812184355372417,8,8,0
961,3.044522437723423,RL,3.9318256327243257,8.882946799288174,Pave,IR1,Lvl,AllPub,Inside,Gtl,BrkSide,Norm,Norm,1Fam,1Story,5,7,1958,2008,Gable,CompShg,Wd Sdng,Plywood,0.0,TA,Gd,CBlock,TA,TA,Gd,BLQ,6.546785410760524,Unf,5.093750200806762,GasA,Gd,Y,SBrkr,6.755768921984255,0.0,2,0.6931471805599453,TA,Typ,0,NA,NA,NA,0,NA,NA,Y,4.770684624465665,0.0,0.0,2,2010,WD,Normal,116500,8.364275084991524,2.0,0.0,52,2,1
726,3.044522437723423,RL,4.110873864173311,8.848078421168667,Pave,Reg,Lvl,AllPub,Inside,Gtl,NAmes,Norm,Norm,1Fam,1Story,4,6,1970,1970,Gable,CompShg,HdBoard,Plywood,0.0,TA,TA,CBlock,TA,TA,No,ALQ,5.929589143389895,BLQ,5.5254529391317835,GasA,TA,Y,SBrkr,6.762729506931879,0.0,3,0.6931471805599453,Gd,Typ,0,NA,Detchd,Unf,2,TA,TA,Y,4.574710978503383,0.0,6.2166061010848646,11,2009,WD,Normal,120500,8.148156439921625,1.0,0.0,39,39,0
684,3.044522437723423,RL,4.51085950651685,9.328034514792826,Pave,IR1,Lvl,AllPub,Corner,Gtl,CollgCr,Norm,Norm,1Fam,1Story,9,5,2002,2002,Hip,CompShg,VinylSd,VinylSd,5.375278407684165,Gd,TA,PConc,Gd,TA,Av,GLQ,6.966024187106113,Unf,6.342121418721152,GasA,Ex,Y,SBrkr,7.419979923661835,0.0,3,0.6931471805599453,Gd,Typ,1,TA,Attchd,Fin,3,TA,TA,Y,5.552959584921617,0.0,0.0,7,2007,WD,Normal,285000,9.616671771412305,3.0,3.828641396489095,5,5,0
99,3.4339872044851463,RL,4.454347296253507,9.271059107010888,Pave,Reg,Lvl,AllPub,Corner,Gtl,Edwards,Norm,Norm,1Fam,1Story,5,5,1920,1950,Gable,CompShg,Wd Sdng,Wd Sdng,0.0,TA,TA,BrkTil,TA,TA,No,ALQ,4.6913478822291435,Unf,5.860786223465865,GasA,Fa,N,SBrkr,6.728628613084702,0.0,2,0.6931471805599453,TA,Typ,0,NA,Basment,Unf,1,Fa,TA,Y,0.0,0.0,5.993961427306569,5,2010,COD,Abnorml,83000,8.337109129562474,1.0,4.356708826689592,90,60,1
805,3.044522437723423,RL,4.330733340286331,9.105090961257085,Pave,Reg,Lvl,AllPub,Inside,Gtl,NAmes,Norm,Norm,1Fam,1Story,5,5,1954,1954,Gable,CompShg,Wd Sdng,Wd Sdng,0.0,TA,TA,CBlock,TA,TA,No,LwQ,6.70073110954781,Unf,4.8283137373023015,GasA,TA,Y,SBrkr,7.029087564149662,0.0,2,0.6931471805599453,TA,Min1,0,NA,Attchd,Unf,1,TA,TA,Y,0.0,0.0,0.0,6,2006,WD,Family,118000,8.637816633739977,1.0,0.0,52,52,0
407,3.9318256327243257,RL,3.9512437185814275,9.257319373170178,Pave,Reg,Lvl,AllPub,Inside,Gtl,SWISU,Norm,Norm,1Fam,1.5Fin,6,5,1936,1950,Gable,CompShg,MetalSd,MetalSd,0.0,TA,TA,BrkTil,TA,TA,No,Unf,0.0,Unf,6.970730078143525,GasA,Ex,Y,FuseA,7.062191632286556,0.0,3,0.6931471805599453,TA,Maj2,0,NA,Detchd,Unf,1,TA,TA,Y,0.0,0.0,0.0,3,2008,WD,Normal,115000,9.19370273082316,1.0,0.0,72,58,1
503,3.044522437723423,RL,4.2626798770413155,9.123801610558944,Pave,Reg,Lvl,AllPub,Corner,Gtl,Edwards,Feedr,Norm,1Fam,1Story,5,7,1965,1965,Hip,CompShg,MetalSd,MetalSd,0.0,TA,TA,CBlock,TA,TA,No,ALQ,6.54965074223381,GLQ,6.042632833682381,GasA,Ex,Y,SBrkr,7.102499355774649,0.0,2,0.6931471805599453,TA,Typ,0,NA,Detchd,Unf,2,Fa,Fa,Y,0.0,0.0,5.993961427306569,4,2007,WD,Normal,140000,8.711278615130434,2.0,5.220355825078324,42,42,0
1072,4.110873864173311,RL,4.3694478524670215,9.367429587218957,Pave,Reg,Lvl,AllPub,Inside,Gtl,NWAmes,RRAn,Norm,1Fam,2Story,6,6,1968,1968,Gable,CompShg,MetalSd,MetalSd,0.0,TA,TA,CBlock,TA,TA,No,Rec,5.700443573390687,Unf,6.063785208687608,GasA,Ex,Y,SBrkr,6.721425700790643,6.590301048196686,4,0.6931471805599453,TA,Typ,0,NA,Attchd,Unf,2,TA,TA,Y,0.0,0.0,0.0,5,2009,WD,Normal,154000,9.141740280483926,1.5,0.0,41,41,0
1057,4.795790545596741,RL,3.784189633918261,8.86120833720818,Pave,IR1,Lvl,AllPub,Inside,Gtl,NridgHt,Norm,Norm,TwnhsE,1Story,7,5,2005,2005,Gable,CompShg,VinylSd,VinylSd,5.484796933490655,Gd,TA,PConc,Gd,TA,Av,GLQ,6.492239835020471,Unf,6.559615237493242,GasA,Ex,Y,SBrkr,7.21890970761906,0.0,2,0.6931471805599453,Gd,Typ,1,Gd,Attchd,RFn,2,TA,TA,Y,5.262690188904886,0.0,0.0,6,2006,WD,Normal,185850,9.164191715950203,3.0,3.6109179126442243,1,1,0
930,4.110873864173311,RL,4.189654742026425,9.47324295306374,Pave,IR1,Lvl,AllPub,Corner,Gtl,Gilbert,Norm,Norm,1Fam,2Story,7,5,1997,1997,Gable,CompShg,HdBoard,HdBoard,5.655991810819852,TA,TA,PConc,Gd,TA,No,Unf,0.0,Unf,6.872128101338986,GasA,Gd,Y,SBrkr,6.901737206656574,7.126087273299125,4,0.6931471805599453,Gd,Typ,1,TA,BuiltIn,Fin,2,TA,TA,Y,0.0,0.0,0.0,11,2006,WD,Normal,222000,9.658417870888224,2.5,0.0,9,9,0
780,4.51085950651685,RL,4.3694478524670215,9.262078567380597,Pave,Reg,Lvl,AllPub,Inside,Gtl,Mitchel,Norm,Norm,Duplex,SFoyer,6,5,1977,1977,Gable,CompShg,Plywood,ImStucc,4.51085950651685,TA,TA,CBlock,Gd,TA,Gd,GLQ,6.883462586413092,Unf,0.0,GasA,TA,Y,SBrkr,6.912742820493176,0.0,2,0.6931471805599453,TA,Typ,0,NA,Attchd,Unf,2,TA,TA,Y,0.0,0.0,0.0,5,2006,WD,Normal,135000,8.703672758358856,2.0,0.0,29,29,0
201,3.044522437723423,RM,4.394449154672439,9.053335623166017,Pave,Reg,Lvl,AllPub,Corner,Gtl,Edwards,Norm,Norm,1Fam,1Story,4,5,2003,2004,Gable,CompShg,VinylSd,VinylSd,0.0,TA,TA,PConc,Gd,TA,No,Unf,0.0,Unf,7.022868086082641,GasA,Ex,Y,SBrkr,7.022868086082641,0.0,2,0.6931471805599453,TA,Typ,0,NA,Attchd,RFn,2,TA,TA,Y,4.890349128221754,0.0,0.0,3,2010,WD,Normal,140000,8.408493774492896,2.0,4.174387269895637,7,6,1
135,3.044522437723423,RL,4.3694478524670215,9.243388226022383,Pave,IR1,Lvl,AllPub,Inside,Gtl,Sawyer,Norm,Norm,1Fam,1Story,5,6,1968,1993,Gable,CompShg,Plywood,Plywood,0.0,TA,TA,CBlock,TA,TA,No,Rec,6.3473892096560105,Unf,6.79346613258001,GasA,Gd,Y,SBrkr,7.451241684987676,0.0,3,0.6931471805599453,TA,Min1,1,TA,Attchd,RFn,2,TA,TA,Y,0.0,0.0,0.0,7,2006,WD,Normal,180000,9.060214913398545,2.5,5.6240175061873385,38,13,1
1052,3.044522437723423,RL,4.6443908991413725,9.321523900936798,Pave,IR1,Lvl,AllPub,Corner,Gtl,CollgCr,Norm,Norm,1Fam,1Story,7,5,2007,2007,Gable,CompShg,VinylSd,VinylSd,0.0,Gd,TA,PConc,Gd,TA,Av,Unf,0.0,Unf,7.183111701743281,GasA,Ex,Y,SBrkr,7.183111701743281,0.0,3,0.6931471805599453,Gd,Typ,1,Gd,Attchd,Fin,2,TA,TA,Y,0.0,0.0,0.0,10,2007,New,Partial,200141,9.128370809108931,2.0,3.044522437723423,0,0,0
41,3.044522437723423,RL,4.442651256490317,9.066354521447801,Pave,Reg,Lvl,AllPub,Inside,Gtl,NAmes,Norm,Norm,1Fam,1Story,6,5,1965,1965,Gable,CompShg,Wd Sdng,Wd Sdng,4.624972813284271,TA,TA,CBlock,TA,TA,No,Rec,6.467698726104354,Unf,6.100318952020064,GasA,Ex,Y,SBrkr,7.1891677384203225,0.0,3,0.6931471805599453,TA,Typ,1,TA,Attchd,RFn,2,TA,TA,Y,0.0,0.0,0.0,12,2006,WD,Abnorml,160000,8.980298078970817,2.0,4.9344739331306915,41,41,0
1018,4.795790545596741,RL,3.9982007016691985,8.668196064952765,Pave,IR1,Lvl,AllPub,CulDSac,Gtl,StoneBr,Norm,Norm,TwnhsE,1Story,8,5,1984,1984,Gable,CompShg,HdBoard,HdBoard,0.0,Gd,TA,CBlock,Gd,TA,Av,GLQ,6.9440872082295275,Unf,5.220355825078324,GasA,Gd,Y,SBrkr,7.215975002651466,0.0,1,0.6931471805599453,Gd,Typ,1,Ex,Attchd,RFn,2,TA,TA,Y,4.1588830833596715,0.0,0.0,8,2009,COD,Abnorml,187500,9.294773427951013,2.0,0.0,25,25,0
231,3.044522437723423,RL,4.30406509320417,9.078065332666364,Pave,Reg,Lvl,AllPub,Inside,Gtl,NAmes,Norm,Norm,1Fam,1Story,6,6,1959,1959,Hip,CompShg,MetalSd,MetalSd,5.3981627015177525,TA,TA,CBlock,TA,TA,No,Unf,0.0,Unf,7.085901464365611,GasA,TA,Y,SBrkr,7.085901464365611,0.0,3,0.6931471805599453,TA,Typ,0,NA,Attchd,RFn,1,TA,TA,Y,0.0,0.0,0.0,4,2010,WD,Normal,148000,8.876963340262272,2.0,4.795790545596741,51,51,0
379,3.044522437723423,RL,4.48863636973214,9.340929941679784,Pave,Reg,Lvl,AllPub,Corner,Gtl,StoneBr,Norm,Norm,1Fam,1Story,9,2,2010,2010,Hip,CompShg,VinylSd,VinylSd,5.860786223465865,Gd,TA,PConc,Ex,TA,Av,GLQ,7.27655640271871,Unf,6.021023349349527,GasA,Ex,Y,SBrkr,7.526717561352706,0.0,1,0.6931471805599453,Ex,Typ,1,Ex,Attchd,Fin,3,TA,TA,Y,4.736198448394496,0.0,0.0,6,2010,New,Partial,394432,9.723463354790857,2.5,0.0,0,0,0
289,3.044522437723423,RL,4.269697449699962,9.192176401348512,Pave,IR1,Lvl,AllPub,Inside,Gtl,Sawyer,Norm,Norm,1Fam,1Story,5,5,1967,1967,Gable,CompShg,MetalSd,MetalSd,3.4657359027997265,TA,Gd,CBlock,TA,TA,No,BLQ,6.111467339502679,Unf,6.07073772800249,GasA,TA,Y,SBrkr,6.803505257608338,0.0,3,0.6931471805599453,TA,Typ,0,NA,Detchd,Unf,1,TA,TA,Y,0.0,0.0,0.0,2,2010,WD,Normal,122000,8.412054873292933,1.0,0.0,43,43,0
419,3.9318256327243257,RL,4.110873864173311,9.007121989469242,Pave,Reg,Lvl,AllPub,Inside,Gtl,Edwards,Norm,Norm,1Fam,1.5Fin,5,6,1940,1950,Gable,CompShg,MetalSd,MetalSd,0.0,TA,TA,BrkTil,TA,TA,No,ALQ,5.746203190540153,Unf,6.09807428216624,GasA,Fa,N,FuseF,6.6293632534374485,5.937536205082426,3,0.6931471805599453,TA,Typ,0,NA,Detchd,Unf,1,TA,TA,P,0.0,0.0,0.0,4,2007,WD,AdjLand,126000,8.643120748014027,2.5,0.0,67,57,1
392,4.110873864173311,RL,4.276666119016055,9.41001056710475,Pave,IR1,Lvl,AllPub,CulDSac,Gtl,Mitchel,Norm,Norm,1Fam,2Story,6,5,2001,2002,Gable,CompShg,VinylSd,VinylSd,0.0,TA,TA,PConc,Ex,TA,No,ALQ,6.53813982376767,Unf,4.74493212836325,GasA,Ex,Y,SBrkr,6.690842277418564,7.05444965813294,3,0.6931471805599453,Gd,Typ,1,TA,BuiltIn,Fin,2,TA,TA,Y,4.836281906951478,0.0,0.0,6,2009,WD,Normal,215000,9.37305428246393,3.5,5.262690188904886,8,7,1
593,3.044522437723423,RL,4.110873864173311,8.79497643168877,Pave,Reg,Lvl,AllPub,Inside,Gtl,Mitchel,Norm,Norm,1Fam,1Story,5,8,1982,2003,Gable,CompShg,HdBoard,HdBoard,0.0,TA,Gd,PConc,TA,Gd,No,GLQ,6.705639094860003,Unf,0.0,GasA,Ex,Y,SBrkr,6.705639094860003,0.0,2,0.6931471805599453,TA,Typ,0,NA,Detchd,Fin,2,TA,TA,Y,0.0,0.0,0.0,6,2008,WD,Normal,138000,8.314097335405807,2.0,0.0,26,5,1
1163,3.044522437723423,RL,4.700480365792417,9.073947747070628,Pave,Reg,Lvl,AllPub,Inside,Gtl,Sawyer,Norm,Norm,1Fam,1Story,5,5,1968,1968,Gable,CompShg,VinylSd,VinylSd,0.0,TA,TA,CBlock,Gd,TA,No,BLQ,6.20050917404269,Unf,5.998936561946683,GasA,Gd,Y,SBrkr,6.796823718274855,0.0,3,0.6931471805599453,TA,Typ,1,Po,Attchd,Fin,2,TA,TA,Y,0.0,0.0,0.0,5,2007,WD,Normal,129000,8.405367376233981,1.0,0.0,39,39,0
1087,5.081404364984463,RM,3.091042453358316,7.5883236773352225,Pave,Reg,Lvl,AllPub,Inside,Gtl,MeadowV,Norm,Norm,TwnhsE,2Story,4,5,1973,1973,Gable,CompShg,CemntBd,CmentBd,0.0,TA,TA,CBlock,TA,TA,No,BLQ,5.814130531825066,Unf,5.3612921657094255,GasA,TA,Y,SBrkr,6.304448802421981,6.304448802421981,3,0.6931471805599453,TA,Typ,0,NA,Attchd,RFn,1,TA,TA,Y,4.795790545596741,0.0,0.0,5,2010,WD,Normal,83500,8.382289428951436,1.5,4.574710978503383,37,37,0
648,3.044522437723423,RL,4.454347296253507,9.254644297532707,Pave,IR1,Lvl,AllPub,Inside,Gtl,Edwards,Norm,Norm,1Fam,1Story,6,5,1953,1953,Hip,CompShg,Wd Sdng,Wd Sdng,5.37989735354046,TA,TA,CBlock,TA,TA,Mn,Rec,6.2166061010848646,Unf,6.38856140554563,GasA,Ex,Y,SBrkr,6.9985096422506015,0.0,3,0.6931471805599453,TA,Typ,2,Gd,Attchd,RFn,2,TA,TA,Y,0.0,0.0,0.0,6,2008,WD,Normal,155000,8.789507786736896,1.0,5.662960480135946,55,55,0
1153,3.044522437723423,RL,4.51085950651685,9.55506418479516,Pave,IR1,Lvl,AllPub,Inside,Gtl,Crawfor,Norm,Norm,1Fam,1Story,6,7,1956,2004,Gable,CompShg,Stone,Stone,0.0,TA,TA,PConc,TA,TA,No,ALQ,5.6937321388027,GLQ,5.442417710521793,GasA,Ex,Y,SBrkr,7.502186486602924,0.0,2,0.6931471805599453,Ex,Typ,1,Gd,Attchd,Fin,2,TA,TA,Y,0.0,0.0,0.0,7,2006,WD,Abnorml,230000,9.293485953062852,1.0,5.638354669333745,50,2,1
521,5.25227342804663,RL,4.110873864173311,9.287394001418473,Pave,Reg,Lvl,AllPub,Inside,Gtl,OldTown,Norm,Norm,2fmCon,2Story,4,7,1900,2000,Gable,CompShg,MetalSd,MetalSd,0.0,TA,TA,BrkTil,NA,NA,NA,NA,0.0,NA,0.0,GasA,TA,N,FuseA,6.543911845564792,6.398594934535208,3,1.0986122886681098,TA,Typ,0,NA,NA,NA,0,NA,NA,N,5.3981627015177525,0.0,0.0,8,2008,WD,Normal,106250,8.551981016901902,2.0,5.783825182329737,108,8,1
65,4.110873864173311,RL,4.2626798770413155,9.145908511816794,Pave,Reg,Lvl,AllPub,Inside,Gtl,CollgCr,Norm,Norm,1Fam,2Story,7,5,1997,1998,Gable,CompShg,VinylSd,VinylSd,6.352629396319567,TA,TA,PConc,Gd,TA,No,GLQ,6.606650186198215,Unf,5.765191102784844,GasA,Ex,Y,SBrkr,6.964135612418245,6.885509670034818,3,0.6931471805599453,Gd,Typ,0,NA,Attchd,RFn,2,TA,TA,Y,6.3578422665081,0.0,0.0,2,2009,WD,Normal,219500,9.563739957780994,3.5,3.6109179126442243,12,11,1
15,3.044522437723423,RL,4.324132656254979,9.298442820197728,Pave,IR1,Lvl,AllPub,Corner,Gtl,NAmes,Norm,Norm,1Fam,1Story,6,5,1960,1960,Hip,CompShg,MetalSd,MetalSd,5.3612921657094255,TA,TA,CBlock,TA,TA,No,BLQ,6.598509028614515,Unf,6.255750041753367,GasA,TA,Y,SBrkr,7.134093721192866,0.0,2,0.6931471805599453,TA,Typ,1,Fa,Attchd,RFn,1,TA,TA,Y,0.0,0.0,0.0,5,2008,WD,Normal,157000,8.925188429378027,2.5,5.966146739123692,48,48,0
1181,4.110873864173311,RL,4.454347296253507,9.321076413570848,Pave,IR2,Lvl,AllPub,Corner,Gtl,Timber,Norm,Norm,1Fam,2Story,7,5,1990,1991,Gable,CompShg,MetalSd,MetalSd,0.0,TA,TA,Wood,Gd,TA,No,LwQ,7.104144092987527,Unf,0.0,GasA,Ex,Y,SBrkr,7.1693500166706,7.104144092987527,4,0.6931471805599453,TA,Typ,0,NA,Attchd,Fin,2,TA,TA,Y,0.0,0.0,0.0,4,2006,WD,Normal,250000,9.775597361230211,2.5,0.0,16,15,1
1065,3.044522437723423,RL,4.324132656254979,9.305741456739435,Pave,IR1,Lvl,AllPub,CulDSac,Gtl,NAmes,Norm,Norm,1Fam,1Story,5,6,1966,1966,Gable,CompShg,Plywood,Plywood,5.303304908059076,TA,TA,CBlock,TA,TA,Mn,BLQ,6.608000625296087,Rec,5.220355825078324,GasA,Ex,Y,SBrkr,7.051855622955894,0.0,3,0.6931471805599453,TA,Typ,1,Po,Attchd,RFn,2,TA,TA,Y,0.0,0.0,0.0,11,2009,WD,Normal,154000,8.660600654710967,1.5,4.07753744390572,43,43,0
493,4.110873864173311,RL,4.663439094112067,9.653679132512428,Pave,IR1,Lvl,AllPub,Corner,Gtl,Gilbert,Norm,Norm,1Fam,2Story,6,5,2006,2006,Gable,CompShg,VinylSd,VinylSd,0.0,Gd,TA,PConc,Gd,TA,No,Unf,0.0,Unf,6.591673732008658,GasA,Gd,Y,SBrkr,6.591673732008658,6.591673732008658,3,0.6931471805599453,TA,Typ,0,NA,Attchd,RFn,2,TA,TA,Y,0.0,0.0,0.0,5,2006,New,Partial,172785,9.075322160298095,2.5,0.0,0,0,0
380,4.110873864173311,RL,4.110873864173311,9.002577922700276,Pave,IR1,Lvl,AllPub,Inside,Gtl,Gilbert,RRAn,Norm,1Fam,2Story,6,5,2000,2000,Gable,CompShg,VinylSd,VinylSd,2.833213344056216,TA,TA,PConc,Gd,TA,No,Unf,0.0,Unf,6.890609120147166,GasA,Ex,Y,SBrkr,6.915723448631314,6.677083461247136,3,0.6931471805599453,TA,Typ,1,TA,Attchd,Fin,2,TA,TA,Y,4.61512051684126,0.0,0.0,6,2009,WD,Normal,179000,9.287394001418473,2.5,4.1588830833596715,9,9,0
188,3.9318256327243257,RL,4.110873864173311,9.250618218474752,Pave,Reg,Lvl,AllPub,Inside,Gtl,OldTown,Norm,Norm,1Fam,1.5Fin,5,7,1916,1987,Gable,CompShg,HdBoard,HdBoard,0.0,TA,TA,CBlock,Fa,TA,No,Unf,0.0,Unf,6.493753839851686,GasA,Ex,Y,SBrkr,6.695798917058491,6.558197802812269,3,0.6931471805599453,TA,Min2,0,NA,Detchd,Unf,1,Fa,Fa,N,0.0,0.0,0.0,8,2009,WD,Normal,135000,9.0217190130337,2.5,4.948759890378168,93,22,1
764,4.110873864173311,RL,4.418840607796598,9.151757414543885,Pave,Reg,Lvl,AllPub,Inside,Gtl,NoRidge,Norm,Norm,1Fam,2Story,8,5,1999,1999,Gable,CompShg,VinylSd,VinylSd,6.513230110912307,Gd,TA,PConc,Gd,TA,Mn,GLQ,7.059617628291383,Unf,4.499809670330265,GasA,Ex,Y,SBrkr,7.1459844677143876,7.001245622069476,3,0.6931471805599453,Gd,Typ,1,Gd,Attchd,RFn,3,TA,TA,Y,0.0,0.0,0.0,7,2009,WD,Normal,337000,9.84802769533176,3.5,5.733341276897746,10,10,0
217,3.044522437723423,RL,4.189654742026425,9.042040056544483,Pave,Reg,Lvl,AllPub,Inside,Gtl,CollgCr,Norm,Norm,1Fam,1Story,7,5,2004,2004,Gable,CompShg,VinylSd,VinylSd,5.58724865840025,Gd,TA,PConc,Gd,TA,Mn,GLQ,6.853299093186078,Unf,6.19644412779452,GasA,Ex,Y,SBrkr,7.270312886079025,0.0,3,0.6931471805599453,Gd,Typ,0,NA,Attchd,Unf,2,TA,TA,Y,4.941642422609304,0.0,0.0,4,2008,WD,Normal,210000,9.215626376405421,3.0,4.59511985013459,4,4,0
792,4.394449154672439,RL,4.276666119016055,9.335562336729565,Pave,IR1,Lvl,AllPub,Corner,Gtl,Mitchel,Norm,Norm,1Fam,SLvl,6,5,1976,1976,Gable,CompShg,HdBoard,HdBoard,0.0,TA,TA,PConc,Gd,TA,Av,ALQ,6.29156913955832,Unf,6.19644412779452,GasA,TA,Y,SBrkr,6.968850378341948,0.0,3,0.6931471805599453,TA,Typ,2,TA,Attchd,RFn,2,TA,TA,Y,4.795790545596741,0.0,0.0,5,2007,WD,Normal,146800,8.759825595314295,2.0,0.0,31,31,0
1077,3.9318256327243257,RL,4.110873864173311,9.287394001418473,Pave,Reg,Lvl,AllPub,Inside,Gtl,OldTown,Norm,Norm,1Fam,1.5Fin,5,8,1936,1989,Gable,CompShg,Wd Sdng,Wd Sdng,0.0,TA,TA,CBlock,Fa,TA,No,ALQ,6.440946540632921,Unf,5.14166355650266,GasA,Gd,Y,SBrkr,7.00033446027523,5.916202062607435,3,0.6931471805599453,Gd,Min1,1,TA,Attchd,Unf,2,TA,TA,Y,6.07993319509559,0.0,6.2166061010848646,4,2006,WD,Normal,170000,8.899867211223587,2.5,3.091042453358316,70,17,1
879,4.454347296253507,RL,4.48863636973214,9.37441309371334,Pave,IR1,Lvl,AllPub,Inside,Gtl,Sawyer,Norm,Norm,1Fam,SFoyer,5,7,1961,1995,Gable,CompShg,HdBoard,HdBoard,0.0,TA,TA,CBlock,TA,TA,Av,ALQ,6.802394763324311,Unf,5.351858133476067,GasA,TA,Y,SBrkr,7.052721049232323,0.0,3,0.6931471805599453,Gd,Min2,0,NA,Detchd,Unf,2,TA,TA,Y,5.262690188904886,0.0,5.993961427306569,6,2010,WD,Normal,148000,8.661466680572662,2.0,0.0,49,15,1
338,3.044522437723423,RL,4.2626798770413155,9.119977931895791,Pave,Reg,Lvl,AllPub,Inside,Gtl,CollgCr,Norm,Norm,1Fam,1Story,7,5,2002,2003,Gable,CompShg,VinylSd,VinylSd,4.736198448394496,Gd,TA,PConc,Gd,TA,Av,GLQ,6.698268054115413,Unf,6.588926477533519,GasA,Ex,Y,SBrkr,7.337587743538596,0.0,3,0.6931471805599453,Gd,Typ,0,NA,Attchd,RFn,2,TA,TA,Y,5.262690188904886,0.0,0.0,12,2008,WD,Normal,214000,9.282940064390527,3.0,4.31748811353631,6,5,1
720,3.044522437723423,RL,4.248495242049359,9.202409001649903,Pave,IR1,Lvl,AllPub,Inside,Gtl,CollgCr,Norm,Norm,1Fam,1Story,5,6,1969,1969,Gable,CompShg,HdBoard,Plywood,0.0,TA,TA,CBlock,Gd,TA,Gd,ALQ,6.261491684321042,Unf,6.1070228877422545,GasA,TA,Y,SBrkr,6.879355804460439,0.0,3,0.6931471805599453,TA,Typ,1,Po,Attchd,Unf,1,TA,TA,Y,0.0,0.0,0.0,5,2006,WD,Normal,128500,8.487970332739334,1.5,0.0,37,37,0
296,4.394449154672439,RL,3.6375861597263857,8.97941663334301,Pave,IR1,Lvl,AllPub,CulDSac,Gtl,Mitchel,Norm,Norm,1Fam,SLvl,6,6,1984,1984,Gable,CompShg,HdBoard,HdBoard,0.0,TA,TA,CBlock,TA,TA,Av,GLQ,6.709304340258298,Unf,5.220355825078324,GasA,TA,Y,SBrkr,6.911747300251674,0.0,3,0.6931471805599453,TA,Typ,0,NA,Detchd,Unf,2,TA,TA,Y,4.795790545596741,0.0,0.0,3,2006,WD,Normal,142500,8.70267641154777,2.0,0.0,22,22,0
1017,3.044522437723423,RL,4.30406509320417,9.382948236582498,Pave,Reg,Lvl,AllPub,Inside,Gtl,CollgCr,Norm,Norm,1Fam,1Story,7,5,1996,1996,Hip,CompShg,VinylSd,VinylSd,5.2832037287379885,Gd,TA,PConc,Gd,TA,Gd,GLQ,6.53813982376767,Unf,6.703188113240863,GasA,Ex,Y,SBrkr,7.316548177182976,0.0,3,0.6931471805599453,Gd,Typ,1,TA,Attchd,Fin,2,TA,TA,Y,4.7535901911063645,0.0,0.0,6,2009,WD,Normal,203000,9.26188863385676,3.0,4.204692619390966,13,13,0
1276,4.51085950651685,RL,4.564348191467836,9.336620537886512,Pave,Reg,Lvl,AllPub,Corner,Gtl,NAmes,Feedr,Norm,Duplex,2Story,5,5,1948,1950,Gable,Roll,AsbShng,AsbShng,6.342121418721152,TA,TA,CBlock,TA,TA,No,Rec,5.3981627015177525,Unf,6.5638555265321274,GasA,Gd,Y,FuseA,6.834108738813838,6.900730664045173,4,1.0986122886681098,TA,Typ,0,NA,Detchd,Unf,2,TA,Fa,Y,0.0,0.0,0.0,7,2007,WD,Normal,137000,9.169622538697624,2.0,0.0,59,57,1
456,3.044522437723423,RL,4.394449154672439,9.169622538697624,Pave,Reg,Lvl,AllPub,Inside,Gtl,NWAmes,Norm,Norm,1Fam,1Story,7,6,1973,1973,Hip,CompShg,HdBoard,HdBoard,5.771441123130016,TA,TA,CBlock,TA,TA,No,ALQ,6.821107472256465,Unf,5.7899601708972535,GasA,Fa,Y,SBrkr,7.1252830915107115,0.0,3,0.6931471805599453,TA,Typ,1,TA,Attchd,Unf,2,TA,TA,Y,0.0,0.0,0.0,9,2007,WD,Normal,175500,9.070503426788383,1.5,0.0,34,34,0
1458,4.2626798770413155,RL,4.204692619390966,9.10974625674048,Pave,Reg,Lvl,AllPub,Inside,Gtl,Crawfor,Norm,Norm,1Fam,2Story,7,9,1941,2006,Gable,CompShg,CemntBd,CmentBd,0.0,Ex,Gd,Stone,TA,Gd,No,GLQ,5.62040086571715,Unf,6.777646593635117,GasA,Ex,Y,SBrkr,7.080867896690782,7.050122520269059,4,0.6931471805599453,Gd,Typ,2,Gd,Attchd,RFn,1,TA,TA,Y,0.0,0.0,7.824445930877619,5,2010,WD,Normal,266500,9.703877405604631,2.0,4.110873864173311,69,4,1
816,3.044522437723423,RL,3.8918202981106265,9.4040963063958,Pave,IR2,Lvl,AllPub,CulDSac,Gtl,CollgCr,Norm,Norm,1Fam,1Story,7,5,1998,1998,Gable,CompShg,VinylSd,VinylSd,6.093569770045136,TA,TA,PConc,Gd,TA,No,Unf,0.0,Unf,7.408530566894626,GasA,Ex,Y,SBrkr,7.415776975415394,0.0,3,0.6931471805599453,Gd,Typ,0,NA,Attchd,RFn,2,TA,TA,Y,0.0,0.0,0.0,5,2010,WD,Normal,224900,9.361171261678766,2.0,3.5553480614894135,12,12,0
270,3.044522437723423,RL,4.212127597878484,8.976893927666076,Pave,IR1,Lvl,AllPub,Corner,Gtl,Edwards,Norm,Norm,1Fam,1Story,6,7,1976,1976,Hip,CompShg,HdBoard,HdBoard,5.1647859739235145,TA,Gd,CBlock,TA,Gd,No,BLQ,6.62273632394984,Unf,5.973809611869261,GasA,TA,Y,SBrkr,7.01571242048723,0.0,3,0.6931471805599453,TA,Typ,1,Fa,Attchd,RFn,1,TA,Gd,Y,5.916202062607435,0.0,0.0,5,2007,WD,Normal,148000,8.806723554725636,2.5,3.4339872044851463,31,31,0
996,3.9318256327243257,RL,3.9512437185814275,8.45807992692373,Pave,IR1,Lvl,AllPub,Inside,Mod,BrkSide,Feedr,Norm,1Fam,1.5Fin,4,7,1946,1950,Gable,CompShg,MetalSd,MetalSd,0.0,TA,TA,CBlock,TA,TA,No,ALQ,5.953243334287785,Unf,5.8971538676367405,GasA,TA,Y,SBrkr,6.652863029353347,6.124683390894205,3,0.6931471805599453,TA,Typ,0,NA,Detchd,Unf,1,TA,TA,Y,0.0,0.0,0.0,8,2006,WD,Abnorml,121600,8.501267040865978,2.5,4.795790545596741,60,56,1
202,3.044522437723423,RL,4.330733340286331,9.222861652529854,Pave,Reg,Lvl,AllPub,Inside,Gtl,Mitchel,Norm,Norm,1Fam,1Story,6,6,1977,1977,Gable,CompShg,Plywood,Plywood,0.0,TA,TA,CBlock,TA,TA,No,ALQ,6.464588303689961,LwQ,5.6240175061873385,GasA,TA,Y,SBrkr,7.154615356913663,0.0,3,0.6931471805599453,TA,Typ,2,Fa,Detchd,Unf,2,TA,TA,Y,5.476463551931511,0.0,0.0,2,2008,WD,Normal,171500,8.945723572455398,2.5,4.430816798843313,31,31,0
162,4.110873864173311,RL,4.709530201312334,9.524347869595513,Pave,IR1,Lvl,AllPub,Inside,Gtl,NridgHt,Norm,Norm,1Fam,2Story,9,5,2003,2004,Gable,CompShg,VinylSd,VinylSd,6.499787040655854,Gd,TA,PConc,Ex,TA,Av,GLQ,6.92461239604856,Unf,6.322565239927284,GasA,Ex,Y,SBrkr,7.360739903058278,7.00033446027523,3,0.6931471805599453,Ex,Typ,2,Gd,BuiltIn,Fin,3,TA,TA,Y,5.993961427306569,0.0,0.0,3,2008,WD,Normal,412500,10.086350629348315,3.5,0.0,5,4,1
730,3.4339872044851463,RM,3.970291913552122,8.738895704934043,Pave,Reg,Lvl,AllPub,Inside,Gtl,IDOTRR,Norm,Norm,1Fam,1.5Fin,4,5,1925,1950,Gable,CompShg,MetalSd,MetalSd,0.0,TA,TA,CBlock,TA,TA,No,BLQ,5.030437921392435,Unf,6.444131256700441,GasA,TA,Y,FuseA,6.744059186311348,0.0,2,0.6931471805599453,TA,Typ,0,NA,Detchd,Unf,2,TA,TA,Y,0.0,0.0,0.0,1,2009,WD,Normal,103000,8.483222671845084,1.0,4.912654885736052,84,59,1
402,3.044522437723423,RL,4.189654742026425,9.078864009187797,Pave,IR1,Lvl,AllPub,Inside,Gtl,CollgCr,Norm,Norm,1Fam,1Story,7,5,2005,2005,Gable,CompShg,VinylSd,VinylSd,0.0,Gd,TA,PConc,Gd,TA,Av,GLQ,3.2188758248682006,Unf,7.160069207596127,GasA,Ex,Y,SBrkr,7.1785454837637,0.0,3,0.6931471805599453,Gd,Typ,1,Gd,Attchd,Fin,2,TA,TA,Y,0.0,0.0,0.0,7,2006,New,Partial,164990,9.123801610558944,2.0,0.0,1,1,0
703,4.110873864173311,RL,4.418840607796598,9.428591977209965,Pave,IR1,Lvl,AllPub,Inside,Gtl,StoneBr,Norm,Norm,1Fam,2Story,8,5,2006,2006,Hip,CompShg,VinylSd,VinylSd,6.1463292576688975,Ex,TA,PConc,Ex,Gd,No,Unf,0.0,Unf,7.118826249062078,GasA,Ex,Y,SBrkr,7.142827401161621,7.180069874302796,4,0.6931471805599453,Ex,Typ,1,Gd,BuiltIn,Fin,3,TA,TA,Y,5.783825182329737,0.0,0.0,7,2006,New,Partial,361919,9.933483152571508,2.5,4.61512051684126,0,0,0
1130,4.51085950651685,RM,4.110873864173311,8.881975184248867,Pave,Reg,Lvl,AllPub,Inside,Gtl,OldTown,Norm,Norm,Duplex,SFoyer,5,5,1980,1980,Gable,CompShg,MetalSd,MetalSd,5.198497031265826,TA,TA,CBlock,Gd,TA,Gd,GLQ,6.842683282238422,Unf,0.0,GasA,TA,Y,SBrkr,6.842683282238422,0.0,2,0.6931471805599453,TA,Typ,0,NA,Detchd,Unf,2,TA,TA,Y,3.912023005428146,0.0,0.0,8,2007,WD,Normal,140000,8.45126704130007,2.0,0.0,27,27,0
566,4.2626798770413155,RL,4.204692619390966,8.83331693749932,Pave,Reg,Bnk,AllPub,Corner,Gtl,SWISU,Norm,Norm,1Fam,2Story,6,4,1915,1950,Gable,CompShg,Wd Sdng,Wd Sdng,0.0,TA,TA,PConc,Gd,TA,No,Unf,0.0,Unf,6.693323668269949,GasA,TA,N,FuseF,6.7357800142423265,6.693323668269949,4,0.6931471805599453,Fa,Typ,0,NA,Detchd,Unf,1,TA,TA,Y,0.0,0.0,0.0,5,2010,WD,Normal,128000,9.198571388376184,2.5,5.313205979041787,95,60,1
1022,3.044522437723423,RL,4.174387269895637,8.91018077801329,Pave,Reg,Lvl,AllPub,Inside,Gtl,CollgCr,Norm,Norm,1Fam,1Story,7,5,2006,2006,Gable,CompShg,VinylSd,VinylSd,4.442651256490317,Gd,TA,PConc,Gd,TA,Av,GLQ,6.529418838262226,Unf,6.246106765481563,GasA,Ex,Y,SBrkr,7.107425474110705,0.0,2,0.6931471805599453,Gd,Typ,0,NA,Attchd,RFn,2,TA,TA,Y,4.663439094112067,0.0,0.0,7,2006,New,Partial,194000,9.052633375946147,3.0,4.007333185232471,0,0,0
1026,3.044522437723423,RL,4.2626798770413155,8.94910546953925,Pave,Reg,Lvl,AllPub,Corner,Gtl,CollgCr,Norm,Norm,1Fam,1Story,5,5,1972,1972,Gable,CompShg,VinylSd,VinylSd,0.0,TA,TA,CBlock,TA,TA,No,LwQ,4.9344739331306915,Rec,5.6240175061873385,GasA,TA,Y,SBrkr,6.78332520060396,0.0,3,0.6931471805599453,TA,Typ,0,NA,Detchd,Unf,2,TA,TA,Y,4.574710978503383,0.0,0.0,3,2007,WD,Normal,112500,8.39185670010494,2.0,0.0,35,35,0
1105,5.081404364984463,RM,3.2188758248682006,7.6093665379542115,Pave,Reg,Lvl,AllPub,Inside,Gtl,BrDale,Norm,Norm,TwnhsE,2Story,5,5,1970,1970,Gable,CompShg,HdBoard,HdBoard,5.720311776607412,TA,TA,CBlock,TA,TA,No,Unf,0.0,Unf,6.447305862541213,GasA,TA,Y,SBrkr,6.447305862541213,6.511745329644728,3,0.6931471805599453,TA,Typ,0,NA,Detchd,Unf,2,TA,TA,Y,0.0,0.0,0.0,4,2007,WD,Normal,106000,8.781248333236862,2.5,0.0,37,37,0
206,3.044522437723423,RL,4.605170185988092,9.380251908693456,Pave,Reg,Lvl,AllPub,Corner,Gtl,Gilbert,Norm,Norm,1Fam,1Story,7,5,1990,1990,Gable,CompShg,HdBoard,HdBoard,0.0,TA,TA,PConc,Gd,TA,No,Unf,0.0,Unf,7.261927092702751,GasA,Ex,Y,SBrkr,7.274479558773871,0.0,3,0.6931471805599453,TA,Typ,0,NA,Attchd,RFn,2,TA,TA,Y,0.0,0.0,0.0,5,2009,WD,Normal,180500,9.219795530746937,2.0,6.297109319933935,19,19,0
35,4.795790545596741,RL,4.110873864173311,8.897545598709327,Pave,Reg,Lvl,AllPub,Inside,Gtl,NridgHt,Norm,Norm,TwnhsE,1Story,9,5,2005,2005,Hip,CompShg,MetalSd,MetalSd,5.5093883366279774,Ex,TA,PConc,Ex,TA,No,GLQ,7.050989447068045,Unf,6.013715156042802,GasA,Ex,Y,SBrkr,7.3537223303996315,0.0,2,0.6931471805599453,Ex,Typ,1,Gd,Attchd,Fin,2,TA,TA,Y,5.318119993844216,0.0,0.0,8,2007,WD,Normal,277500,9.550377674761892,3.0,3.871201010907891,2,2,0
776,4.795790545596741,RM,3.4965075614664802,8.412054873292933,Pave,Reg,Lvl,AllPub,FR2,Gtl,Mitchel,Norm,Norm,TwnhsE,1Story,6,5,1998,1998,Hip,CompShg,VinylSd,VinylSd,5.771441123130016,TA,TA,PConc,Ex,TA,No,GLQ,6.7650389767805414,Unf,5.82600010738045,GasA,Ex,Y,SBrkr,7.094234845924755,0.0,2,0.6931471805599453,TA,Typ,0,NA,Attchd,Fin,2,TA,TA,Y,0.0,0.0,0.0,6,2009,WD,Normal,162000,8.885302512980633,3.0,5.5134287461649825,11,11,0
509,4.2626798770413155,RM,4.110873864173311,9.169622538697624,Pave,Reg,Lvl,AllPub,Inside,Gtl,OldTown,Norm,Norm,1Fam,2Story,7,9,1928,2005,Gambrel,CompShg,MetalSd,MetalSd,0.0,TA,Ex,BrkTil,TA,TA,No,Rec,4.955827057601261,Unf,6.3080984415095305,GasA,Ex,Y,SBrkr,6.536691597591305,6.536691597591305,3,0.6931471805599453,Gd,Typ,1,Gd,Detchd,Unf,2,TA,TA,N,0.0,0.0,0.0,10,2008,WD,Normal,161000,9.174402265170553,2.0,4.762173934797756,80,3,1
1442,4.795790545596741,RM,4.2626798770413155,8.395477432732141,Pave,Reg,Lvl,AllPub,Inside,Gtl,CollgCr,Norm,Norm,TwnhsE,1Story,6,5,2004,2004,Gable,CompShg,VinylSd,VinylSd,4.997212273764115,Gd,TA,PConc,Gd,TA,Av,GLQ,6.548219102762372,Unf,5.0238805208462765,GasA,Ex,Y,SBrkr,6.744059186311348,0.0,1,0.6931471805599453,Gd,Typ,1,TA,Attchd,RFn,2,TA,TA,Y,5.0106352940962555,0.0,0.0,5,2008,WD,Normal,149300,8.534836626588833,2.0,0.0,4,4,0
1391,3.044522437723423,RL,4.2626798770413155,9.116139576577355,Pave,Reg,Lvl,AllPub,Inside,Gtl,CollgCr,Norm,Norm,1Fam,1Story,7,5,2000,2000,Gable,CompShg,VinylSd,VinylSd,5.501258210544727,Gd,TA,PConc,Gd,TA,Av,GLQ,7.244941546337007,Unf,4.836281906951478,GasA,Ex,Y,SBrkr,7.330405211844402,0.0,3,0.6931471805599453,Gd,Typ,0,NA,Attchd,RFn,2,TA,TA,Y,5.393627546352362,0.0,0.0,9,2006,WD,Normal,235000,9.275753510524416,3.0,3.6109179126442243,6,6,0
92,3.044522437723423,RL,4.454347296253507,9.04793908261736,Pave,Reg,Lvl,AllPub,Inside,Gtl,NAmes,Norm,Norm,1Fam,1Story,5,3,1961,1961,Hip,CompShg,HdBoard,HdBoard,5.318119993844216,TA,TA,CBlock,TA,TA,No,Rec,6.398594934535208,Unf,6.455198563340122,GasA,TA,Y,SBrkr,7.119635638017636,0.0,2,0.6931471805599453,TA,Typ,0,NA,Attchd,Unf,2,TA,TA,Y,0.0,0.0,0.0,12,2006,WD,Abnorml,98600,8.728426091704613,1.0,0.0,45,45,0
1364,4.110873864173311,RL,4.30406509320417,9.047821442478408,Pave,IR1,Lvl,AllPub,Inside,Gtl,Gilbert,Norm,Norm,1Fam,2Story,6,5,2006,2007,Gable,CompShg,VinylSd,VinylSd,0.0,TA,TA,PConc,Gd,TA,No,Unf,0.0,Unf,6.424869023905388,GasA,Ex,Y,SBrkr,6.424869023905388,6.680854678790215,3,0.6931471805599453,Gd,Typ,1,Gd,BuiltIn,Fin,2,TA,TA,Y,0.0,0.0,0.0,3,2007,New,Partial,156932,9.044639916198465,2.5,3.6109179126442243,1,0,1
898,4.51085950651685,RL,4.174387269895637,8.856376036730422,Pave,Reg,Lvl,AllPub,Inside,Gtl,SawyerW,Feedr,Norm,Duplex,2Story,5,5,1979,1979,Gable,CompShg,Plywood,Plywood,0.0,TA,TA,Slab,NA,NA,NA,NA,0.0,NA,0.0,GasA,TA,Y,SBrkr,7.02197642307216,7.02197642307216,6,1.0986122886681098,TA,Typ,0,NA,Detchd,Unf,2,TA,TA,Y,5.043425116919247,0.0,0.0,6,2009,WD,Alloca,142953,9.32375833901174,2.0,0.0,30,30,0
565,4.110873864173311,RL,4.516338972281476,9.499046919474152,Pave,IR1,Lvl,AllPub,CulDSac,Gtl,NoRidge,Norm,Norm,1Fam,2Story,7,5,1992,2000,Gable,CompShg,HdBoard,HdBoard,0.0,Gd,TA,PConc,Gd,TA,No,GLQ,6.591673732008658,Unf,5.908082938168931,GasA,Ex,Y,SBrkr,7.062191632286556,7.029972911706386,4,0.6931471805599453,Gd,Typ,1,TA,Attchd,RFn,2,TA,TA,Y,0.0,0.0,0.0,7,2006,WD,Normal,268000,9.684460516733758,3.5,3.713572066704308,14,6,1
1370,3.044522437723423,RL,3.8918202981106265,9.27199975236291,Pave,IR2,Lvl,AllPub,FR2,Gtl,CollgCr,Norm,Norm,1Fam,1Story,8,5,2003,2003,Hip,CompShg,VinylSd,VinylSd,5.147494476813453,Gd,TA,PConc,Gd,TA,Av,BLQ,5.916202062607435,GLQ,5.755742213586912,GasA,Ex,Y,SBrkr,7.419979923661835,0.0,3,0.6931471805599453,Gd,Typ,1,TA,Attchd,Fin,2,TA,TA,Y,0.0,0.0,0.0,5,2010,WD,Normal,232000,9.498897061838624,3.0,5.572154032177765,7,7,0
777,3.044522437723423,RL,4.465908118654584,9.324650718153594,Pave,IR1,Lvl,AllPub,Inside,Gtl,CollgCr,Norm,Norm,1Fam,1Story,7,5,2005,2006,Gable,CompShg,VinylSd,VinylSd,5.484796933490655,Gd,TA,PConc,Gd,TA,Av,GLQ,3.044522437723423,Unf,7.374629015218945,GasA,Ex,Y,SBrkr,7.387090235656757,0.0,3,0.6931471805599453,Gd,Typ,0,NA,Attchd,RFn,3,TA,TA,Y,4.976733742420574,0.0,0.0,7,2006,New,Partial,221500,9.332469505209247,2.0,4.0943445622221,1,0,1
242,3.4339872044851463,RM,3.713572066704308,8.263848131368906,Pave,Reg,Lvl,AllPub,Inside,Gtl,OldTown,Norm,Norm,1Fam,1Story,5,9,1945,1997,Gable,CompShg,VinylSd,VinylSd,0.0,TA,Gd,CBlock,TA,TA,No,ALQ,5.799092654460526,Unf,5.8805329864007,GasA,Gd,Y,SBrkr,6.7650389767805414,0.0,2,0.6931471805599453,Gd,Typ,0,NA,NA,NA,0,NA,NA,Y,4.07753744390572,0.0,0.0,8,2007,WD,Normal,110500,8.373553741214627,1.0,3.7612001156935624,62,10,1
14,3.044522437723423,RL,4.5217885770490405,9.273596821611198,Pave,IR1,Lvl,AllPub,Inside,Gtl,CollgCr,Norm,Norm,1Fam,1Story,7,5,2006,2007,Gable,CompShg,VinylSd,VinylSd,5.726847747587197,Gd,TA,PConc,Gd,TA,Av,Unf,0.0,Unf,7.3098814858247865,GasA,Ex,Y,SBrkr,7.3098814858247865,0.0,3,0.6931471805599453,Gd,Typ,1,Gd,Attchd,RFn,3,TA,TA,Y,5.081404364984463,0.0,0.0,8,2007,New,Partial,279500,9.255218130754269,2.0,3.5263605246161616,1,0,1
316,4.110873864173311,RL,4.276666119016055,8.961366060627451,Pave,IR1,Lvl,AllPub,Inside,Gtl,Gilbert,Norm,Norm,1Fam,2Story,7,5,2004,2005,Gable,CompShg,VinylSd,VinylSd,0.0,Gd,TA,PConc,Gd,TA,No,GLQ,6.054439346269371,Unf,5.676753802268282,GasA,Ex,Y,SBrkr,6.57507584059962,6.57507584059962,3,0.6931471805599453,Gd,Typ,1,Gd,Attchd,Fin,2,TA,TA,Y,4.61512051684126,0.0,0.0,7,2009,WD,Normal,188500,9.21283725217477,3.5,3.9512437185814275,5,4,1
601,4.110873864173311,RL,4.31748811353631,9.29908358181057,Pave,Reg,Lvl,AllPub,Inside,Gtl,NridgHt,Norm,Norm,1Fam,2Story,8,5,2005,2005,Gable,CompShg,VinylSd,VinylSd,5.638354669333745,Gd,TA,PConc,Gd,TA,Av,GLQ,6.304448802421981,Unf,6.240275845170769,GasA,Ex,Y,SBrkr,6.9650803456014065,6.741700694652055,3,0.6931471805599453,Ex,Typ,1,Gd,BuiltIn,Fin,2,TA,TA,Y,5.19295685089021,0.0,0.0,6,2006,WD,Normal,275000,9.631219406136701,3.5,4.110873864173311,1,1,0
388,4.394449154672439,RL,4.290459441148391,8.881975184248867,Pave,Reg,Lvl,AllPub,Inside,Gtl,Edwards,Norm,Norm,1Fam,SLvl,6,6,1976,1976,Hip,CompShg,MetalSd,MetalSd,5.545177444479562,TA,TA,CBlock,TA,TA,Av,ALQ,6.448889394146858,Unf,6.018593214496234,GasA,Ex,Y,SBrkr,7.026426808699636,0.0,3,0.6931471805599453,TA,Typ,1,Fa,Detchd,Unf,1,TA,TA,Y,5.6937321388027,0.0,0.0,10,2009,WD,Abnorml,125000,8.81744592104187,2.0,0.0,33,33,0
1298,5.198497031265826,RM,3.58351893845611,8.209580483475577,Pave,Reg,Lvl,AllPub,Inside,Gtl,Edwards,Norm,Norm,TwnhsE,SFoyer,6,5,2005,2006,Gable,CompShg,VinylSd,VinylSd,4.418840607796598,TA,TA,PConc,Gd,TA,Gd,GLQ,6.306275286948016,Unf,0.0,GasA,Gd,Y,SBrkr,6.9782137426306985,0.0,2,0.6931471805599453,TA,Typ,0,NA,Basment,Fin,2,TA,TA,Y,0.0,0.0,0.0,6,2006,New,Partial,140000,8.769196271411001,3.0,3.8066624897703196,1,0,1
167,3.044522437723423,RL,4.394449154672439,9.278839788400875,Pave,IR1,Lvl,AllPub,Inside,Gtl,ClearCr,Norm,Norm,1Fam,1Story,5,5,1955,1993,Hip,CompShg,Wd Sdng,Wd Sdng,0.0,Gd,TA,CBlock,TA,TA,No,LwQ,5.940171252720432,BLQ,6.154858094016418,GasA,Ex,Y,FuseA,7.532623618788788,0.0,2,0.6931471805599453,TA,Typ,3,Gd,Attchd,Fin,1,TA,TA,Y,6.1675164908883415,0.0,0.0,11,2009,COD,Normal,190000,9.141633173966392,2.0,4.962844630259907,54,16,1
841,4.2626798770413155,RH,4.110873864173311,9.405578154036684,Pave,IR1,Lvl,AllPub,Inside,Gtl,SWISU,Norm,Norm,1Fam,2Story,6,8,1925,1950,Gable,CompShg,Wd Sdng,Wd Sdng,0.0,TA,TA,BrkTil,TA,TA,No,BLQ,5.056245805348308,Unf,6.248042874508429,GasA,TA,N,SBrkr,6.698268054115413,6.511745329644728,4,0.6931471805599453,Fa,Typ,0,NA,Detchd,Unf,1,TA,TA,P,0.0,0.0,0.0,3,2008,WD,Normal,140000,9.09301972939964,2.0,5.541263545158426,83,58,1
21,4.110873864173311,RL,4.624972813284271,9.562123369834488,Pave,IR1,Lvl,AllPub,Corner,Gtl,NridgHt,Norm,Norm,1Fam,2Story,8,5,2005,2006,Gable,CompShg,VinylSd,VinylSd,5.942799375126701,Gd,TA,PConc,Ex,TA,Av,Unf,0.0,Unf,7.055312843339752,GasA,Ex,Y,SBrkr,7.055312843339752,7.105786129481271,4,0.6931471805599453,Gd,Typ,1,Gd,BuiltIn,RFn,3,TA,TA,Y,5.484796933490655,0.0,0.0,11,2006,New,Partial,325300,9.852667830206153,3.5,5.043425116919247,1,0,1
647,3.044522437723423,RL,4.110873864173311,8.881975184248867,Pave,Reg,Lvl,AllPub,Inside,Gtl,NAmes,Norm,Norm,1Fam,1Story,5,5,1950,1950,Hip,CompShg,MetalSd,MetalSd,0.0,TA,TA,CBlock,NA,NA,NA,NA,0.0,NA,0.0,GasA,Gd,Y,SBrkr,6.955592608396297,0.0,3,0.6931471805599453,TA,Min1,0,NA,Detchd,Unf,2,TA,TA,Y,0.0,0.0,0.0,7,2008,WD,Normal,98300,8.564267598802166,1.0,3.332204510175204,58,58,0
1155,4.110873864173311,RL,4.324132656254979,9.525224101853109,Pave,IR1,Lvl,AllPub,Inside,Gtl,NAmes,Norm,Norm,1Fam,2Story,7,6,1965,1988,Gable,CompShg,VinylSd,VinylSd,5.666426688112432,TA,TA,CBlock,TA,TA,Gd,ALQ,6.12029741895095,Unf,6.018593214496234,GasA,TA,Y,SBrkr,6.805722553416985,6.823286122355687,4,0.6931471805599453,Gd,Typ,2,Gd,Attchd,Unf,2,TA,TA,Y,4.110873864173311,0.0,0.0,5,2008,WD,Normal,201800,9.45258041898138,2.0,5.8805329864007,43,20,1
832,5.081404364984463,FV,3.4339872044851463,8.064950891749143,Pave,Reg,Lvl,AllPub,Inside,Gtl,Somerst,Norm,Norm,TwnhsE,2Story,7,5,2005,2005,Gable,CompShg,MetalSd,MetalSd,0.0,TA,TA,PConc,Gd,TA,No,Unf,0.0,Unf,6.398594934535208,GasA,Ex,Y,SBrkr,6.255750041753367,6.398594934535208,2,0.6931471805599453,Gd,Typ,0,NA,Detchd,RFn,2,TA,TA,Y,0.0,0.0,0.0,6,2006,WD,Normal,151000,9.036106025364846,2.5,5.117993812416755,1,1,0
1268,3.044522437723423,RL,4.499809670330265,9.48910782703839,Pave,IR1,HLS,AllPub,Inside,Gtl,Timber,Norm,Norm,1Fam,1Story,9,5,2008,2009,Hip,CompShg,Stucco,CmentBd,0.0,Ex,TA,PConc,Ex,TA,Gd,Unf,0.0,Unf,7.602401335665818,GasA,Ex,Y,SBrkr,7.610357618312838,0.0,3,0.6931471805599453,Ex,Typ,1,Gd,Attchd,Fin,3,TA,TA,Y,4.976733742420574,0.0,0.0,5,2010,WD,Normal,378500,9.807141836749443,2.0,4.343805421853684,2,1,1
563,3.4339872044851463,RL,4.1588830833596715,9.540219493127752,Pave,Reg,Lvl,AllPub,Inside,Gtl,Edwards,Norm,Norm,1Fam,1Story,5,6,1940,1969,Gable,CompShg,WdShing,Wd Shng,0.0,TA,TA,CBlock,TA,TA,No,BLQ,5.673323267171493,Unf,6.561030665896573,GasA,Ex,Y,SBrkr,6.904750769961838,0.0,3,0.6931471805599453,TA,Typ,1,Gd,NA,NA,0,NA,NA,Y,4.976733742420574,0.0,0.0,7,2008,WD,Normal,108000,8.513385953073284,2.0,0.0,68,39,1
1423,4.795790545596741,RM,3.6375861597263857,8.397508348470257,Pave,Reg,Lvl,AllPub,Inside,Gtl,CollgCr,Norm,Norm,TwnhsE,1Story,6,5,2003,2003,Gable,CompShg,VinylSd,VinylSd,5.14166355650266,Gd,TA,PConc,Gd,TA,Av,GLQ,6.532334292222349,Unf,5.093750200806762,GasA,Ex,Y,SBrkr,6.744059186311348,0.0,1,0.6931471805599453,Gd,Typ,0,NA,Attchd,Fin,2,TA,TA,Y,4.948759890378168,0.0,0.0,3,2008,WD,Normal,136500,8.534836626588833,2.0,0.0,5,5,0
687,4.110873864173311,FV,4.442651256490317,9.23092700558457,Pave,Reg,Lvl,AllPub,Inside,Gtl,Somerst,Norm,Norm,1Fam,2Story,7,6,2007,2007,Gable,CompShg,VinylSd,VinylSd,0.0,Gd,TA,PConc,Gd,TA,No,Unf,0.0,Unf,6.774223886357614,GasA,Ex,Y,SBrkr,6.774223886357614,6.78897174299217,3,0.6931471805599453,Gd,Typ,0,NA,Attchd,Fin,2,TA,TA,Y,4.976733742420574,0.0,0.0,8,2007,New,Partial,227875,9.419628376999952,3.0,4.663439094112067,0,0,0
958,3.044522437723423,RL,4.2626798770413155,8.912069097970134,Pave,Reg,Lvl,AllPub,Inside,Gtl,Sawyer,Norm,Norm,1Fam,1Story,5,5,1962,1962,Hip,CompShg,MetalSd,MetalSd,0.0,TA,TA,CBlock,TA,TA,No,Rec,6.035481432524756,Unf,6.46302945692067,GasA,TA,Y,SBrkr,6.964135612418245,0.0,3,0.6931471805599453,TA,Typ,0,NA,Detchd,Fin,2,TA,TA,Y,0.0,0.0,0.0,4,2007,WD,Normal,132000,8.572817095164234,1.0,0.0,45,45,0
190,4.795790545596741,RL,3.7376696182833684,8.501876487304344,Pave,Reg,Lvl,AllPub,Inside,Gtl,StoneBr,Norm,Norm,TwnhsE,1Story,8,5,2001,2002,Gable,CompShg,CemntBd,CmentBd,0.0,Gd,TA,PConc,Ex,TA,Av,GLQ,7.050989447068045,Unf,6.089044875446846,GasA,Ex,Y,SBrkr,7.374001859350161,0.0,0,0.6931471805599453,Ex,Typ,1,Gd,Attchd,Fin,2,TA,TA,Y,0.0,0.0,0.0,8,2008,WD,Normal,286000,9.452894316810216,2.5,5.84354441703136,7,6,1
976,5.081404364984463,FV,4.310799125385514,7.883069351305753,Pave,Reg,Lvl,AllPub,FR2,Gtl,Somerst,Norm,Norm,Twnhs,2Story,7,5,2000,2000,Gable,CompShg,MetalSd,MetalSd,0.0,Gd,TA,PConc,Gd,TA,No,GLQ,6.464588303689961,Unf,3.4965075614664802,GasA,Ex,Y,SBrkr,6.513230110912307,6.565264970035361,3,0.6931471805599453,Gd,Typ,0,NA,Detchd,Unf,2,TA,TA,Y,5.0369526024136295,0.0,0.0,4,2006,WD,Normal,165000,9.177300517897983,3.5,3.9318256327243257,6,6,0
700,4.795790545596741,FV,4.0943445622221,8.36240897761537,Pave,IR2,Lvl,AllPub,Inside,Gtl,Somerst,Norm,Norm,TwnhsE,1Story,7,5,2004,2004,Gable,CompShg,MetalSd,MetalSd,0.0,Gd,TA,PConc,Gd,TA,Mn,GLQ,2.833213344056216,Unf,7.226936018493289,GasA,Ex,Y,SBrkr,7.238496840894365,0.0,2,0.6931471805599453,Gd,Typ,0,NA,Attchd,RFn,2,TA,TA,Y,5.056245805348308,0.0,0.0,7,2008,WD,Normal,196000,9.183791036742646,2.0,5.0689042022202315,4,4,0
511,3.044522437723423,RL,4.330733340286331,9.586033321750676,Pave,Reg,Lvl,AllPub,Inside,Gtl,NAmes,Norm,Norm,1Fam,1Story,5,7,1951,2000,Hip,CompShg,Wd Sdng,Wd Sdng,4.2626798770413155,Gd,TA,CBlock,TA,TA,No,BLQ,6.478509642208569,Rec,5.187385805840755,GasA,Ex,Y,SBrkr,7.218176838403408,0.0,2,0.6931471805599453,TA,Min1,2,TA,CarPort,Unf,1,TA,TA,Y,5.783825182329737,0.0,7.601402334583733,6,2009,WD,Normal,164900,8.827028068509152,2.0,5.351858133476067,58,9,1
1083,3.044522437723423,RL,4.2626798770413155,9.07680897935166,Pave,Reg,Lvl,AllPub,Inside,Gtl,CollgCr,Norm,Norm,1Fam,1Story,7,5,2002,2002,Gable,CompShg,VinylSd,VinylSd,4.61512051684126,Gd,TA,PConc,Gd,TA,No,Unf,0.0,Unf,7.286191714702382,GasA,Ex,Y,SBrkr,7.286191714702382,0.0,3,0.6931471805599453,Gd,Typ,1,Gd,Attchd,RFn,2,TA,TA,Y,5.262690188904886,0.0,0.0,9,2007,WD,Normal,192000,9.23151460720759,2.0,3.6888794541139363,5,5,0
475,4.795790545596741,RL,3.7376696182833684,8.581294116822761,Pave,Reg,Lvl,AllPub,Inside,Gtl,StoneBr,Norm,Norm,TwnhsE,1Story,8,5,2000,2000,Gable,CompShg,CemntBd,CmentBd,0.0,Gd,TA,PConc,Gd,TA,Av,GLQ,7.087573705557973,Unf,5.700443573390687,GasA,Ex,Y,SBrkr,7.410347097821024,0.0,2,0.6931471805599453,Ex,Typ,0,NA,Attchd,RFn,2,TA,TA,Y,4.574710978503383,0.0,0.0,8,2007,WD,Normal,251000,9.489259158757807,3.0,3.8918202981106265,7,7,0
857,4.394449154672439,RL,4.2626798770413155,9.30301070681749,Pave,IR1,Low,AllPub,Inside,Mod,CollgCr,Norm,Norm,1Fam,SLvl,6,6,1978,1978,Gable,CompShg,Plywood,HdBoard,0.0,TA,TA,CBlock,Gd,Gd,Gd,GLQ,6.226536669287466,LwQ,0.0,GasA,TA,Y,SBrkr,6.934397209928558,0.0,3,0.6931471805599453,TA,Typ,0,NA,Detchd,Unf,2,TA,Fa,Y,0.0,0.0,0.0,10,2008,WD,Normal,147000,8.72534492491121,2.0,3.5553480614894135,30,30,0
748,4.2626798770413155,RM,4.189654742026425,9.367429587218957,Pave,IR1,Lvl,AllPub,Corner,Gtl,OldTown,Norm,Norm,1Fam,2Story,7,7,1880,2003,Mansard,CompShg,Stucco,Stucco,0.0,Gd,TA,Stone,TA,Fa,No,Unf,0.0,Unf,7.123672785204607,GasW,TA,N,SBrkr,7.186144304522325,7.186144304522325,4,0.6931471805599453,Gd,Typ,1,Gd,Detchd,Unf,4,TA,TA,N,5.204006687076795,0.0,0.0,5,2009,WD,Normal,265979,9.824498456285756,1.5,5.958424693029782,129,6,1
253,4.110873864173311,RL,4.189654742026425,9.032050676295599,Pave,IR1,Lvl,AllPub,Inside,Gtl,SawyerW,Norm,Norm,1Fam,2Story,6,5,2004,2004,Gable,CompShg,VinylSd,VinylSd,0.0,Gd,TA,PConc,Gd,TA,No,Unf,0.0,Unf,6.683360945766275,GasA,Ex,Y,SBrkr,6.683360945766275,6.736966958001855,3,0.6931471805599453,Gd,Typ,0,NA,Attchd,RFn,2,TA,TA,Y,4.9344739331306915,0.0,0.0,12,2008,WD,Normal,173000,9.194312610898985,2.5,3.828641396489095,4,4,0
22,3.828641396489095,RM,4.060443010546419,8.915969311373605,Pave,Reg,Bnk,AllPub,Inside,Gtl,IDOTRR,Norm,Norm,1Fam,1.5Unf,7,7,1930,1950,Gable,CompShg,Wd Sdng,Wd Sdng,0.0,TA,TA,PConc,TA,TA,No,Unf,0.0,Unf,6.45833828334479,GasA,Ex,Y,FuseF,7.011213987350367,0.0,3,0.6931471805599453,Gd,Typ,1,Gd,Attchd,Unf,1,TA,TA,N,0.0,0.0,0.0,6,2007,WD,Normal,139400,8.956350940490871,1.0,5.327876168789581,77,57,1
1338,3.4339872044851463,RM,5.0369526024136295,8.323365694436081,Pave,IR1,Bnk,AllPub,Corner,Mod,OldTown,Feedr,Norm,1Fam,1Story,4,4,1941,1950,Gable,CompShg,Wd Sdng,Wd Sdng,0.0,TA,TA,CBlock,TA,TA,No,Unf,0.0,Unf,6.542471960506805,Grav,Fa,N,FuseA,6.542471960506805,0.0,2,0.6931471805599453,Fa,Typ,0,NA,NA,NA,0,NA,NA,N,0.0,0.0,0.0,3,2006,WD,Normal,52500,7.927685045615778,1.0,3.044522437723423,65,56,1
460,3.9318256327243257,RL,3.970291913552122,8.855948534052018,Pave,IR1,Bnk,AllPub,Corner,Gtl,BrkSide,Norm,Norm,1Fam,1.5Fin,5,4,1950,1950,Gable,CompShg,MetalSd,MetalSd,5.087596335232384,TA,TA,CBlock,TA,TA,No,LwQ,5.225746673713202,Unf,6.263398262591624,GasA,TA,Y,SBrkr,6.887552571664617,5.41610040220442,3,0.6931471805599453,Gd,Typ,1,TA,Detchd,Unf,1,TA,TA,Y,0.0,0.0,0.0,7,2009,WD,Normal,110000,8.702177865629675,2.0,5.517452896464707,59,59,0
1185,3.044522437723423,RL,3.9318256327243257,10.466924601573329,Grvl,Reg,Lvl,AllPub,Inside,Mod,Timber,Norm,Norm,1Fam,1Story,5,4,1963,1963,Hip,CompShg,MetalSd,MetalSd,5.424950017481403,TA,TA,CBlock,TA,TA,Gd,Rec,7.05617528410041,Unf,6.025865973825314,GasA,Gd,Y,SBrkr,7.360739903058278,0.0,3,0.6931471805599453,TA,Typ,2,TA,2Types,RFn,3,TA,TA,Y,0.0,0.0,0.0,5,2007,WD,Normal,186700,8.969669103793757,2.5,6.267200548541362,44,44,0
277,3.044522437723423,RL,4.867534450455582,9.126632622902697,Pave,IR1,Lvl,AllPub,Inside,Gtl,Mitchel,Norm,Norm,1Fam,1Story,7,5,2003,2003,Gable,CompShg,VinylSd,VinylSd,0.0,Gd,TA,PConc,Ex,TA,No,Unf,0.0,Unf,7.353081920515432,GasA,Ex,Y,SBrkr,7.353081920515432,0.0,3,0.6931471805599453,Gd,Typ,0,NA,Attchd,Fin,2,TA,TA,Y,4.61512051684126,0.0,0.0,4,2010,WD,Normal,201000,9.298442820197728,2.0,5.017279836814924,7,7,0
956,4.51085950651685,RH,4.418840607796598,8.873047798971067,Pave,IR1,HLS,AllPub,Inside,Gtl,Crawfor,Norm,Norm,Duplex,2Story,6,6,1946,1950,Gable,CompShg,MetalSd,MetalSd,6.049733455231958,TA,TA,CBlock,Gd,TA,No,Rec,6.184148890937483,Unf,6.206575926724928,GasA,TA,N,FuseF,6.887552571664617,6.887552571664617,4,1.0986122886681098,TA,Typ,0,NA,Attchd,Unf,2,TA,TA,Y,0.0,0.0,0.0,8,2007,WD,Normal,145000,9.371523409567573,2.0,0.0,61,57,1
1216,3.044522437723423,RL,4.605170185988092,8.867145589594143,Pave,IR1,Lvl,AllPub,Inside,Gtl,Sawyer,Norm,Norm,1Fam,1Story,5,5,1966,1966,Gable,CompShg,VinylSd,VinylSd,0.0,TA,TA,CBlock,TA,TA,No,Rec,5.198497031265826,LwQ,5.831882477283517,GasA,TA,Y,SBrkr,6.796823718274855,0.0,3,0.6931471805599453,TA,Typ,0,NA,Detchd,RFn,1,TA,TA,Y,0.0,0.0,0.0,5,2007,WD,Normal,125000,8.405367376233981,1.0,0.0,41,41,0
386,4.795790545596741,RL,3.784189633918261,8.065579427282092,Pave,Reg,Lvl,AllPub,Inside,Gtl,Blmngtn,Norm,Norm,TwnhsE,1Story,8,5,2004,2005,Gable,CompShg,VinylSd,VinylSd,2.833213344056216,Gd,TA,PConc,Gd,TA,No,GLQ,3.2188758248682006,Unf,7.117205503164344,GasA,Ex,Y,SBrkr,7.146772179452637,0.0,2,0.6931471805599453,Gd,Typ,1,TA,Attchd,Fin,2,TA,TA,Y,4.990432586778736,0.0,0.0,4,2010,WD,Normal,192000,9.225524507301223,2.0,5.10594547390058,6,5,1
806,3.044522437723423,RL,4.5217885770490405,9.41531995266272,Pave,IR1,Lvl,AllPub,FR2,Gtl,Somerst,Norm,Norm,1Fam,1Story,7,5,2008,2008,Gable,CompShg,VinylSd,VinylSd,5.54907608489522,Gd,TA,PConc,Gd,TA,No,Unf,0.0,Unf,7.257002707092073,GasA,Ex,Y,SBrkr,7.264730177929867,0.0,3,0.6931471805599453,Ex,Typ,0,NA,Attchd,RFn,2,TA,TA,Y,0.0,0.0,0.0,7,2008,New,Partial,227680,9.210040326967182,2.0,4.110873864173311,0,0,0
1438,3.044522437723423,RL,4.574710978503383,9.429074214801693,Pave,Reg,Lvl,AllPub,FR2,Gtl,NridgHt,Norm,Norm,1Fam,1Story,8,5,2008,2008,Hip,CompShg,VinylSd,VinylSd,6.056784013228625,Ex,TA,PConc,Ex,TA,Av,GLQ,7.198183577101943,Unf,6.391917113392602,GasA,Ex,Y,SBrkr,7.566828479208331,0.0,2,0.6931471805599453,Ex,Typ,1,Gd,Attchd,Fin,3,TA,TA,Y,0.0,0.0,0.0,11,2008,New,Partial,394617,9.645817254152318,3.0,5.916202062607435,0,0,0
344,4.795790545596741,RL,4.1588830833596715,9.088172738001974,Pave,IR1,Lvl,AllPub,Inside,Gtl,NridgHt,Norm,Norm,TwnhsE,1Story,9,5,2005,2005,Hip,CompShg,MetalSd,MetalSd,6.424869023905388,Ex,TA,PConc,Ex,TA,No,GLQ,3.367295829986474,Unf,7.4127640174265625,GasA,Ex,Y,SBrkr,7.429520842786462,0.0,2,0.6931471805599453,Ex,Typ,1,Ex,Attchd,RFn,2,TA,TA,Y,6.206575926724928,0.0,0.0,7,2008,WD,Normal,266000,9.626217750431657,2.0,4.290459441148391,3,3,0
770,4.110873864173311,RL,3.871201010907891,10.887530386461101,Pave,IR2,HLS,AllPub,CulDSac,Mod,StoneBr,Norm,Norm,1Fam,2Story,8,5,2003,2003,Hip,CompShg,CemntBd,Wd Shng,6.403574197934815,Ex,TA,PConc,Gd,TA,Gd,ALQ,7.256297239690681,Unf,5.459585514144159,GasA,Ex,Y,SBrkr,7.43307534889858,7.371489295214277,4,0.6931471805599453,Ex,Mod,1,Gd,BuiltIn,Fin,3,TA,TA,Y,6.222576268071369,0.0,0.0,6,2010,WD,Normal,538000,10.174773439176352,4.5,5.5093883366279774,7,7,0
1333,3.044522437723423,RL,4.219507705176107,9.09133158539398,Pave,Reg,Lvl,AllPub,Inside,Mod,Edwards,Norm,Norm,1Fam,1Story,4,6,1938,1958,Gable,CompShg,MetalSd,MetalSd,0.0,TA,TA,CBlock,TA,TA,Mn,ALQ,6.53813982376767,Unf,4.844187086458591,GasA,Ex,Y,SBrkr,6.705639094860003,0.0,2,0.6931471805599453,TA,Typ,1,Gd,Detchd,Unf,1,Fa,Fa,Y,0.0,0.0,0.0,5,2009,WD,Normal,100000,8.09101504171053,2.0,0.0,71,51,1
131,4.110873864173311,RL,4.48863636973214,9.561067663645012,Pave,Reg,Lvl,AllPub,Corner,Gtl,NAmes,Norm,Norm,1Fam,2Story,7,6,1966,1966,Gable,CompShg,MetalSd,MetalSd,5.736572297479192,TA,TA,CBlock,TA,TA,No,Rec,6.100318952020064,Unf,6.173786103901937,GasA,Ex,Y,SBrkr,7.104144092987527,6.848005274576363,4,0.6931471805599453,Gd,Typ,2,Gd,Attchd,Fin,2,TA,TA,Y,4.663439094112067,0.0,0.0,5,2006,WD,Normal,226000,9.622450022803015,2.5,4.204692619390966,40,40,0
872,4.110873864173311,RL,4.2626798770413155,9.076923258535832,Pave,Reg,Lvl,AllPub,Inside,Gtl,CollgCr,Norm,Norm,1Fam,2Story,6,5,1998,1998,Gable,CompShg,VinylSd,VinylSd,4.762173934797756,TA,TA,PConc,Gd,TA,No,GLQ,6.226536669287466,Unf,5.703782474656201,GasA,Ex,Y,SBrkr,6.690842277418564,6.778784897685177,3,0.6931471805599453,Gd,Typ,0,NA,Attchd,RFn,2,TA,TA,Y,0.0,0.0,0.0,6,2010,WD,Normal,200500,9.219597393238859,2.5,4.356708826689592,12,12,0
1124,3.044522437723423,RL,3.9318256327243257,9.149103062504993,Pave,Reg,Lvl,AllPub,Inside,Gtl,Edwards,Norm,Norm,1Fam,1Story,5,9,1947,2008,Hip,CompShg,VinylSd,VinylSd,0.0,TA,Ex,CBlock,TA,TA,No,Unf,0.0,Unf,6.54965074223381,GasA,Ex,Y,SBrkr,6.54965074223381,0.0,2,0.6931471805599453,TA,Typ,0,NA,NA,NA,0,NA,NA,Y,0.0,0.0,0.0,6,2009,WD,Normal,118000,8.157943507105037,1.5,5.303304908059076,62,1,1
1397,3.044522437723423,RL,4.454347296253507,10.954326659732555,Pave,IR1,Bnk,AllPub,Inside,Sev,Timber,Norm,Norm,1Fam,1Story,5,5,1948,1950,Gable,CompShg,Wd Sdng,Wd Sdng,0.0,TA,TA,CBlock,TA,TA,Av,BLQ,5.869296913133774,Rec,4.110873864173311,GasA,TA,Y,SBrkr,7.431299675155903,0.0,3,0.6931471805599453,TA,Min1,2,TA,Detchd,Unf,2,TA,TA,N,0.0,0.0,0.0,6,2010,WD,Normal,160000,9.040263541598666,2.0,3.9318256327243257,62,60,1
88,5.081404364984463,FV,3.713572066704308,8.281977058867758,Pave,Reg,Lvl,AllPub,Corner,Gtl,Somerst,Norm,Norm,TwnhsE,2Story,6,5,2009,2009,Gable,CompShg,VinylSd,VinylSd,4.343805421853684,Gd,TA,PConc,Gd,TA,Av,Unf,0.0,Unf,6.418364935936212,GasA,Ex,Y,SBrkr,6.418364935936212,6.418364935936212,2,0.6931471805599453,Gd,Typ,0,NA,Detchd,RFn,2,TA,TA,Y,0.0,0.0,0.0,6,2009,New,Partial,164500,8.901775088607979,2.5,5.459585514144159,0,0,0
331,4.51085950651685,RL,4.324132656254979,9.270964993792617,Pave,IR1,Lvl,AllPub,Inside,Gtl,NAmes,Norm,Norm,Duplex,1Story,5,4,1964,1964,Gable,CompShg,HdBoard,HdBoard,4.442651256490317,TA,TA,CBlock,TA,TA,No,GLQ,3.713572066704308,Rec,7.261927092702751,GasA,TA,Y,SBrkr,7.455298485683291,0.0,6,1.0986122886681098,TA,Typ,0,NA,Detchd,Unf,1,TA,TA,Y,5.049856007249537,0.0,0.0,11,2007,WD,Normal,119000,9.0642735958414,2.5,0.0,43,43,0
1239,3.044522437723423,RL,4.1588830833596715,9.47830431356186,Pave,Reg,Lvl,AllPub,Inside,Gtl,SawyerW,RRAe,Norm,1Fam,1Story,6,5,2005,2005,Gable,CompShg,VinylSd,VinylSd,0.0,Gd,TA,PConc,Gd,TA,No,Unf,0.0,Unf,7.040536390215956,GasA,Ex,Y,SBrkr,7.040536390215956,0.0,3,0.6931471805599453,TA,Typ,0,NA,Detchd,Unf,2,TA,TA,Y,0.0,0.0,0.0,3,2006,WD,Abnorml,142500,8.831565879121063,1.5,0.0,1,1,0
467,3.044522437723423,RL,4.454347296253507,9.271341393533582,Pave,Reg,Lvl,AllPub,Inside,Gtl,NAmes,Norm,Norm,1Fam,1Story,7,5,1970,1970,Flat,Tar&Grv,Plywood,Plywood,0.0,TA,Gd,CBlock,TA,Gd,Gd,GLQ,6.658011045870748,Unf,6.214608098422191,GasA,TA,Y,SBrkr,7.15305163493748,0.0,2,0.6931471805599453,TA,Typ,1,Po,Attchd,Unf,2,TA,TA,Y,0.0,0.0,0.0,4,2007,WD,Normal,167000,9.09829086816756,2.0,5.176149732573829,37,37,0
122,3.9318256327243257,RM,3.9318256327243257,8.709630081951286,Pave,Reg,Lvl,AllPub,Inside,Gtl,IDOTRR,Norm,Norm,1Fam,1.5Fin,4,5,1939,1950,Gable,CompShg,AsbShng,AsbShng,0.0,TA,TA,PConc,TA,TA,No,Unf,0.0,Unf,6.597145701886651,GasA,Gd,Y,SBrkr,6.650279048587422,5.863631175598097,3,0.6931471805599453,TA,Typ,0,NA,Detchd,Unf,1,TA,TA,P,0.0,0.0,0.0,6,2007,WD,Normal,100000,8.41027590907016,1.0,4.948759890378168,68,57,1
1045,3.044522437723423,RL,4.394449154672439,9.169622538697624,Pave,Reg,Lvl,AllPub,Inside,Gtl,NWAmes,PosN,Norm,1Fam,1Story,8,5,1981,1981,Hip,WdShngl,BrkFace,BrkFace,0.0,Gd,TA,PConc,Gd,TA,No,ALQ,7.007600613951853,Unf,7.259116128097101,GasA,TA,Y,SBrkr,7.83399634170946,0.0,4,0.6931471805599453,Gd,Typ,1,Gd,Attchd,Fin,2,TA,TA,Y,6.163314804034641,0.0,0.0,7,2009,WD,Normal,278000,9.913091288678823,3.5,4.795790545596741,28,28,0
1096,3.044522437723423,RL,4.3694478524670215,9.139703292376742,Pave,IR1,Lvl,AllPub,Inside,Gtl,CollgCr,Norm,Norm,1Fam,1Story,6,5,2006,2006,Gable,CompShg,VinylSd,VinylSd,0.0,Gd,TA,PConc,Gd,TA,No,GLQ,3.2188758248682006,Unf,7.1631723908466425,GasA,Gd,Y,SBrkr,7.181591944611865,0.0,3,0.6931471805599453,Gd,Typ,1,Gd,Attchd,RFn,2,TA,TA,Y,0.0,0.0,0.0,3,2007,WD,Normal,176432,8.972717499397138,2.0,3.1354942159291497,1,1,0
1131,3.9318256327243257,RL,4.189654742026425,8.962519832949532,Pave,Reg,Lvl,AllPub,Inside,Gtl,SWISU,Norm,Norm,1Fam,1.5Fin,4,3,1928,1950,Gable,CompShg,WdShing,Plywood,0.0,TA,TA,BrkTil,TA,TA,No,BLQ,6.434546518787453,Unf,6.2166061010848646,GasA,TA,Y,SBrkr,7.192182058713246,6.483107351457199,4,0.6931471805599453,Gd,Min2,2,TA,Detchd,Unf,2,TA,TA,Y,6.068425588244111,0.0,0.0,12,2009,WD,Normal,135000,8.977777598745481,3.0,3.8066624897703196,81,59,1
1295,3.044522437723423,RL,4.110873864173311,9.00859131751613,Pave,Reg,Lvl,AllPub,Inside,Gtl,Edwards,Norm,Norm,1Fam,1Story,5,7,1955,1990,Hip,CompShg,WdShing,Plywood,0.0,TA,TA,CBlock,TA,TA,No,Rec,5.123963979403259,Unf,6.548219102762372,GasA,TA,Y,SBrkr,6.762729506931879,0.0,2,0.6931471805599453,TA,Typ,0,NA,Detchd,Unf,2,TA,TA,N,0.0,0.0,0.0,4,2006,WD,Normal,115000,8.371242135931933,2.0,0.0,51,16,1
861,3.9318256327243257,RL,4.02535169073515,8.941545475242885,Pave,Reg,Lvl,AllPub,Corner,Gtl,Crawfor,Norm,Norm,1Fam,1.5Fin,7,8,1918,1998,Gable,CompShg,Wd Sdng,Wd Sdng,0.0,Gd,TA,BrkTil,TA,TA,No,Unf,0.0,Unf,6.816735880594968,GasA,Gd,Y,SBrkr,6.816735880594968,6.244166900663736,3,0.6931471805599453,Gd,Typ,1,Gd,Detchd,Unf,1,TA,TA,Y,0.0,0.0,0.0,6,2007,WD,Normal,189950,9.208638925336425,1.5,5.484796933490655,89,9,1
1127,4.795790545596741,RL,3.9889840465642745,8.212025804623437,Pave,Reg,Lvl,AllPub,Inside,Gtl,Blmngtn,Norm,Norm,TwnhsE,1Story,7,5,2007,2007,Hip,CompShg,VinylSd,VinylSd,4.875197323201151,Gd,TA,PConc,Gd,TA,No,Unf,0.0,Unf,7.2254814727822945,GasA,Ex,Y,SBrkr,7.349873704738337,0.0,2,0.6931471805599453,Gd,Typ,1,TA,Attchd,Fin,3,TA,TA,Y,4.969813299576001,0.0,0.0,6,2009,WD,Normal,174000,9.295232838994146,2.0,3.044522437723423,2,2,0
